0,1,2,3,4,5,6,7,8,9,10,11,12,13,14,15
-1.2555177013266634,0.6223743142444571,-0.033299534946362196,1.4614824292123698,-0.35941493924567847,0.5829222017135578,-0.19296952411517532,-1.4597188342103606,0.6992288799489359,1.3220375212571898,-0.4694205089734431,-0.4681617386926295,-0.42218034677622307,0.011279496422341896,-0.3370025136428096,-1.5705386239064894
-1.523991980709045,0.36888508034149486,-0.2248874200736283,0.3342588915081792,2.0034319329452503,0.5829222017135578,-0.19296952411517532,-1.4597188342103606,1.2091757131948027,0.7948800156361522,-0.5054918369330378,-0.5033394754450062,-0.3619383684768374,-1.2557971322086978,-1.690440097196786,0.6269904411662411
-0.15991133744599392,0.43801850776957557,0.1103913788990878,1.170177470030388,0.6165435514418792,0.5829222017135578,-0.19296952411517532,-1.391017290996721,1.2091757131948027,0.7948800156361522,-0.5212361279107642,-0.5001707272908508,-0.35049350064285867,-1.5243254031947089,-1.2619379052772528,1.5577774438747907
0.14848196336003622,1.0371748788129405,-0.06523084913423978,1.018192273935441,-0.35941493924567847,0.5829222017135578,-0.19296952411517532,-1.391017290996721,1.2091757131948027,0.7948800156361522,-0.45945441572546974,-0.465878794724788,-0.4272221454771031,-0.15997043606875702,-0.18339717576881667,-1.226242098803671
-0.2554012260437826,0.737596693291258,-0.2248874200736283,0.8282107788167571,-0.35941493924567847,0.5829222017135578,-0.19296952411517532,-1.391017290996721,1.2091757131948027,0.7948800156361522,-0.4214287835469999,-0.49946545578060586,-0.413427500019584,0.14848488426814738,-0.3035827765790034,-0.21429105720725855
0.10422617610865437,0.3919295561508554,0.6053267488111919,1.7907836874180887,-0.35941493924567847,0.5829222017135578,-0.19296952411517532,-1.391017290996721,1.2091757131948027,0.7948800156361522,-0.41495996102927124,-0.47857852767742665,-0.3768411728532854,-0.25547952819035313,-0.11551410695208703,0.705186409722273
1.5450933232640132,0.6684632658631773,2.44137731461416,1.7401219553864395,-0.35941493924567847,0.5829222017135578,-0.19296952411517532,-1.391017290996721,1.2091757131948027,0.7948800156361522,-0.3862392227433366,-0.46729962984553997,-0.24014816631606925,0.1042201969428773,0.010190745346440233,2.3800297106963604
0.8305646470123057,1.659375725665665,2.329617714956588,0.18227369541323224,-0.35941493924567847,0.5829222017135578,-0.19296952411517532,-1.391017290996721,1.2091757131948027,0.7948800156361522,-0.3263498615652898,-0.5033601213568881,-0.23368698581569336,1.5453771101349338,-1.2579928960955702,1.5368891356612095
-0.6451181873462409,1.6824202014750247,0.17425400727484297,0.24560086045279353,-0.35941493924567847,0.5829222017135578,-0.19296952411517532,-1.391017290996721,1.2091757131948027,0.7948800156361522,-0.4073081435375466,-0.5190996824784099,-0.3510889088944779,0.8307047383710946,-1.526755773441901,0.054723678078142074
0.4382341332128003,0.46106298357893566,1.259918689662685,1.7654528214022644,-0.35941493924567847,0.5829222017135578,-0.19296952411517532,-1.3223157477830814,1.2091757131948027,0.7948800156361522,-0.44576594031114253,-0.4573365305836439,-0.46555506821578885,-0.6452748636437757,-0.16120880388042813,-1.3206114110799825
1.8480046102206824,1.1063083062410204,1.1800904041929907,1.6514639243310538,-0.35941493924567847,0.5829222017135578,-0.19296952411517532,-1.3223157477830814,1.2091757131948027,0.7948800156361522,-0.4061238856855344,-0.4193223219600707,-0.4815685936745121,0.43829532482133554,0.14751600607021334,-1.5536214295558568
2.096598577451762,1.498064395000144,1.0204338332536023,1.1955083360462129,-0.35941493924567847,0.5829222017135578,-0.19296952411517532,-1.3223157477830814,1.2091757131948027,0.7948800156361522,-0.3369337101166851,-0.41285544278805153,-0.35747700205792354,1.8483493141603737,-0.2568013398807556,0.748346610318472
0.7744563347228373,1.4289309675720632,0.23811663565059815,1.1575120370224758,-0.35941493924567847,0.5829222017135578,-0.19296952411517532,-1.3223157477830814,1.2091757131948027,0.7948800156361522,-0.3760304793632878,-0.3841433327066118,-0.4068963510678344,2.0969932749587117,0.10321264580690981,0.4012579874331246
1.1202659824401744,1.0371748788129405,1.9145106305141775,0.030288499318285013,-0.35941493924567847,0.5829222017135578,-0.19296952411517532,-1.3223157477830814,1.2091757131948027,0.7948800156361522,-0.4248603713505554,-0.32427196332425506,-0.3950117453393719,0.7745851424019962,1.5456286613527415,-0.0962853320721617
-0.08639554992032686,1.7054646772843851,0.7490176626566418,0.7775490467851082,4.67447622324804,0.5829222017135578,-0.19296952411517532,-1.3223157477830814,1.2091757131948027,0.7948800156361522,-0.4878347648160505,-0.4052059240341037,-0.3796165462687871,1.1204643342763145,0.8303318984089906,-0.1938327819110686
0.3258557962242387,1.5211088708095035,2.2338237723929546,1.3981552641728086,-0.25668246654172505,0.5829222017135578,-0.19296952411517532,-1.3223157477830814,1.2091757131948027,0.7948800156361522,-0.4757604130205077,-0.44365216742311464,-0.44319804645790956,-0.08643986412772725,-0.6469372296623483,-0.3199798037184875
0.8080402080359289,1.336753064334622,0.6691893771869476,1.4741478622202824,-0.35941493924567847,0.5829222017135578,-0.19296952411517532,-1.2536142045694416,1.2091757131948027,0.7948800156361522,-0.44086529181827466,-0.40402202195354914,-0.47546709871823245,0.32589438795228937,0.4375796466771284,-1.5898750742007735
0.5010724813192057,1.382842015953343,0.030563093429393548,-0.8056300792039239,-0.35941493924567847,0.5829222017135578,-0.19296952411517532,-1.2536142045694416,1.2091757131948027,0.7948800156361522,-0.381704953687644,-0.33485263230523915,-0.49140990641892296,0.8081757696103974,1.8488655645318437,-1.7103106869543727
0.37632590773571145,1.4058864917627028,0.1263570359930263,-0.8689572442434853,-0.35941493924567847,0.5829222017135578,-0.19296952411517532,-1.2536142045694416,1.2091757131948027,0.7948800156361522,-0.39535179359050304,-0.37393765620891967,-0.41179248204259955,0.5011463100533214,2.097726759271488,-0.3058737708432161
1.36552882137937,1.5211088708095035,1.0363994903475406,1.271500934093686,-0.35941493924567847,0.5829222017135578,-0.19296952411517532,-1.2536142045694416,1.2091757131948027,0.7948800156361522,-0.395467117450973,-0.42275287885554097,-0.44269330760550024,0.37637464927126746,0.7741632721679412,0.5802195038237258
1.3703901395335132,1.336753064334622,0.7809489768445195,1.271500934093686,-0.35941493924567847,0.5829222017135578,-0.19296952411517532,-1.2536142045694416,1.2091757131948027,0.7948800156361522,-0.36845148876612166,-0.48570835372850724,-0.35146824602127724,1.3657764968751749,1.1203446499462542,2.0271816529156172
1.1359148812674975,1.498064395000144,2.5052399429899155,0.6762255827218101,-0.35941493924567847,0.5829222017135578,-0.19296952411517532,-1.2536142045694416,1.2091757131948027,0.7948800156361522,-0.36893577895065977,-0.4736376292762241,-0.3451485341703693,1.3706387926662207,-0.08761399013799707,2.359300144386638
1.2636139035139768,2.0050428628060675,2.377514686238404,-0.37500535693490733,0.051514951570135296,0.5829222017135578,-0.19296952411517532,-1.2536142045694416,1.2091757131948027,0.7948800156361522,-0.38729755031384366,-0.43875299116946753,-0.302018084092089,1.1361163801803136,0.32508050795172444,1.2494339436451363
1.0602367888570259,2.189398669280949,1.4195752606020735,-1.2615856674887653,-0.35941493924567847,0.5829222017135578,-0.19296952411517532,-1.184912661355802,1.2091757131948027,0.7948800156361522,-0.37800435397555443,-0.3796104258234462,-0.45999925356384386,1.2638410833784612,0.8077832466579574,-0.3478549553589723
-0.044292121688012734,0.9910859271942198,-0.04926519204030071,0.8535416448325815,0.4624448423859491,0.5829222017135578,-0.19296952411517532,-1.184912661355802,1.2091757131948027,0.7948800156361522,-0.41007526091401403,-0.393253165980532,-0.4951604415725854,1.0604230685034814,0.5004855432256533,-1.6933945924321712
0.6776480663664791,0.5532408868163764,1.0523651474414797,1.1955083360462129,-0.35941493924567847,0.5829222017135578,-0.19296952411517532,-1.184912661355802,1.2091757131948027,0.7948800156361522,-0.42500193355397786,-0.3933684551957279,-0.49199318409991455,-0.04432796867235628,0.37560487259856645,-1.2673929128523276
0.7854391490568232,1.0141304030035798,0.44567017787180335,0.4862440876031262,-0.35941493924567847,0.5829222017135578,-0.19296952411517532,-1.184912661355802,1.2091757131948027,0.7948800156361522,-0.3706662186419417,-0.36636094247107676,-0.45771738356658564,0.6777574053886584,1.365871135578582,-0.19514597706035408
0.7518107035305984,0.737596693291258,0.6212924059051309,0.8915379438563183,-0.35941493924567847,0.5829222017135578,-0.19296952411517532,-1.184912661355802,1.2091757131948027,0.7948800156361522,-0.3243705970724958,-0.3668450871665015,-0.49128824437216884,0.7855701654382816,1.3707376794345116,-0.3146302382192017
-0.3380845232233187,1.451975443381423,1.8985449734202384,-0.9829461413146956,-0.35941493924567847,0.5829222017135578,-0.19296952411517532,-1.184912661355802,1.2091757131948027,0.7948800156361522,-0.3464412298092005,-0.38520134233728703,-0.4704111421546326,0.7519349570530385,1.1360103706469797,-0.12765903795878839
-1.2820540078499598,0.8297745965286983,0.06249440761727114,1.0941848719829146,3.6985177325604828,0.5829222017135578,-0.19296952411517532,-1.184912661355802,1.3958292087422168,0.07476947116217694,-0.43637541261466645,-0.3759109378352528,-0.4591375502806027,-0.3381794534201381,1.2638466636886483,-0.002687732746504138
0.179550269371882,0.00017346739173218143,0.41373886368392576,0.9295342428800553,-0.35941493924567847,0.5829222017135578,-0.19296952411517532,-1.1162111181421623,1.3958292087422168,0.07476947116217694,-0.4408495378684009,-0.4079722101208478,-0.49518107777196346,-1.2823387753241882,1.0602509276377263,-1.2634709246593938
0.4336085689132173,0.898908023956779,0.36584189240210907,0.8282107788167571,-0.35941493924567847,0.5829222017135578,-0.19296952411517532,-1.1162111181421623,1.3958292087422168,0.07476947116217694,-0.37192514476240196,-0.4228943985312391,-0.5109132344955343,0.1795594382813566,-0.04546530258441359,-1.530665443887778
-0.007406220949461593,0.875863548147419,0.49356714915362,1.0561885729591778,-0.35941493924567847,0.5829222017135578,-0.19296952411517532,-1.1162111181421623,1.3958292087422168,0.07476947116217694,-0.2869949891563454,-0.3685750070038934,-0.44917913798241493,0.43366883029620246,0.6772509392091736,-0.17308708478432408
-0.43447727541100567,0.23061822548533392,-0.28875004844938346,0.9928614079196165,-0.1539499938377716,0.5829222017135578,-0.19296952411517532,-1.1162111181421623,1.3958292087422168,0.07476947116217694,-0.33910349631208075,-0.3222932934366075,-0.41118281247046523,-0.007434649983241031,0.7851578925410848,0.13383617032854225
-0.2807653938714347,0.5762853626257365,0.1103913788990878,-0.48899425400611746,-0.3080487028937018,0.5829222017135578,-0.19296952411517532,-1.1162111181421623,1.3958292087422168,0.07476947116217694,-0.4349319409515892,-0.3443572957750722,-0.4047189755272936,-0.434591590702296,0.7514932979247797,-0.26812179326274255
-0.9223971364657031,0.875863548147419,0.3498762353081706,-0.48899425400611746,-0.3080487028937018,0.5829222017135578,-0.19296952411517532,-1.1162111181421623,1.3958292087422168,0.07476947116217694,-0.4154307831272811,-0.4342644608029101,-0.3760203725498585,-0.2808487968868813,-0.33957351794405277,0.08979134106255253
-1.0694335002671995,1.0602193546223,0.6372580629990694,0.7268873147534589,-0.35941493924567847,0.5829222017135578,-0.19296952411517532,-1.1162111181421623,1.3958292087422168,0.07476947116217694,-0.4607140993539901,-0.4387372419523517,-0.31617716859354866,-0.9226095750327188,-1.284557727973515,1.523790179021308
-0.9269718663403917,0.6454187900538172,0.5414641204354367,0.49890952061103866,-0.35941493924567847,0.5829222017135578,5.18216544599624,-1.0475095749285228,1.3958292087422168,0.07476947116217694,-0.473074802464694,-0.36983355492126213,-0.39707305535405274,-1.0696755086279839,0.1786177091355087,0.8126675099702125
0.36569967110674434,1.0602193546223,0.20618532146272056,0.9421996758879676,-0.35941493924567847,0.5829222017135578,-0.19296952411517532,-1.0475095749285228,1.3958292087422168,0.07476947116217694,-0.4470996917462598,-0.28492891379686874,-0.43550121238833145,-0.9271852249098848,0.43294911010071485,-0.655981056168322
0.26181215653638595,-0.0920044358457086,0.5414641204354367,0.9675305419037921,-0.35941493924567847,0.5829222017135578,-0.19296952411517532,-1.0475095749285228,1.3958292087422168,0.07476947116217694,-0.3831933611329385,-0.3370217666594872,-0.39588971021927777,0.3657462756496712,-0.008539751135648916,0.4222071528200257
0.06033359713944954,0.3227961287227747,-0.08119650622817887,0.5115749536189507,-0.35941493924567847,0.5829222017135578,-0.19296952411517532,-1.0475095749285228,1.3958292087422168,0.07476947116217694,-0.36847131211535866,-0.4328214227835842,-0.3267528600860807,0.26183786874831694,-0.4360698880726643,1.8252575518863368
0.00479625121649423,0.6454187900538172,-0.0013682207584846068,0.8282107788167571,-0.35941493924567847,0.5829222017135578,-0.19296952411517532,-1.0475095749285228,1.3958292087422168,0.07476947116217694,-0.4291669844873909,-0.4133261234429933,-0.36581949713204176,0.060318790942899055,-0.2821927730658533,2.072666524210201
-0.8933518932183135,-0.5068050004141915,1.5473005173535843,0.6762255827218101,-0.35941493924567847,0.5829222017135578,-0.19296952411517532,-1.0475095749285228,1.3958292087422168,0.07476947116217694,-0.44398863183051246,-0.4585958357815042,-0.41461175552116236,0.004770276164682822,-0.9245142413759104,0.7568266541482361
-1.5246215171738007,0.3458406045321348,-0.33664701973120015,0.35958975752400363,0.20561366062606548,0.5829222017135578,-0.19296952411517532,-1.0475095749285228,1.3958292087422168,0.07476947116217694,-0.49861831465548545,-0.47095282552408096,-0.4775376141052401,-0.8935584906326336,-1.0717086627586294,1.1009879003537613
0.2152993944929683,-0.25331576651122967,0.812880291032397,-0.02037323271336406,-0.35941493924567847,0.5829222017135578,-0.19296952411517532,-0.9788080317148832,1.3958292087422168,0.07476947116217694,-0.5228888349032834,-0.444985518176327,-0.4654725681116326,-1.5249550662625915,-0.9290938888826735,-0.09992173148193358
0.348926521085481,0.3227961287227747,0.9246398906899689,-1.248920234480853,-0.35941493924567847,0.5829222017135578,-0.19296952411517532,-0.9788080317148832,1.3958292087422168,0.07476947116217694,-0.4563154597300484,-0.38109838612550634,-0.430604340865441,0.21531575274139214,0.3649672132356875,0.31036449961533086
0.5238967697293504,1.4289309675720632,0.6372580629990694,-0.6663103161168892,0.000148715218158527,0.5829222017135578,-0.19296952411517532,-0.9788080317148832,1.3958292087422168,0.07476947116217694,-0.4665591208793102,-0.36638075986503815,-0.3714895980925069,0.34896975245884526,0.260968024186665,0.7902504402344178
0.5492134184206835,1.1293527820503808,2.090132858547505,0.05561936533410944,-0.35941493924567847,0.5829222017135578,-0.19296952411517532,-0.9788080317148832,1.3958292087422168,0.07476947116217694,-0.4420344583788019,-0.4270581982116089,-0.3851259202639523,0.5239751885491004,0.05927288425860604,0.4847459638004367
-0.10118210535151,0.5993298384350966,-0.12909347750999497,0.6635601497138977,-0.35941493924567847,0.5829222017135578,-0.19296952411517532,-0.9788080317148832,1.3958292087422168,0.07476947116217694,-0.4409933824463332,-0.44187539287656624,-0.38524115524337743,0.549296928552959,0.003675838147635031,0.36059403077091706
-1.0395207565081066,0.06930689481981286,0.36584189240210907,0.7775490467851082,-0.35941493924567847,0.5829222017135578,-0.19296952411517532,-0.9788080317148832,1.3958292087422168,0.07476947116217694,-0.4450104060187565,-0.49648866400382413,-0.3582463477250746,-0.10122939321374884,-0.8954377757779743,1.345081623170352
-1.0542384276099144,-0.06895996003634809,1.3397469751323792,0.6635601497138977,-0.35941493924567847,0.5829222017135578,-0.19296952411517532,-0.9788080317148832,1.3958292087422168,0.07476947116217694,-0.4738838613576207,-0.5207518929692808,-0.3587302646631964,-1.0397567492572344,-1.5273859866304844,1.3499197684481814
0.14331895394513672,0.46106298357893566,1.0523651474414797,-1.3629091315520632,-0.35941493924567847,0.5829222017135578,-0.19296952411517532,-0.9101064885012435,1.3958292087422168,0.07476947116217694,-0.4863750058464657,-0.45419851758467195,-0.377077884458629,-1.054477380160876,0.21440526298334917,1.1165622041874066
0.1746215403499515,0.23061822548533392,-0.8156167325493656,-1.3755745645599755,0.000148715218158527,0.5829222017135578,-0.19296952411517532,-0.9101064885012435,1.3958292087422168,0.07476947116217694,-0.42398485291171617,-0.46443910136167776,-0.3677918504629594,0.14332083654463035,0.34817603282076304,1.2436525121810666
0.10344782002319881,0.3227961287227747,-0.0013682207584846068,-0.10903126376874978,-0.25668246654172505,0.5829222017135578,-0.19296952411517532,-0.9101064885012435,1.3958292087422168,0.07476947116217694,-0.36476010927914715,-0.4399218064922212,-0.39983804009046847,0.17462971806584004,0.5233343667353201,1.0412448532506444
0.08350746431205891,-0.4146270971767507,-0.3845439910130168,-0.6029831510773278,-0.25668246654172505,0.5829222017135578,-0.19296952411517532,-0.9101064885012435,1.3958292087422168,0.07476947116217694,-0.4090187469971311,-0.43888104331689504,-0.4147532086214339,0.10344168432587861,0.5486782297031312,-0.05801900139441888
0.10915564186137139,0.00017346739173218143,-0.36857833391907774,-0.43833252197446865,-0.3080487028937018,-1.7154947899743744,-0.19296952411517532,-0.9101064885012435,1.3958292087422168,0.07476947116217694,-0.4618535640972807,-0.44289686010624413,-0.36045937069041906,0.08349731850328869,-0.10241644046161116,0.6604798503489483
-0.6392611775219791,0.25366270129469404,-0.20892176297968923,-0.03303866572127628,-0.35941493924567847,-1.7154947899743744,-0.19296952411517532,-0.9101064885012435,1.3958292087422168,0.07476947116217694,-0.4313270465627762,-0.47176164136178017,-0.3141994295361287,0.10915065403734088,-1.0417637641243471,0.7677571157272554
-1.064284857102816,-0.7142052826984331,0.36584189240210907,0.49890952061103866,-0.35941493924567847,-1.7154947899743744,-0.19296952411517532,-0.9101064885012435,1.3958292087422168,0.07476947116217694,-0.4032141353843189,-0.4842490332956612,-0.33625305225520985,-0.6394166759437276,-1.0564972560709818,0.7342889698942613
0.1618713088375443,-0.23027129070186955,0.4297045207778648,0.4355823555714774,-0.35941493924567847,-1.7154947899743744,-0.19296952411517532,-0.8414049452876039,1.3958292087422168,0.07476947116217694,-0.44015415347491577,-0.42187762343752155,-0.42611792204855087,-1.0645258300441123,0.14234744664877905,-0.3504109566378229
0.36325335650026863,-0.0920044358457086,0.7809489768445195,0.4355823555714774,-0.35941493924567847,-1.7154947899743744,-0.19296952411517532,-0.8414049452876039,1.3958292087422168,0.07476947116217694,-0.36723530779275676,-0.36267067193808394,-0.43058859905726565,0.1618769224141507,0.1736836819480934,-1.2898807382173272
0.08675386856245208,0.3919295561508554,1.3716782893202568,-0.50165968701403,-0.35941493924567847,-1.7154947899743744,-0.19296952411517532,-0.8414049452876039,1.2091757131948029,-0.645341073311798,-0.382608410000392,-0.4069160135989439,-0.3617173265461955,0.36329946907633415,0.1024334530231232,0.16475638029119619
-0.5176493934733504,0.2767071771040545,-0.5122692477645278,0.35958975752400363,-0.3080487028937018,-1.7154947899743744,-0.19296952411517532,-0.8414049452876039,1.2091757131948029,-0.645341073311798,-0.42814441033287187,-0.45973495820995863,-0.2768526273074695,0.08674437562282042,0.08247166231242992,0.41760363760795294
-1.618866699092594,-0.829427661745234,0.07846006471120964,0.34692432451609123,-0.35941493924567847,-1.7154947899743744,5.18216544599624,-0.8414049452876039,1.2091757131948029,-0.645341073311798,-0.4498936389467873,-0.42921761136713976,-0.3289209740094638,-0.5177804351193657,0.10814741051706464,-0.02130892794970795
-1.2425365047098647,-0.7142052826984331,0.49356714915362,0.19493912842114422,-0.35941493924567847,-1.7154947899743744,5.18216544599624,-0.8414049452876039,1.2091757131948029,-0.645341073311798,-0.47014328016236245,-0.4011131457914444,-0.42467556288092045,-1.6192192013880675,-0.6410739238118376,-0.44634422494620585
-1.2656492232264458,-0.3224491939393103,-0.30471570554332256,-0.61564858408524,-0.35941493924567847,-1.7154947899743744,-0.19296952411517532,-0.8414049452876039,1.2091757131948029,-0.645341073311798,-0.4520801200238927,-0.4380420664643163,-0.40518943475885194,-1.2428133250043076,-1.0665544850307944,-0.29336505546248937
-0.9932120688950462,-0.0920044358457086,-0.3206813626372616,-0.21035472783204792,-0.35941493924567847,-1.7154947899743744,5.18216544599624,-0.7727034020739643,1.2091757131948029,-0.645341073311798,-0.47360322958768136,-0.3651451268594249,-0.45043785076243364,-1.2659306916113495,0.160919744501312,-0.9319382751338129
-0.0463557046462177,0.18452927386661375,-0.49630359067058866,-1.3629091315520632,-0.35941493924567847,-1.7154947899743744,-0.19296952411517532,-0.7727034020739643,1.2091757131948029,-0.645341073311798,-0.5013974752904726,-0.38051361072235573,-0.4627890273778957,-0.9934387487211188,0.36251826894931755,-1.0782737476617963
0.09320099975391209,0.3919295561508554,-0.4324409622948335,-0.261016459863697,1.0788396786096697,-1.7154947899743744,-0.19296952411517532,-0.7727034020739643,1.2091757131948029,-0.645341073311798,-0.4667688529263116,-0.4260359312559797,-0.43683393589028124,-0.0463919666280552,0.08572155630366148,-0.936491198237952
0.23030549570121273,-0.6681163310797129,-0.20892176297968923,-0.4763288209982053,-0.35941493924567847,-1.7154947899743744,-0.19296952411517532,-0.7727034020739643,1.2091757131948029,-0.645341073311798,-0.43585419851818086,-0.4477786260269898,-0.3729768584099788,0.09319280336660804,-0.5193314124795771,0.35001844716635133
0.06545129761042402,-0.691160806889073,-0.27278439135544497,0.15694282939740758,-0.35941493924567847,-1.7154947899743744,-0.19296952411517532,-0.7727034020739643,1.2091757131948029,-0.645341073311798,-0.43585593478810936,-0.4680221839015444,-0.35826615579629373,0.23032487175629693,-1.6217324779472444,0.24662614242373074
-0.7979198379879636,0.00017346739173218143,0.5254984633414976,0.030288499318285013,-0.35941493924567847,-1.7154947899743744,-0.19296952411517532,-0.7727034020739643,1.2091757131948029,-0.645341073311798,-0.43208606173689634,-0.4499644502475175,-0.4189150495159402,0.06543752061062177,-1.2449977452671357,0.04610798874161434
-1.2601403187030593,0.11539584643853305,-0.33664701973120015,-0.15969299580039883,-0.35941493924567847,-1.7154947899743744,-0.19296952411517532,-0.7727034020739643,1.2091757131948029,-0.645341073311798,-0.4531416041967538,-0.47148109389845844,-0.43372527369392083,-0.7981072435090737,-1.2681353089328335,-0.00916462238985748
0.31259979902071794,-0.9907389924107552,-0.20892176297968923,0.030288499318285013,-0.35941493924567847,-1.7154947899743744,-0.19296952411517532,-0.7040018588603246,1.2091757131948029,-0.645341073311798,-0.46119749147525346,-0.4992669897310856,-0.48831285297439153,-1.260420679218002,-0.9954052967223662,-0.9030314844229445
0.5104562214615542,-0.25331576651122967,0.6851550342808861,-0.7929646461960117,0.051514951570135296,0.5829222017135578,-0.19296952411517532,-0.7040018588603246,1.2091757131948029,-0.645341073311798,-0.40211428234939234,-0.46464877040155966,-0.5125646677332226,0.31263572489731956,-0.04753110380293589,-1.5312919794852442
0.42798326092413774,0.5301964110070163,1.148159090005113,-0.23568559384787235,0.25697989697804213,0.5829222017135578,-0.19296952411517532,-0.7040018588603246,1.2091757131948029,-0.645341073311798,-0.3893671526583545,-0.433743403288117,-0.44604260120611783,0.5105319373156559,0.09217561787571306,0.20033509688757956
0.4474333222908702,0.9219524997661391,-0.4164753052008944,-0.4763288209982053,-0.35941493924567847,0.5829222017135578,-0.19296952411517532,-0.7040018588603246,1.2091757131948029,-0.645341073311798,-0.3886009620633512,-0.4337451390364401,-0.45627836748173656,0.4280423910278065,0.22942749508601473,0.33332525120662276
0.7490122316038746,-0.3454936697486704,-0.5282349048584662,-0.9069535432672221,-0.35941493924567847,0.5829222017135578,-0.19296952411517532,-0.7040018588603246,1.2091757131948029,-0.645341073311798,-0.31155885196991323,-0.4299763985200276,-0.43177260633971326,0.44749636390519204,0.06439608603100658,0.5074614536511148
-0.8178248306209239,0.43801850776957557,0.23811663565059815,-0.6029831510773278,0.5651773150899024,0.5829222017135578,-0.19296952411517532,-0.7040018588603246,1.2091757131948029,-0.645341073311798,-0.3653303944848633,-0.4510256155322491,-0.4307323327730022,0.7491359223387457,-0.7999031353133953,0.5326574232282234
-1.0096286412112854,-0.4376715729861112,-0.911410675112999,-0.46366338799029305,1.2843046240175766,0.5829222017135578,-0.19296952411517532,-0.7040018588603246,1.2091757131948029,-0.645341073311798,-0.428366733222545,-0.45907908268344794,-0.43474626039241976,-0.8180162391417811,-1.2626204825809848,-0.11463780252817214
0.42962285530953565,-1.0598724198388358,-0.6719258187039162,-0.24835102685578478,0.000148715218158527,0.5829222017135578,-0.19296952411517532,-0.635300315646685,1.2091757131948029,-0.645341073311798,-0.44121465799936577,-0.4000136231713145,-0.4635974627224994,-1.0098586224972501,0.3118102611381038,-1.0485035916308374
0.5237324787619531,-1.1750947988856366,-0.4324409622948335,-0.10903126376874978,-0.35941493924567847,0.5829222017135578,-0.19296952411517532,-0.635300315646685,1.2091757131948029,-0.645341073311798,-0.3678232027554264,-0.38727032293760466,-0.47607898018386285,0.4296823151443443,0.5098793704732006,-1.0631511067047419
0.5697715229038605,-0.5759384278422721,-0.14505913460393405,-0.9576152752988711,-0.35941493924567847,0.5829222017135578,-0.19296952411517532,-0.635300315646685,1.2091757131948029,-0.645341073311798,-0.3935604205674757,-0.3865043625194538,-0.413736911851563,0.5238108645419169,0.42731775515460096,0.12869777188844117
0.413975798309201,0.13844032224789315,-0.1929561058857507,-0.9069535432672221,-0.35941493924567847,0.5829222017135578,-0.19296952411517532,-0.635300315646685,1.2091757131948029,-0.645341073311798,-0.3435793708054858,-0.3094853972029356,-0.354557813214539,0.5698591673801452,0.4467887244761738,0.15985114547894055
0.395335035721333,0.6454187900538172,0.1103913788990878,-0.8689572442434853,-0.35941493924567847,0.5829222017135578,-0.19296952411517532,-0.635300315646685,1.2091757131948029,-0.645341073311798,-0.35380349910288283,-0.36324078582030117,-0.3987823404375245,0.41403211143773494,0.7486918177646338,0.08901669523606882
-0.6675582706465291,0.00017346739173218143,-0.8635137038311823,-1.4135708635837123,0.41107860603397234,0.5829222017135578,5.18216544599624,-0.635300315646685,1.2091757131948029,-0.645341073311798,-0.34516462035942885,-0.4262581873560273,-0.45157643731090324,0.39538760009349705,-0.8198295249321655,0.06917139098667177
-0.9317355676641287,-0.27636024232058976,-0.7996510754554269,-1.1096004713938181,1.4384033330735069,0.5829222017135578,-0.19296952411517532,-0.635300315646685,1.2091757131948029,-0.645341073311798,-0.42966660259301137,-0.43910225239494,-0.42107344681377207,-0.6677194597640096,-1.0118395161270206,0.09469730909375472
0.5150121647009615,-0.25331576651122967,-0.8475480467372436,-0.8056300792039239,0.667909787793856,0.5829222017135578,-0.19296952411517532,-0.5665987724330454,1.2091757131948029,-0.645341073311798,-0.4057520874789382,-0.3657328452083213,-0.3929822024864785,-0.9319498842392611,0.42895911203137205,-0.650151965472149
0.8676793026628652,-0.3454936697486704,-0.7038571328917939,-0.7296374811564504,0.051514951570135296,0.5829222017135578,-0.19296952411517532,-0.5665987724330454,1.2091757131948029,-0.645341073311798,-0.2473643160293127,-0.39146233111681716,-0.42989375060223456,0.5150887967794483,0.5231698991624066,-1.073149646991331
0.8803860670583326,-0.9676945166013949,-0.5282349048584662,-0.261016459863697,-0.35941493924567847,0.5829222017135578,-0.19296952411517532,-0.5665987724330454,1.2091757131948029,-0.645341073311798,-0.26668345380653424,-0.3414962965230976,-0.3570311040723582,0.8678268579760461,0.5692584332384413,0.14716169162568699
0.8697008919657291,-1.1981392746949966,-0.12909347750999497,-0.2990127588874336,-0.35941493924567847,0.5829222017135578,-0.19296952411517532,-0.5665987724330454,1.2091757131948029,-0.645341073311798,-0.3184002842507449,-0.3517173533162438,-0.37239235810406657,0.8805361777693275,0.4132952351375173,0.3475837936246328
0.40076179476102347,-0.8524721375545941,0.4297045207778648,-0.3243436249032583,-0.35941493924567847,0.5829222017135578,-0.19296952411517532,-0.5665987724330454,0.6992288799489359,-1.1724985789328362,-0.32432180619890166,-0.3430810698407688,-0.41789326346770694,0.8698488538312568,0.3946344345551655,0.07240232031405563
-0.9118324168581579,0.00017346739173218143,0.28601360693241484,-1.0842696053779937,-0.35941493924567847,0.5829222017135578,-0.19296952411517532,-0.5665987724330454,0.6992288799489359,-1.1724985789328362,-0.25699247090788446,-0.42755766622334457,-0.4396257297727917,0.4008154504832555,-0.6694014350586756,-0.5291198790982474
-0.8569190819189987,-0.4376715729861112,-0.3526126768251392,-0.43833252197446865,-0.35941493924567847,0.5829222017135578,-0.19296952411517532,-0.5665987724330454,0.6992288799489359,-1.1724985789328362,-0.430680892631839,-0.4036503354415384,-0.4598597644238402,-0.9120427308039443,-0.9338627109744262,-1.625087914538366
0.11130210703407818,-0.9446500407920349,0.3019792640263539,-0.38767078994281956,-0.35941493924567847,0.5829222017135578,-0.19296952411517532,-0.4978972292194057,0.6992288799489359,-1.1724985789328362,-0.3923241243452182,-0.2453101464066804,-0.4418105257110023,-0.8571183525014475,0.5144402111498813,-1.2505516066635922
0.21145292300963706,-0.552893952032912,-0.36857833391907774,-0.9576152752988711,-0.20531623018974834,0.5829222017135578,-0.19296952411517532,-0.4978972292194057,0.6992288799489359,-1.1724985789328362,-0.4069761389126455,-0.2646234803821422,-0.46331704723776634,0.1112975508755952,0.867486450671166,-1.2735541517353424
0.6083294341828086,-0.4837605246048314,-0.6719258187039162,-0.8942881102593099,0.000148715218158527,0.5829222017135578,-0.19296952411517532,-0.4978972292194057,0.6992288799489359,-1.1724985789328362,-0.4183802454078758,-0.3163247741996667,-0.49108987168748885,0.21146850771221443,0.8802068742757813,-1.0024156477453605
0.7641719411829802,-0.29940471812994984,-0.7677197612675493,-0.9829461413146956,0.20561366062606548,0.5829222017135578,-0.19296952411517532,-0.4978972292194057,0.6992288799489359,-1.1724985789328362,-0.4293109041078498,-0.32224451722063224,-0.45648793788652964,0.6084248328598584,0.869510213093027,-0.06007274768875253
0.7569184581358361,-0.25331576651122967,-0.7198227899857326,-1.1096004713938181,-0.3080487028937018,0.5829222017135578,-0.19296952411517532,-0.4978972292194057,0.6992288799489359,-1.1724985789328362,-0.40473505347325595,-0.254935408821682,-0.4255971096560433,0.764298680615971,0.40006702712056014,0.07881871939357774
-0.9200046032073,0.2767071771040545,-0.27278439135544497,-0.9322844092830466,-0.35941493924567847,0.5829222017135578,-0.19296952411517532,-0.4978972292194057,0.6992288799489359,-1.1724985789328362,-0.4047866318595316,-0.4285716515519734,-0.4255988445878143,0.757043738854858,-0.9139381651625278,0.21526966718255605
-1.25637893962661,0.2767071771040545,-0.6080631903281605,-1.1096004713938181,1.8493332238893205,0.5829222017135578,-0.19296952411517532,-0.4978972292194057,0.6992288799489359,-1.1724985789328362,-0.48088326802476716,-0.39022640629923994,-0.42183187700867386,-0.9202165606231691,-0.8589658008195331,0.05120129421595111
0.21184928417761803,0.18452927386661375,-0.7198227899857326,-0.856291811235573,0.30834613333001887,0.5829222017135578,-0.19296952411517532,-0.4291956860057661,0.6992288799489359,-1.1724985789328362,-0.5316707542616969,-0.4048740191491107,-0.44287119178930756,-1.2566585437082411,0.11029618304479984,-0.808054333632524
0.622380363914681,0.2767071771040545,-0.48033793357665017,-1.1096004713938181,-0.35941493924567847,0.5829222017135578,-0.19296952411517532,-0.4291956860057661,0.6992288799489359,-1.1724985789328362,-0.4096072684383857,-0.4162746996543145,-0.4509208703294255,0.21186494859053162,0.21055465671347137,-1.2680715069956396
1.1816098721278976,-1.221183750504357,-1.214758159897837,-0.754968347172275,1.38703709672153,0.5829222017135578,-0.19296952411517532,-0.4291956860057661,0.6992288799489359,-1.1724985789328362,-0.4105722510127714,-0.4272020745961348,-0.3918831971173045,0.6224785883083337,0.6078577925649077,0.29717169094913143
1.0574250557759803,-0.9907389924107552,-0.9273763322069378,-1.00827700733052,0.7706422604978095,0.5829222017135578,-0.19296952411517532,-0.4291956860057661,0.6992288799489359,-1.1724985789328362,-0.36841983058895966,-0.4026336069703898,-0.37914589174364266,1.181820560546092,0.7638678233603583,0.49408497363656273
1.0540920856571203,-0.02287100841762791,-0.9433419893008766,-1.0716041723700815,0.102881187922112,0.5829222017135578,-0.19296952411517532,-0.4291956860057661,0.6992288799489359,-1.1724985789328362,-0.3484818438489554,-0.4026851698616298,-0.37838029165801357,1.0576107699679782,0.7566065431400781,0.41200514427327883
-0.27465936903828847,-0.06895996003634809,-0.6719258187039162,-0.5396559860377665,-0.35941493924567847,0.5829222017135578,-0.19296952411517532,-0.4291956860057661,0.6992288799489359,-1.1724985789328362,-0.37416086631140144,-0.4787589452865993,-0.30139755855054967,1.0542771295711237,-0.9221191362501812,0.43136249130779586
-0.6606727846317362,-0.9676945166013949,0.014597436335454472,-0.5523214190456788,-0.35941493924567847,0.5829222017135578,-0.19296952411517532,-0.4291956860057661,0.6992288799489359,-1.1724985789328362,-0.3562384730837188,-0.5295311740878506,-0.3551276588967709,-0.27474154409970797,-1.2588550601885589,0.7315038376918199
0.4906691057558795,-1.0137834682201154,-0.0013682207584846068,-0.5649868520535912,-0.35941493924567847,0.5829222017135578,-0.19296952411517532,-0.36049414279212644,0.6992288799489359,-1.1724985789328362,-0.39296243894385596,-0.4075043582382203,-0.418115415011306,-0.6608325890414058,0.2109514439521595,-0.8278644433720619
0.911392487683355,-0.39158262136739064,-0.6719258187039162,-1.4515671626074491,-0.35941493924567847,0.5829222017135578,-0.19296952411517532,-0.36049414279212644,0.6992288799489359,-1.1724985789328362,-0.32238541675586074,-0.40846905091521885,-0.4309534377871516,0.49074084231591025,0.6219238264241532,-1.0187539657306304
0.49051512901961924,0.46106298357893566,-0.36857833391907774,-1.096935038385906,0.25697989697804213,0.5829222017135578,-0.19296952411517532,-0.36049414279212644,0.6992288799489359,-1.1724985789328362,-0.3649222248331889,-0.36632929380457646,-0.35761854593955955,0.9115488339502333,1.181754481599462,0.4136369230587318
1.0680004579800648,-0.29940471812994984,-1.0870329031463264,-1.4135708635837123,1.2329383876656,0.5829222017135578,-0.19296952411517532,-0.36049414279212644,0.6992288799489359,-1.1724985789328362,-0.38952049544513806,-0.34639729677922004,-0.38333592786680265,0.4905868346141104,1.057436172068105,0.50729794582404
0.9251678800977049,-0.5759384278422721,-1.007204617676632,-1.00827700733052,-0.25668246654172505,0.5829222017135578,-0.19296952411517532,-0.36049414279212644,0.6992288799489359,-1.1724985789328362,-0.3522008471589242,-0.372068604820998,-0.33339339890969577,1.068188298941619,1.0540996191539307,0.5531175315718081
-0.1129307513474291,-0.27636024232058976,-1.1349298744281426,-0.8816226772513975,-0.35941493924567847,0.5829222017135578,-0.19296952411517532,-0.36049414279212644,0.6992288799489359,-1.1724985789328362,-0.3602970428966875,-0.3541515957889536,-0.3436096473875788,0.9253269966691681,-0.2760801845263486,0.3980644522724748
-0.15335995884695755,-1.2903171779324374,-0.7677197612675493,-0.7676337801801872,-0.35941493924567847,0.5829222017135578,-0.19296952411517532,-0.36049414279212644,0.6992288799489359,-1.1724985789328362,-0.3875050816404164,-0.3908645291371773,-0.33497742669880903,-0.1129804019247826,-0.6625085474512638,0.37951254626056996
1.165965393685354,-0.9676945166013949,-0.5282349048584662,-0.8309609452197485,-0.35941493924567847,0.5829222017135578,-0.19296952411517532,-0.2917925995784868,0.6992288799489359,-1.1724985789328362,-0.38536615609822095,-0.3203087095023342,-0.41941428256179,-0.15341773995268568,0.49007098449419395,-0.6783141723337092
1.475103160960233,-1.4285840327885984,-0.7677197612675493,-0.9956115743226078,-0.35941493924567847,0.5829222017135578,-0.19296952411517532,-0.2917925995784868,0.6992288799489359,-1.1724985789328362,-0.22376990279815887,-0.36283273878982086,-0.395518198560608,1.1661729359158355,0.9112466254302025,-0.9412321920041767
0.9016595371439347,-0.8524721375545941,-0.27278439135544497,-0.9196189762751342,-0.35941493924567847,0.5829222017135578,-0.19296952411517532,-0.2917925995784868,0.6992288799489359,-1.1724985789328362,-0.26560883301271826,-0.3874236196575738,-0.23725249786517694,1.4753728724377502,0.4899168422397593,0.4986191996573408
0.5183285583769232,0.3458406045321348,-0.11312782041605646,-0.7929646461960117,-0.35941493924567847,0.5829222017135578,-0.19296952411517532,-0.2917925995784868,0.6992288799489359,-1.1724985789328362,-0.3982924221676328,-0.3501151828365348,-0.25655674622450175,0.9018139260627612,1.0680229423613452,0.8496052479006083
0.845341624943147,-0.4837605246048314,-0.7357884470796714,-1.0209424403384324,-0.35941493924567847,0.5829222017135578,-0.19296952411517532,-0.2917925995784868,0.6992288799489359,-1.1724985789328362,-0.42871407046459503,-0.3582089463376418,-0.30823371808342453,0.5184058573997937,0.9250368257815083,0.8622514418354826
-0.4563990685966546,-0.13809338746442879,-0.49630359067058866,-0.8436263782276607,-0.35941493924567847,0.5829222017135578,-0.19296952411517532,-0.2917925995784868,0.6992288799489359,-1.1724985789328362,-0.3989389922205529,-0.3854088113178745,-0.31415067626606097,0.8454846880306881,-0.11417771573181822,0.8516172007144814
-0.5601698113359292,0.16148479805725363,-0.5761318761402829,-1.2362548014729406,-0.35941493924567847,0.5829222017135578,-0.19296952411517532,-0.2917925995784868,0.6992288799489359,-1.1724985789328362,-0.4853296970410942,-0.38327052834575487,-0.24687323224583543,-0.4565177924769958,-0.15465038283945248,0.384913437086738
1.4775343725854062,-1.4746729844073188,-1.3105521024614704,-0.8309609452197485,1.746600751185367,0.5829222017135578,-0.19296952411517532,-0.22309105636484716,0.002628551155655226,-1.3654516177857736,-0.4891542034153726,-0.22172282134367416,-0.4204277908789678,-0.5603094040638309,1.1660931860352337,-0.9214239153120282
2.0385187735535193,-1.0368279440294756,-1.438277359212981,-1.2742511004966774,0.7192760241458327,0.5829222017135578,-0.19296952411517532,-0.22309105636484716,0.002628551155655226,-1.3654516177857736,-0.3417089908027163,-0.2635491824229229,-0.3821005844681809,1.4778045729924947,1.4755632627232178,-0.866772340635863
1.918317092247494,-0.8063831859358739,-1.0870329031463264,-0.8182955122118364,-0.1539499938377716,0.5829222017135578,-0.19296952411517532,-0.22309105636484716,0.002628551155655226,-1.3654516177857736,-0.15753388323594708,-0.3961929111421849,-0.3967413066078384,2.0389017909034046,0.9015032123998672,0.0968335425205889
1.936905915314286,-1.6590287908822001,-1.4542430163069198,-1.1602622034254673,-0.35941493924567847,0.5829222017135578,-0.19296952411517532,-0.22309105636484716,0.002628551155655226,-1.3654516177857736,-0.2321854297392674,-0.4266054202519869,-0.40813662386468214,1.918675936400797,0.5177601698022151,0.1965069607209467
1.6031499201422017,-1.0598724198388358,-0.8635137038311823,-0.9702807083067834,0.7192760241458327,0.5829222017135578,-0.19296952411517532,-0.22309105636484716,0.002628551155655226,-1.3654516177857736,-0.3728588880627728,-0.396839286954324,-0.4190588582163675,1.9372684977786456,0.8451247609368739,0.5914916454360107
-0.05425419550482887,-0.552893952032912,-0.6080631903281605,-1.0462733063542569,-0.3080487028937018,0.5829222017135578,-0.19296952411517532,-0.22309105636484716,0.002628551155655226,-1.3654516177857736,-0.33336764114293826,-0.48320403851906024,-0.3945019483913733,1.6034453825031318,-0.45801524621542583,0.7465912841390153
-0.8291925867955606,-0.0920044358457086,-0.9433419893008766,-0.9829461413146956,-0.35941493924567847,0.5829222017135578,-0.19296952411517532,-0.22309105636484716,0.002628551155655226,-1.3654516177857736,-0.3959044700386719,-0.48702739594574684,-0.39455348702576376,-0.05429204591513218,-0.5618975379088161,0.7393723769127014
-0.7477005833123668,-0.11504891165506868,-0.30471570554332256,-0.8182955122118364,-0.35941493924567847,0.5829222017135578,5.18216544599624,-0.15438951315120752,0.002628551155655226,-1.3654516177857736,-0.4505351837188332,-0.3396264784146981,-0.4705914748895343,-0.8293862814325662,1.477997087793249,-0.9295571465758461
0.8832976271621678,-0.29940471812994984,-1.1029985602402652,-0.7676337801801872,0.667909787793856,0.5829222017135578,-0.19296952411517532,-0.15438951315120752,0.002628551155655226,-1.3654516177857736,-0.44268512443978686,-0.1555067002226521,-0.521339818794377,-0.7478778894746136,2.0395845221554705,-1.2643280576183673
1.713695639276938,-0.9446500407920349,-1.1189642173342038,-0.9576152752988711,-0.35941493924567847,0.5829222017135578,-0.19296952411517532,-0.15438951315120752,0.002628551155655226,-1.3654516177857736,-0.343426815576164,-0.2301358201155324,-0.39937040830047854,0.8834483234033647,1.9192536293638305,0.19690143251900166
1.7785349482239354,-1.4746729844073188,-1.1668611886160205,-0.9829461413146956,-0.35941493924567847,0.5829222017135578,-0.19296952411517532,-0.15438951315120752,0.002628551155655226,-1.3654516177857736,-0.33726121182601215,-0.3312876346400374,-0.3582147139471293,1.6653734268427516,1.6037476665021857,1.1620393766829529
0.21290317758058855,-1.2903171779324374,-0.3526126768251392,-0.8436263782276607,-0.35941493924567847,0.5829222017135578,-0.19296952411517532,-0.15438951315120752,0.002628551155655226,-1.3654516177857736,-0.3367989773183628,-0.393805676395176,-0.3382920935769918,1.7788656814455994,-0.05543808518952356,1.0384465231070015
-0.12812435054313048,-1.3364061295511578,-0.48033793357665017,-0.8436263782276607,-0.35941493924567847,0.5829222017135578,-0.19296952411517532,-0.15438951315120752,0.002628551155655226,-1.3654516177857736,-0.39841679568151667,-0.4484199780679356,-0.36395132500626476,0.21291905393706342,-0.8312095009413957,1.0351294405523523
1.1190522184545795,-1.0368279440294756,-0.5601662190463444,-1.0209424403384324,-0.35941493924567847,0.5829222017135578,-0.19296952411517532,-0.08568796993756789,0.002628551155655226,-1.3654516177857736,-0.3845233254266347,-0.4405722770819137,-0.34604274471400165,-0.12817705663398557,-0.7496298971624212,-0.2872881367593559
1.341518396388467,-0.4837605246048314,-0.6878914757978547,-1.4389017295995368,0.9247409695537395,0.5829222017135578,-0.19296952411517532,-0.08568796993756789,0.002628551155655226,-1.3654516177857736,-0.3490762267867214,-0.3413437871239945,-0.3827384071125235,1.119250326196335,0.8831215641778222,-0.671461507975661
0.9891161131475495,0.023217943201092273,-1.0551015889584485,-1.2615856674887653,-0.35941493924567847,0.5829222017135578,-0.19296952411517532,-0.08568796993756789,0.002628551155655226,-1.3654516177857736,-0.34159096707592457,-0.3168361761850995,-0.31221577921424165,1.341761243260271,1.7144122173907086,0.47439217892990854
1.1941715005566633,-0.20722681489250946,-1.230723816991776,-1.3249128325283266,-0.10258375748579489,0.5829222017135578,-0.19296952411517532,-0.08568796993756789,0.002628551155655226,-1.3654516177857736,-0.3228281340424359,-0.3351800356274115,-0.35471980382479396,0.9892880900483507,1.6657298158082243,0.8931100614058742
1.3936391532472687,-1.0598724198388358,-1.2786207882735925,-0.856291811235573,-0.3080487028937018,0.5829222017135578,-0.19296952411517532,-0.08568796993756789,0.002628551155655226,-1.3654516177857736,-0.3374545278592302,-0.33471793998297017,-0.3792991163478831,1.194384715185058,1.7793212257241389,0.47423893616821056
0.6418138488385131,-1.728162218310281,-1.4063460450251033,-0.9576152752988711,-0.35941493924567847,0.5829222017135578,-0.19296952411517532,-0.08568796993756789,0.002628551155655226,-1.3654516177857736,-0.3286750860257485,-0.3963172472921229,-0.34200823062061475,1.393892481880125,0.21200647024387834,1.0489715146036456
0.2980707310025646,-2.1660072586881243,-1.1987925028038982,-0.7676337801801872,-0.35941493924567847,0.5829222017135578,-0.19296952411517532,-0.08568796993756789,0.002628551155655226,-1.3654516177857736,-0.3082158106165321,-0.3824279508750201,-0.35009818655393626,0.6419159814092081,-0.12938764737397604,0.906819789435695
1.4415351273592423,-1.8433845973570817,-1.007204617676632,-1.0716041723700815,-0.35941493924567847,0.5829222017135578,-0.19296952411517532,-0.016986426723928257,0.002628551155655226,-1.3654516177857736,-0.3660141053673377,-0.3469915011541133,-0.3772852558391066,0.2981037350064142,1.1191295812181126,-0.1263304452114328
0.9066715167457554,-0.4607160487954713,-0.44840661938877197,-1.1222659044017302,-0.35941493924567847,0.5829222017135578,-0.19296952411517532,-0.016986426723928257,0.002628551155655226,-1.3654516177857736,-0.3935228730704443,-0.339508490144267,-0.3751479787843651,1.4417980881269001,1.3418349004438475,-0.16656693522258725
1.0714170470442108,0.13844032224789315,-0.7038571328917939,-0.8816226772513975,-0.35941493924567847,0.5829222017135578,-0.19296952411517532,-0.016986426723928257,0.002628551155655226,-1.3654516177857736,-0.3954488922796477,-0.3207512937890107,-0.2136762690417684,0.9068269136003019,0.9890538003506478,1.1464694721630468
1.2166753110707618,-0.4607160487954713,-1.0231702747705709,-1.058938739362169,-0.35941493924567847,0.5829222017135578,-0.19296952411517532,-0.016986426723928257,0.002628551155655226,-1.3654516177857736,-0.3795462343902739,-0.3353732935851633,-0.2554829536497431,1.0716055750999738,1.194329613222637,1.4541336450304307
1.082799906200164,-0.25331576651122967,-0.5601662190463444,-0.9576152752988711,-0.35941493924567847,-1.7154947899743744,-0.19296952411517532,-0.016986426723928257,0.002628551155655226,-1.3654516177857736,-0.3728223117679021,-0.32659648924723395,-0.3880642824745253,1.2168930513349836,1.3940116848086863,0.8834235057848416
0.27426401207661233,-0.829427661745234,-1.007204617676632,-1.2235893684650285,-0.35941493924567847,-1.7154947899743744,-0.19296952411517532,-0.016986426723928257,0.002628551155655226,-1.3654516177857736,-0.3818689469964233,-0.3061433601567608,-0.41846248455769547,1.0829907234093652,0.6413782014838835,0.501919784785492
-0.11693635668259077,-0.4607160487954713,-0.9433419893008766,-1.337578265536239,-0.35941493924567847,-1.7154947899743744,-0.19296952411517532,-0.016986426723928257,0.002628551155655226,-1.3654516177857736,-0.4110768599536696,-0.3639242913042496,-0.38871035421060396,0.2742922284228326,0.2972655750150885,0.8273740491700293
1.3705728487708035,-1.0829168956481958,-1.2945864453675313,-1.147596770417555,-0.35941493924567847,-1.7154947899743744,-0.19296952411517532,0.05171511648971138,0.002628551155655226,-1.3654516177857736,-0.3893164165095974,-0.3914247948997006,-0.4750344770065589,-0.11698681280845362,1.4419591449722917,-0.4681615215764018
1.6433032219588128,-1.5207619360260392,-0.9912389605826932,-0.856291811235573,-0.35941493924567847,-1.7154947899743744,-0.19296952411517532,0.05171511648971138,0.002628551155655226,-1.3654516177857736,-0.35096861421916575,-0.39335023549955794,-0.47885603580241465,1.3708215386473093,0.9065205796578604,-0.5714376111145805
1.3309989857248437,-0.9676945166013949,-0.8635137038311823,-0.9829461413146956,-0.35941493924567847,-1.7154947899743744,-0.19296952411517532,0.05171511648971138,-0.6939717776376255,-1.1724985789328362,-0.33610907796624306,-0.3774523550425369,-0.33152446042413103,1.6436067593620192,1.0714432041074697,1.4565532675835668
1.3340508930452288,-0.29940471812994984,-1.3584490737432866,-0.9702807083067834,-0.20531623018974834,-1.7154947899743744,-0.19296952411517532,0.05171511648971138,-0.6939717776376255,-1.1724985789328362,-0.4012093314448464,-0.37073045240234015,-0.1474912981229512,1.3312397170872876,1.2168576143367082,2.01486357446332
1.830709486430812,-1.3133616537417976,-1.3424834166493478,-1.2235893684650285,0.30834613333001887,-1.7154947899743744,-0.19296952411517532,0.05171511648971138,-0.6939717776376255,-1.1724985789328362,-0.3522304450296817,-0.37977436986581076,-0.2220853100672583,1.3342922381624456,1.0828382993330528,1.8952348691702403
0.6784227387979516,-0.9907389924107552,-1.5660026159644918,-1.502228894639098,-0.35941493924567847,-1.7154947899743744,-0.19296952411517532,0.05171511648971138,-0.6939717776376255,-1.1724985789328362,-0.29591043168605946,-0.40897350826289935,-0.3626503502029482,1.831050712229243,0.2734332649203057,1.9137350832457902
-0.2616711734789323,-0.7833387101265138,-0.8794793609251211,-0.8182955122118364,0.15424742427408872,-1.7154947899743744,-0.19296952411517532,0.05171511648971138,-0.6939717776376255,-1.1724985789328362,-0.404367189871287,-0.3872196020308607,-0.3231895395109327,0.6785322336108716,-0.11818762691537167,1.5815700323710946
1.643765888898392,-0.9446500407920349,-1.4223117021190421,-1.299581966512502,0.051514951570135296,-1.7154947899743744,-0.19296952411517532,0.12041665970335103,-0.6939717776376255,-1.1724985789328362,-0.44553151753405695,-0.34888332008077666,-0.3856781707598508,-0.2617507365452359,1.3709205850761428,-0.06793358811060374
1.7032977891945746,-0.9676945166013949,-0.9912389605826932,-0.9702807083067834,0.20561366062606548,-1.7154947899743744,-0.19296952411517532,0.12041665970335103,-0.6939717776376255,-1.1724985789328362,-0.3488287580924686,-0.33402824788849933,-0.4402667801010212,1.6440695193463775,1.6439441313405088,-0.8391780118553259
1.5347267842404622,-1.5438064118353994,-0.89544501801906,-0.7802992131880995,-0.3080487028937018,-1.7154947899743744,-0.19296952411517532,0.12041665970335103,-0.6939717776376255,-1.1724985789328362,-0.3387417512082504,-0.399108944129608,-0.4324227709270297,1.7036133918239234,1.3313041818794953,-0.7580744635312897
1.5566872557928801,-1.1750947988856366,-1.1189642173342038,-1.4135708635837123,-0.35941493924567847,-1.7154947899743744,-0.19296952411517532,0.12041665970335103,-0.6939717776376255,-1.1724985789328362,-0.31234367177463845,-0.3501447718155821,-0.33324096125594016,1.5350084863453217,1.3343593698651304,0.8651491231475936
1.1801971908275175,-0.9216055649826748,-0.9752733034887542,-1.1222659044017302,-0.35941493924567847,-1.7154947899743744,-0.19296952411517532,0.12041665970335103,-0.6939717776376255,-1.1724985789328362,-0.3289437041652715,-0.2938416779740787,-0.30874487948884477,1.5569733742652154,1.8315518492496206,1.691588803423992
0.22890165517037406,-0.16113786327378887,-1.1668611886160205,-1.3882399975678879,-0.3080487028937018,-1.7154947899743744,-0.19296952411517532,0.12041665970335103,-0.6939717776376255,-1.1724985789328362,-0.3789785053954199,-0.40226585388098335,-0.32708010938715487,1.1804075951479989,0.6780264443792121,1.6431904866097502
0.2892391705914521,-1.8894735489758019,-1.2945864453675313,-1.489563461631186,0.051514951570135296,-1.7154947899743744,-0.19296952411517532,0.12041665970335103,-0.6939717776376255,-1.1724985789328362,-0.39236624156547845,-0.44341781507066924,-0.32661823112743077,0.2289207489056708,-0.2630780272318034,1.7561190370875248
1.312531723239322,-1.2672727021230774,-1.230723816991776,-1.3249128325283266,6.934590622735015,-1.7154947899743744,-0.19296952411517532,0.18911820291699066,-0.6939717776376255,-1.1724985789328362,-0.3720408746914705,-0.3467441068037189,-0.3881885601327222,0.2892703985215927,1.644407295626564,0.1979503022348362
2.1959286753211287,-0.8063831859358739,-1.6937278727160026,-1.248920234480853,0.6165435514418792,0.5829222017135578,-0.19296952411517532,0.18911820291699066,-0.6939717776376255,-1.1724985789328362,-0.25657605554339163,-0.33666013023011704,-0.37430579768928846,1.3127687407371884,1.7040031900798593,-0.14145161973058343
2.2400908977614895,-1.3364061295511578,-1.5819682730584306,-0.9196189762751342,0.5651773150899024,0.5829222017135578,-0.19296952411517532,0.18911820291699066,-0.6939717776376255,-1.1724985789328362,-0.27481626688199007,-0.310269981234273,-0.3388860184189539,2.1963433486383677,1.5352509787587065,1.0997799221245848
1.7632374699860698,-1.1520503230762764,-1.2945864453675313,-0.8309609452197485,-0.3080487028937018,0.5829222017135578,-0.19296952411517532,0.18911820291699066,-0.6939717776376255,-1.1724985789328362,-0.23270969306856437,-0.32686502668924095,-0.3314065276591934,2.2405144523362366,1.557235056845769,1.3211856508013335
1.6282315517097674,-0.9907389924107552,-1.2945864453675313,-1.0336078733463445,0.25697989697804213,0.5829222017135578,-0.19296952411517532,0.18911820291699066,-0.6939717776376255,-1.1724985789328362,-0.3132441414281625,-0.376884796603252,-0.3126581552949738,1.763565126803605,1.180340281729229,0.9704631947725684
0.6868343626556392,-1.2672727021230774,-1.4223117021190421,-0.653644883108977,-0.25668246654172505,0.5829222017135578,-0.19296952411517532,0.18911820291699066,-0.6939717776376255,-1.1724985789328362,-0.24298292117272688,-0.39026851086676173,-0.327273276430121,1.628532058120031,0.22802214548875885,1.1745411264836076
0.7571118499696605,-2.534718871637887,-1.3265177595554092,-0.6283140170931525,-0.35941493924567847,0.5829222017135578,-0.19296952411517532,0.18911820291699066,-0.6939717776376255,-1.1724985789328362,-0.28411675989773055,-0.3699492500830665,-0.3185006009844495,0.6869455490907967,0.28842452106754113,1.3730579590267038
1.86316689835758,-2.2581851619255646,-0.911410675112999,-0.6283140170931525,-0.35941493924567847,0.5829222017135578,-0.19296952411517532,0.2578197461306303,-0.6939717776376255,-1.1724985789328362,-0.2883287110527988,-0.2545191185555374,-0.29805709370655165,0.7572371695808074,1.3128170679044184,0.6248164469632066
1.3310586609192836,-1.7051177425009205,-0.5442005619524053,-0.7676337801801872,-0.35941493924567847,0.5829222017135578,-0.19296952411517532,0.2578197461306303,-0.6939717776376255,-1.1724985789328362,-0.30260065136482545,-0.2727538502204627,-0.3558108428376619,1.8635146515139525,2.1971636325983392,0.2827118799278387
1.293266212936863,-0.045915484226988004,-0.6080631903281605,-1.096935038385906,0.051514951570135296,0.5829222017135578,-0.19296952411517532,0.2578197461306303,-0.6939717776376255,-1.1724985789328362,-0.40623349333452885,-0.23065992594709483,-0.3832984093079351,1.3312994042827262,2.2413733274725924,1.42072562315179
1.580404093561771,-1.4977174602166792,-0.6878914757978547,-0.653644883108977,-0.35941493924567847,0.5829222017135578,-0.19296952411517532,0.2578197461306303,-0.6939717776376255,-1.1724985789328362,-0.3675814021020014,-0.3111701803712026,-0.38522294411834107,1.2934993560382755,1.7640073033744454,0.8884115943390662
1.1767389764734253,-0.9216055649826748,-0.8635137038311823,-1.299581966512502,-0.05121752113381818,0.5829222017135578,-0.19296952411517532,0.2578197461306303,-0.6939717776376255,-1.1724985789328362,-0.3654293583290706,-0.24093006779657886,-0.3693325425378003,1.5806949816161575,1.6288562597132263,1.0523718175097396
0.011545442034116024,-0.5068050004141915,-1.1349298744281426,-0.8816226772513975,-0.1539499938377716,0.5829222017135578,-0.19296952411517532,0.2578197461306303,-0.6939717776376255,-1.1724985789328362,-0.4160790069244198,-0.2820515492079006,-0.3626138020977279,1.176948685328631,0.686447110360132,1.1969376660886444
-0.034477394030290105,-0.8063831859358739,-1.4063460450251033,-0.7802992131880995,0.4624448423859491,0.5829222017135578,-0.19296952411517532,0.2578197461306303,-0.6939717776376255,-1.1724985789328362,-0.4597021766780877,-0.2862622350202911,-0.3716534650102985,0.011520824280427486,0.7568001428615617,1.0637004169816
1.5917596936782843,-1.244228226313717,-1.0391359318645097,-0.6409794501010647,-0.1539499938377716,0.5829222017135578,-0.19296952411517532,0.32652128934426994,-0.6939717776376255,-1.1724985789328362,-0.4585369582148362,-0.3005298877956143,-0.4008388671895314,-0.03451126722076912,1.8640441514571957,0.259018642600008
1.7050644696421944,-0.8524721375545941,-0.9593076463948154,-0.5649868520535912,-0.35941493924567847,0.5829222017135578,-0.19296952411517532,0.32652128934426994,-0.6939717776376255,-1.1724985789328362,-0.3557817131022446,-0.40413159667451776,-0.3790951946976515,1.5920528654041715,1.3313639212221273,-0.13031695667245363
1.6040874100794822,-0.7372497585077932,-1.0231702747705709,-0.7169720481485382,-0.35941493924567847,0.5829222017135578,-0.19296952411517532,0.32652128934426994,-0.6939717776376255,-1.1724985789328362,-0.31098467536609414,-0.3654911171959776,-0.340776947372887,1.705380427560365,1.2935308480313423,1.350101606749149
1.6708610057300763,-0.691160806889073,-1.2945864453675313,-1.2869165335045898,-0.35941493924567847,0.5829222017135578,-0.19296952411517532,0.32652128934426994,-0.6939717776376255,-1.1724985789328362,-0.33922368829232974,-0.36333971993406505,-0.3259288634863987,1.6043830609746184,1.580977389165226,1.621531931883416
1.3791778644622974,-1.728162218310281,-1.0231702747705709,-0.48899425400611746,-0.20531623018974834,0.5829222017135578,-0.19296952411517532,0.32652128934426994,-0.6939717776376255,-1.1724985789328362,-0.4044072567166981,-0.41397415250253766,-0.390978943665841,1.671170085149977,1.1768783499478144,1.31071638394531
0.3070588467077251,-1.1750947988856366,-1.438277359212981,-1.3249128325283266,-0.3080487028937018,0.5829222017135578,-0.19296952411517532,0.32652128934426994,-1.2039186108834923,-0.645341073311799,-0.3567171024795774,-0.457584217104604,-0.3420378056800506,1.3794282848531656,0.010432284046573185,1.3137537434684488
-0.23771710839387694,-0.8755166133639544,-0.8794793609251211,-0.8056300792039239,-0.35941493924567847,0.5829222017135578,-0.19296952411517532,0.32652128934426994,-1.2039186108834923,-0.645341073311799,-0.3983240053211255,-0.4564193486930497,-0.28576119863252164,0.3070936582693849,-0.03564002452899458,1.8080448702966487
1.5167085591747946,-0.9907389924107552,-1.5340713017766139,-0.6663103161168892,1.2843046240175766,0.5829222017135578,-0.19296952411517532,0.3952228325579096,-1.2039186108834923,-0.645341073311799,-0.4505849731418631,-0.3536949730260456,-0.3941343683048988,-0.23779185417045592,1.5923451960491086,0.661250830080649
1.9660008878903616,-1.866429073166442,-1.4542430163069198,-0.9576152752988711,-0.35941493924567847,0.5829222017135578,-0.19296952411517532,0.3952228325579096,-1.2039186108834923,-0.645341073311799,-0.3320708330814902,-0.30891139309165855,-0.43526697028280237,1.5169866377188868,1.7057717696307426,-0.274361853183477
1.5811183540680158,-1.1520503230762764,-1.5340713017766139,-0.8436263782276607,-0.10258375748579489,0.5829222017135578,-0.19296952411517532,0.3952228325579096,-1.2039186108834923,-0.645341073311799,-0.2794933314040751,-0.337141922531995,-0.3386387404508529,1.9663693215082492,1.6046861641996424,1.6219923933874683
1.678099017430522,-1.0368279440294756,-1.214758159897837,-0.9702807083067834,0.051514951570135296,0.5829222017135578,-0.19296952411517532,0.3952228325579096,-1.2039186108834923,-0.645341073311799,-0.29618237247580187,-0.4023059086896239,-0.3285595077055512,1.581409385763984,1.6715315385092375,1.6812405176956267
1.6352194433051375,-0.5989829036516322,-1.1668611886160205,-0.7169720481485382,0.000148715218158527,0.5829222017135578,-0.19296952411517532,0.3952228325579096,-1.2039186108834923,-0.645341073311799,-0.24517855727564478,-0.3546300813962973,-0.30218177348821607,1.6784095524530211,1.3795348507785279,1.5134730550985545
0.36584738563124025,-0.6450718552703525,-1.2466894740857148,-1.0209424403384324,-0.25668246654172505,0.5829222017135578,-0.19296952411517532,0.3952228325579096,-1.2039186108834923,-0.645341073311799,-0.2946792218921586,-0.39622448480755434,-0.31876901209776975,1.6355213550175183,0.3062633525466937,1.5353288457239187
-0.06308317735816005,-0.8985610891733145,-1.1349298744281426,-0.9829461413146956,-0.35941493924567847,0.5829222017135578,-0.19296952411517532,0.3952228325579096,-1.2039186108834923,-0.645341073311799,-0.32413377718579417,-0.4484697525333652,-0.3687652510963378,0.3658940198803426,-0.23909821258732,1.1606334293357943
0.7450839830022444,-0.7602942343171533,-0.7038571328917939,-0.50165968701403,-0.3080487028937018,0.5829222017135578,-0.19296952411517532,0.4639243757715492,-1.2039186108834923,-0.645341073311799,-0.40184887594533447,-0.3299912161620685,-0.38214266922835416,-0.06312280332361066,1.5172133848988294,0.21387251846285874
1.0867819361498723,-0.8755166133639544,-0.89544501801906,-0.37500535693490733,-0.1539499938377716,0.5829222017135578,-0.19296952411517532,0.4639243757715492,-1.2039186108834923,-0.645341073311799,-0.39662978681552974,-0.277429509671803,-0.3618329672812587,0.7452068837454562,1.9669886829758698,0.27392241769886033
1.3287519567985575,-0.5298494762235516,-0.89544501801906,-0.6916411821327137,-0.35941493924567847,0.5829222017135578,-0.19296952411517532,0.4639243757715492,-1.2039186108834923,-0.645341073311799,-0.3817509580490812,-0.29411353706812365,-0.24645713781607856,1.0869735541664474,1.5816924174698919,1.292337150997429
1.4764922668751628,-0.7372497585077932,-1.1828268457099593,-0.9702807083067834,-0.3080487028937018,0.5829222017135578,-0.19296952411517532,0.4639243757715492,-1.2039186108834923,-0.645341073311799,-0.3384132387856051,-0.24312504429259169,-0.2646832912742334,1.328992236271549,1.6787773307518064,2.1715231364941388
1.2505424573747317,-0.27636024232058976,-0.8156167325493656,-0.9322844092830466,-0.35941493924567847,0.5829222017135578,-0.19296952411517532,0.4639243757715492,-1.2039186108834923,-0.645341073311799,-0.34329615858351775,-0.29261083805680743,-0.22260916934250854,1.4767622577092578,1.6358516629826807,2.2154748469527887
0.09017929839615246,-0.3685381455580305,-0.8794793609251211,-0.4763288209982053,-0.25668246654172505,0.5829222017135578,-0.19296952411517532,0.4639243757715492,-1.2039186108834923,-0.645341073311799,-0.353680977742789,-0.32205654469467904,-0.30308154914239455,1.2507670085019662,0.3651150865467573,1.7408944786956513
-0.310601517627801,-1.5898953634541197,-0.5442005619524053,-0.653644883108977,-0.3080487028937018,0.5829222017135578,-0.19296952411517532,0.4639243757715492,-1.2039186108834923,-0.645341073311799,-0.3645379631898594,-0.399748296499912,-0.23287447978553338,0.0901704943286551,-0.06427655780745414,1.6065321051013994
1.1893779616357074,-1.105961371457556,-1.3105521024614704,-0.6029831510773278,0.25697989697804213,0.5829222017135578,-0.19296952411517532,0.5326259189851889,-1.2039186108834923,-0.645341073311799,-0.43497354032760216,-0.3945307752743805,-0.27397661632374504,-0.3106909208462146,0.7447593464696755,0.6696223575050089
2.0060624667229456,-1.2672727021230774,-1.4861743304947976,-0.61564858408524,-0.20531623018974834,0.5829222017135578,-0.19296952411517532,0.5326259189851889,-1.2039186108834923,-0.645341073311799,-0.38295252958166215,-0.37965641636438074,-0.2781853212935211,1.1895902122579634,1.0868246097886571,0.7395648468885229
1.7062646041080727,-1.4055395569792384,-1.230723816991776,-0.5649868520535912,-0.35941493924567847,0.5829222017135578,-0.19296952411517532,0.5326259189851889,-1.2039186108834923,-0.645341073311799,-0.274566412941348,-0.33633171649826216,-0.2924462621041231,2.00643895693713,1.329054737496598,1.840347564599884
0.7891180142841775,-1.2672727021230774,-0.5282349048584662,-0.24835102685578478,-0.35941493924567847,0.5829222017135578,-0.19296952411517532,0.5326259189851889,-1.2039186108834923,-0.645341073311799,-0.32317712743248245,-0.34121316938295937,-0.3959992333927583,1.7065808033796592,1.4769538618655051,1.3107757746807092
0.4203606757484461,-0.16113786327378887,-0.27278439135544497,-1.337578265536239,-0.35941493924567847,0.5829222017135578,-0.19296952411517532,0.5326259189851889,-1.2039186108834923,-0.645341073311799,-0.3929833150052364,-0.351594868763677,-0.3573769316438808,0.7892497705049741,1.2507611663235263,1.2731634753112624
-0.6328195718114787,0.04626241901045278,-0.25681873426150587,-0.36233992392699493,-0.35941493924567847,0.5829222017135578,-0.19296952411517532,0.5326259189851889,-1.2039186108834923,-0.645341073311799,-0.3259619438130127,-0.3624485925853079,-0.355226546468732,0.4204182729097474,0.08915066832277616,1.5589326303391695
-0.6683399420205599,-0.8524721375545941,-0.6559601616099772,-0.1976892948241357,-0.35941493924567847,0.5829222017135578,-0.19296952411517532,0.5326259189851889,-1.2039186108834923,-0.645341073311799,-0.37938121905671457,-0.4328630096624281,-0.4058371589645949,-0.6329737747921033,-0.312060969334298,1.1571916995587144
0.5896455728434031,-0.7142052826984331,-0.9433419893008766,-0.6409794501010647,-0.35941493924567847,0.5829222017135578,-0.19296952411517532,0.6013274621988285,-1.2039186108834923,-0.645341073311799,-0.4018487211692642,-0.38085762692417624,-0.4494267079836351,-0.6685012883363058,1.1895309214595695,-0.0024476035385781916
1.045187588897245,-0.4837605246048314,-0.9752733034887542,-0.8309609452197485,-0.35941493924567847,0.5829222017135578,-0.19296952411517532,0.6013274621988285,-1.2039186108834923,-0.645341073311799,-0.4245709662659476,-0.27250407134024807,-0.4482623875638077,0.5897372140966951,2.007093326232019,-0.048251058469325335
1.1087774024150685,-0.552893952032912,-0.9273763322069378,-0.8689572442434853,-0.3080487028937018,0.5829222017135578,-0.19296952411517532,0.6013274621988285,-1.2039186108834923,-0.645341073311799,-0.406962967012431,-0.32110018233543147,-0.3455863367611905,1.0453708420696524,1.706973194188037,1.5702341007096705
1.4951993352346258,-0.4146270971767507,-1.3903803879311645,-1.5148943276470104,-0.1539499938377716,0.5829222017135578,-0.19296952411517532,0.6013274621988285,-1.2039186108834923,-0.645341073311799,-0.3400731284429247,-0.3908853989270294,-0.30082382446934725,1.1089734438367422,0.7888407123856811,1.6829987767508996
1.023377410427113,-0.8063831859358739,-1.1508955315220817,-0.31167819189534607,4.109447623376296,0.5829222017135578,-0.19296952411517532,0.6013274621988285,-1.2039186108834923,-0.645341073311799,-0.30413794490842966,-0.32388416210915266,-0.3290410733567681,1.4954730881595337,0.4196869760373266,1.582503053491961
0.2640286111346612,-1.221183750504357,-1.3903803879311645,-0.704306615140626,0.102881187922112,0.5829222017135578,-0.19296952411517532,0.6013274621988285,-1.2039186108834923,-0.645341073311799,-0.33166002066470324,-0.3772873892824261,-0.39417440427046363,1.0235562774567815,-0.6346253936603931,1.6489583535231411
-0.3035697905501004,-0.8524721375545941,-1.2626551311796537,-0.045704098729188486,0.20561366062606548,0.5829222017135578,-0.19296952411517532,0.6013274621988285,-1.2039186108834923,-0.645341073311799,-0.3533855620124194,-0.3997481417703391,-0.3465210052262602,0.264054769087385,-0.670183946694826,1.358665604149312
1.2421415161135811,-0.8063831859358739,-1.1828268457099593,-0.4003362229507318,-0.35941493924567847,0.5829222017135578,-0.19296952411517532,0.6700290054124681,-1.2039186108834923,-0.645341073311799,-0.29764066836692754,-0.42246356071320557,-0.3880958412866226,-0.30365777965084845,0.5891538469017685,0.29165715118486274
0.97631983596042,-1.4977174602166792,-0.6719258187039162,0.13161196338158293,-0.35941493924567847,0.5829222017135578,-0.19296952411517532,0.6700290054124681,-1.390572106430907,0.0747694711621766,-0.2345100885008275,-0.404860851205962,-0.4403165311509345,1.2423643777669051,1.0451855504542746,-0.25052197206454546
0.8789199727752779,-0.829427661745234,-0.25681873426150587,-0.5269905530298543,-0.35941493924567847,0.5829222017135578,-0.19296952411517532,0.6700290054124681,-1.390572106430907,0.0747694711621766,-0.23553429434997036,-0.3379911074961372,-0.3218937309100911,0.9764892394619094,1.1088437202062646,1.4955407191040406
0.8274681674787959,-0.23027129070186955,-1.0231702747705709,-0.8436263782276607,0.7706422604978095,0.5829222017135578,-0.19296952411517532,0.6700290054124681,-1.390572106430907,0.0747694711621766,-0.24443038545557932,-0.3020667195097582,-0.26935675114434054,0.8790697886469251,1.495681039495221,1.9426913662361438
0.7750530866671903,-0.6681163310797129,-1.0710672460523876,-0.21035472783204792,-0.35941493924567847,0.5829222017135578,-0.19296952411517532,0.6700290054124681,-1.390572106430907,0.0747694711621766,-0.2724812799434481,-0.3295805271604078,-0.28603292983526757,0.8276076361191033,1.0233519270079074,1.5596434861165234
-0.37318311505197393,-0.3224491939393103,-1.0231702747705709,0.0176230663103728,-0.35941493924567847,0.5829222017135578,-0.19296952411517532,0.6700290054124681,-1.390572106430907,0.0747694711621766,-0.110294050538375,-0.35129954178128137,-0.23506842369370312,0.7751820143563349,0.2631868613755024,1.6561618631513966
-0.8268578869046082,-1.3364061295511578,-0.6080631903281605,-0.36233992392699493,-0.35941493924567847,0.5829222017135578,-0.19296952411517532,0.6700290054124681,-1.390572106430907,0.0747694711621766,-0.17904942904705956,-0.2955713948620445,-0.28453093774210453,-0.37328510376204205,-0.3050216834613104,1.6134866868942634
0.7923283187255916,-0.6220273794609924,-1.0870329031463264,-0.6916411821327137,0.5651773150899024,0.5829222017135578,-0.19296952411517532,0.7387305486261078,-1.390572106430907,0.0747694711621766,-0.3123600693489426,-0.23245978050955837,-0.31396279216845563,-0.8270511120210646,1.2423511944224621,0.350165457566925
1.1401636077651738,-0.6450718552703525,-1.214758159897837,-0.4509979549823808,0.15424742427408872,0.5829222017135578,-0.19296952411517532,0.7387305486261078,-1.390572106430907,0.0747694711621766,-0.3288657440479184,-0.23348367866962225,-0.3916179952641385,0.7924607205556634,0.9762437677320824,-0.07672048407324082
0.8923826229669405,-0.3685381455580305,-0.8156167325493656,-0.41300165595864397,-0.35941493924567847,0.5829222017135578,-0.19296952411517532,0.7387305486261078,-1.390572106430907,0.0747694711621766,-0.3032941309618133,-0.2423770972362282,-0.3864029285291213,1.1403659611194563,0.878739204006282,0.7275943142211294
0.933973286565587,-0.3685381455580305,-0.7517541041736105,0.3342588915081792,-0.35941493924567847,0.5829222017135578,-0.19296952411517532,0.7387305486261078,-1.390572106430907,0.0747694711621766,-0.25174189468453423,-0.2704195647522171,-0.37153556699800555,0.8925351462490503,0.8272320902970752,1.0676634654360477
0.22869500218223865,-1.4977174602166792,-0.04926519204030071,0.3849206235398281,-0.35941493924567847,0.5829222017135578,-0.19296952411517532,0.7387305486261078,-1.390572106430907,0.0747694711621766,-0.24538424673472672,-0.10828105918452688,-0.32823124847012375,0.9341341739510621,0.774760665594214,1.308480066131058
-0.88958093664152,0.13844032224789315,0.20618532146272056,-0.5649868520535912,-0.35941493924567847,0.5829222017135578,-0.19296952411517532,0.7387305486261078,-1.390572106430907,0.0747694711621766,-0.3484538167321595,-0.17701578239319835,-0.3331104049617095,0.2287140543585218,-0.37470983920497436,1.4555161293710195
-1.5989230280928746,0.36888508034149486,0.812880291032397,0.3089280254923548,-0.35941493924567847,0.5829222017135578,-0.19296952411517532,0.7387305486261078,-1.390572106430907,0.0747694711621766,-0.33587377044032896,-0.3102863738824634,-0.3434872204557019,-0.8897867756964425,-0.8288722913514266,1.23064337486322
-0.3160975293622702,0.875863548147419,1.0044681761596632,0.3975860565477405,-0.35941493924567847,0.5829222017135578,-0.19296952411517532,0.8074320918397474,-1.390572106430907,0.0747694711621766,-0.3944725524393451,-0.32678708999244993,-0.3543358383350638,-1.5992715196101759,0.7920544677622372,0.07581142184762399
0.2126048016084088,-0.18418233908314896,-0.7198227899857326,0.04295393232619722,3.6985177325604828,0.5829222017135578,-0.19296952411517532,0.8074320918397474,-1.390572106430907,0.0747694711621766,-0.3785190390571035,-0.30122315905938607,-0.42471713019595325,-0.3161880378578365,1.1402636643375337,-0.32305895672208257
0.8053036214960283,-0.6220273794609924,-0.89544501801906,0.3722551905319161,-0.35941493924567847,0.5829222017135578,-0.19296952411517532,0.8074320918397474,-1.390572106430907,0.0747694711621766,-0.36116123405690465,-0.24968640996187022,-0.37273621246955374,0.2126206179598908,0.8922163259508574,1.1697704373496847
0.7504311751160159,-0.5989829036516322,-0.9752733034887542,-0.28634732587952144,-0.25668246654172505,0.5829222017135578,-0.19296952411517532,0.8074320918397474,-1.390572106430907,0.0747694711621766,-0.3253386760152678,-0.24333067195901711,-0.26443362989807206,0.8054386327284078,0.9338516976714941,1.9825619799885192
0.7293540437874133,-0.25331576651122967,-0.911410675112999,-0.8309609452197485,-0.35941493924567847,-1.7154947899743744,-0.19296952411517532,0.8074320918397474,-1.390572106430907,0.0747694711621766,-0.3118981930797896,-0.3463692780822528,-0.3130068797129531,0.7505551512079642,0.2278152703578105,1.6841931904293996
-0.6253023391395416,-1.1750947988856366,0.1423226930869654,0.29626259248444237,-0.35941493924567847,-1.7154947899743744,-0.19296952411517532,0.8074320918397474,-1.390572106430907,0.0747694711621766,-0.31197196097515284,-0.3337930110530192,-0.38275926708455227,0.7294737811562967,-0.8916627655898155,0.7714184445815138
-1.2639197476840005,-0.7142052826984331,0.39777320658998666,0.3342588915081792,-0.35941493924567847,-1.7154947899743744,-0.19296952411517532,0.8074320918397474,-1.390572106430907,0.0747694711621766,-0.2541629204210175,-0.3923741889685608,-0.31578954981266405,-0.6254550303647468,-1.601767368384183,0.4044188943502629
-0.056581159722432044,0.5532408868163764,-0.36857833391907774,-1.00827700733052,-0.35941493924567847,-1.7154947899743744,-0.19296952411517532,0.876133635053387,-1.390572106430907,0.0747694711621766,-0.3744056580145232,-0.3764254682965379,-0.3691676543829116,-1.2642008682621861,-0.3175628890380522,-0.6437410655347865
0.5076356476109586,-0.9216055649826748,-1.230723816991776,0.34692432451609123,0.7706422604978095,-1.7154947899743744,-0.19296952411517532,0.876133635053387,-1.390572106430907,0.0747694711621766,-0.2772229347673571,-0.35907287787994874,-0.3916178406073554,-0.05661947809759956,0.21170777353073875,-0.6790921176454883
0.8105524600486037,-0.7142052826984331,-1.2466894740857148,0.7142218817455469,-0.35941493924567847,-1.7154947899743744,-0.19296952411517532,0.876133635053387,-1.390572106430907,0.0747694711621766,0.16072640979988287,-0.32326108155178995,-0.4143225734834263,0.507710796232677,0.8050437184086856,0.572896846115209
0.7421024334728353,-1.4977174602166792,-0.9752733034887542,0.44824778857938935,-0.35941493924567847,-1.7154947899743744,-0.19296952411517532,0.876133635053387,-1.390572106430907,0.0747694711621766,-0.2385640524397357,-0.3098246363688975,-0.39672814485931546,0.8106885268502961,0.7501122865782285,1.0262673896467722
0.2515358670352816,-1.3364061295511578,-0.20892176297968923,0.7015564487376345,-0.35941493924567847,-1.7154947899743744,-0.19296952411517532,0.876133635053387,-1.390572106430907,0.0747694711621766,-0.19669781376603485,-0.30989838210311427,-0.32988985883687383,0.7422247346105998,0.7290124982666132,1.0895540839617899
-0.7220126223000932,-1.1520503230762764,-0.4005096481069559,0.6888910157297226,-0.35941493924567847,-1.7154947899743744,-0.19296952411517532,0.876133635053387,-1.390572106430907,0.0747694711621766,-0.22802188748494404,-0.2521067083805202,-0.2939823708429879,0.2515595126308097,-0.6271000802961504,1.4741340250889183
-1.0633160561067263,-0.4146270971767507,-0.033299534946362196,0.6255638506901612,-0.35941493924567847,-1.7154947899743744,-0.19296952411517532,0.876133635053387,-1.390572106430907,0.0747694711621766,-0.24643008959062918,-0.37231332298447567,-0.3214832351098023,-0.7221847624769346,-1.2664039742807507,1.0045611756883313
0.06866344387882861,-0.7602942343171533,0.1582883501809039,-0.13436212978457443,-0.35941493924567847,-1.7154947899743744,-0.19296952411517532,0.9448351782670267,-1.390572106430907,0.0747694711621766,-0.28545143537356094,-0.27515979510134214,-0.343192032404658,-1.063556834216996,-0.057767550790637015,0.24883203165133236
0.42929943049030467,-0.5989829036516322,-0.5601662190463444,-0.14702756279248663,-0.35941493924567847,-1.7154947899743744,-0.19296952411517532,0.9448351782670267,-1.390572106430907,0.0747694711621766,-0.30075871057808806,0.16265798193912706,-0.28749010180579226,0.06865031285870278,0.5070557646305933,-0.3160607484013688
0.6465941266051473,-0.02287100841762791,-0.7198227899857326,0.27093172646861796,-0.35941493924567847,-1.7154947899743744,-0.19296952411517532,0.9448351782670267,-1.390572106430907,0.0747694711621766,-0.33598984684168653,-0.23651252656786992,-0.22440817719524925,0.4293588252826643,0.8102981992303189,1.222282479113717
0.2572444256042525,-1.2903171779324374,0.19021966436878207,0.8915379438563183,-0.35941493924567847,-1.7154947899743744,-0.19296952411517532,0.9448351782670267,-1.2039186108834927,0.7948800156361521,-0.30112055887572414,-0.1946588652334112,-0.22543159368054597,0.6466972205150924,0.741774591906527,0.9577279147345932
-0.9813672795303132,-0.39158262136739064,1.3078156609445017,0.8915379438563183,-0.35941493924567847,-1.7154947899743744,5.18216544599624,0.9448351782670267,-1.2039186108834927,0.7948800156361521,-0.3587253655764928,-0.22597352866101914,-0.2343208284957942,0.2572692192212308,0.2506806881293177,0.8607923361140503
-1.493070652490901,1.0832638304316606,1.7388884024808504,0.9548651088958796,-0.35941493924567847,-1.7154947899743744,-0.19296952411517532,0.9448351782670267,-1.2039186108834927,0.7948800156361521,-0.33063291689378566,-0.24437620062571105,-0.2623501039292712,-0.9815915773063288,-0.7239143227293641,0.8095857907002698
-1.2550822934265196,0.5301964110070163,0.7170863484687637,0.9548651088958796,-0.35941493924567847,-1.7154947899743744,-0.19296952411517532,0.9448351782670267,-1.2039186108834927,0.7948800156361521,-0.3910900517745913,-0.28338582372422827,-0.1002878735517934,-1.4933978565332164,-1.0655846426165263,0.7574205615021802
0.3190159875187712,0.25366270129469404,2.2338237723929546,0.9295342428800553,-0.35941493924567847,-1.7154947899743744,-0.19296952411517532,1.0135367214806663,-1.2039186108834927,0.7948800156361521,-0.34466046474272255,-0.29868850035961664,-0.1689902617264852,-1.2553616367457126,0.06761168521443565,-0.38534224089650504
0.4685999664111307,0.898908023956779,2.457342971708098,0.536905819634775,-0.35941493924567847,0.5829222017135578,-0.19296952411517532,1.0135367214806663,-1.2039186108834927,0.7948800156361521,-0.3252909394014232,-0.3339090525830264,-0.30219815842477527,0.3190532037249604,0.42863533954477967,-0.836854440985369
-0.26389315355817156,0.04626241901045278,-0.6719258187039162,1.1321811710066516,-0.35941493924567847,0.5829222017135578,-0.19296952411517532,1.0135367214806663,-1.2039186108834927,0.7948800156361521,-0.34720081155111115,-0.29905023995179125,-0.31869111206491835,0.4686672647500153,0.6461636178374754,0.7746134461800791
0.09257846223171912,-0.9216055649826748,-0.28875004844938346,1.0941848719829146,-0.35941493924567847,0.5829222017135578,-0.19296952411517532,1.0135367214806663,-1.2039186108834927,0.7948800156361521,-0.3845375890870563,-0.3566377411763862,-0.29313920723069925,-0.2639731634764715,0.25639538314601046,1.1207906779037387
0.4512617438697119,-0.16113786327378887,1.5153692031657062,0.9295342428800553,-0.35941493924567847,0.5829222017135578,-0.19296952411517532,1.0135367214806663,-1.2039186108834927,0.7948800156361521,-0.34803195707904916,-0.32855373194915477,-0.2416267026846339,0.09257014064881264,-0.9835477747334804,0.8741908126972684
-0.6085313993106658,1.3597975401439826,1.4036096035081345,-0.3496744909190827,-0.35941493924567847,0.5829222017135578,-0.19296952411517532,1.0135367214806663,-1.2039186108834927,0.7948800156361521,-0.30566626822689025,-0.38899270446527007,-0.23527395462623235,0.45132555539994856,-1.4958012061649284,0.9155832223917632
-1.1410765181106919,1.2215306852878212,-0.1929561058857507,0.6255638506901612,-0.25668246654172505,0.5829222017135578,-0.19296952411517532,1.0135367214806663,-1.2039186108834927,0.7948800156361521,-0.3587782705612131,-0.3425770656810938,-0.3382640880609247,-0.6086807178107897,-1.257557020151211,0.21366685054584644
0.0037942973346058633,-0.06895996003634809,-0.6878914757978547,-0.15969299580039883,-0.20531623018974834,0.5829222017135578,-0.19296952411517532,1.0822382646943058,-1.2039186108834927,0.7948800156361521,-0.39814189199547956,-0.3232133592788464,-0.32569373731392426,-1.1413329342629082,0.3182333467547231,-0.8992785031992483
0.1448167276523986,-0.8524721375545941,-0.44840661938877197,1.220839202062037,-0.25668246654172505,0.5829222017135578,-0.19296952411517532,1.0822382646943058,-1.2039186108834927,0.7948800156361521,-0.34632385261235227,-0.3451166493255438,-0.3842473567511591,0.003768120784546763,0.467978121801735,-1.6052393108036693
0.44605232041470166,-0.0920044358457086,1.3078156609445017,1.2335046350699492,-0.35941493924567847,0.5829222017135578,-0.19296952411517532,1.0822382646943058,-1.2039186108834927,0.7948800156361521,-0.30499879809812014,-0.38244221025039243,-0.3683061388724958,0.14481891146214043,-0.2653023958412522,-0.32852877013006826
0.6922069719818557,0.6454187900538172,2.1699611440171993,0.9548651088958796,-0.35941493924567847,0.5829222017135578,-0.19296952411517532,1.0822382646943058,-1.2039186108834927,0.7948800156361521,-0.2723433124645319,-0.34594754516304876,-0.3509617116749401,0.4461150843022108,0.09155241115324586,0.19765334855786096
0.22995260165017056,1.2445751610971816,0.5414641204354367,-0.7929646461960117,-0.35941493924567847,0.5829222017135578,-0.19296952411517532,1.0822382646943058,-1.2039186108834927,0.7948800156361521,-0.32452827808248175,-0.30359458369356856,-0.31516676237252156,0.6923192388772863,0.4506212614387139,0.7875268984242387
-1.17496539797313,-0.02287100841762791,0.014597436335454472,0.7268873147534589,-0.35941493924567847,0.5829222017135578,-0.19296952411517532,1.0822382646943058,-1.2039186108834927,0.7948800156361521,-0.28647363126120456,-0.3566906302675378,-0.3017366381274502,0.22997190673638665,-0.6103111124494724,0.7329160174000997
-1.4773421867376655,0.23061822548533392,-0.4324409622948335,1.2081737690541248,-0.35941493924567847,0.5829222017135578,-0.19296952411517532,1.0822382646943058,-1.2039186108834927,0.7948800156361521,-0.39998301414656917,-0.39604242619188834,-0.30181034916929156,-1.1752286293590932,-1.143428693674392,0.7119393563023771
-0.005135985003108326,-0.7602942343171533,1.0044681761596632,1.4108206971807211,-0.35941493924567847,0.5829222017135578,-0.19296952411517532,1.1509398079079456,-1.2039186108834927,0.7948800156361521,-0.40442307959390983,-0.3442399538403557,-0.2440458625167303,-1.4776662277019736,0.0026728072096839778,-0.6362596659224036
0.4266243609718346,0.2997516529134146,1.8187166879505448,-0.03303866572127628,-0.35941493924567847,0.5829222017135578,-0.19296952411517532,1.1509398079079456,-1.2039186108834927,0.7948800156361521,-0.28883273786741664,-0.30292731408432233,-0.3641959280464137,-0.005163957480380217,0.14384683039646406,-1.2718329202373233
0.11081696980523978,1.382842015953343,-0.33664701973120015,-0.9322844092830466,0.25697989697804213,0.5829222017135578,-0.19296952411517532,1.1509398079079456,-1.2039186108834927,0.7948800156361521,-0.29026102552281946,-0.27028163872110805,-0.26708810432092706,0.42668321779350493,0.44540623808413066,-0.07024946018153155
0.04471416754394953,-0.045915484226988004,-0.592097533234222,-0.7802992131880995,1.4384033330735069,0.5829222017135578,-0.19296952411517532,1.1509398079079456,-1.2039186108834927,0.7948800156361521,-0.3195885499814324,-0.322450927076502,0.170523709095385,0.1108123160830832,0.6918254950035081,0.49127784486545
-0.03271181867885822,0.04626241901045278,-0.6399945045160387,0.8028799128009326,-0.35941493924567847,0.5829222017135578,-0.19296952411517532,1.1509398079079456,-1.2039186108834927,0.7948800156361521,-0.2846366471904047,-0.2844077125266199,-0.2284590167109083,0.04469622019714221,0.22907422168949168,0.7927507168726544
-1.035230773085881,-0.552893952032912,-0.14505913460393405,1.3221626661253354,-0.35941493924567847,0.5829222017135578,-0.19296952411517532,1.1509398079079456,-1.2039186108834927,0.7948800156361521,-0.2514061885685992,-0.39788299523817044,-0.18662504469064545,-0.032745336802755924,-1.1773540025822915,0.7246269771082456
-1.3692118395159916,-0.3224491939393103,1.7388884024808504,0.6888910157297226,-0.35941493924567847,0.5829222017135578,-0.19296952411517532,1.1509398079079456,-1.2039186108834927,0.7948800156361521,-0.3797528939296445,-0.4023217268133708,-0.21792497668909028,-1.0354659030965556,-1.4800558330073676,0.23639883782302246
-0.4101655275247372,0.5532408868163764,-0.7198227899857326,-0.02037323271336406,-0.3080487028937018,0.5829222017135578,-0.19296952411517532,1.2196413511215851,-1.2039186108834927,0.7948800156361521,-0.4980444525049797,-0.28676611041657196,-0.23631899144247012,-1.3695141348931212,-0.006267074786165378,-0.7325089516006064
-0.31275277155067127,-0.27636024232058976,0.4616358349657424,1.702125656362703,-0.3080487028937018,0.5829222017135578,-0.19296952411517532,1.2196413511215851,-1.2039186108834927,0.7948800156361521,-0.4021927852716435,-0.2881939689897609,-0.2753102631542422,-0.41027495359439176,0.42595739444501285,-1.072185464064856
0.14901830337916488,-0.3454936697486704,1.0204338332536023,1.6387984913231417,-0.35941493924567847,0.5829222017135578,-0.19296952411517532,1.2196413511215851,-1.2039186108834927,0.7948800156361521,-0.38668240083398314,-0.31751268295486085,-0.2906057409162535,-0.31284260739767544,0.10981052431491932,0.0543981288619069
0.2474105429458514,0.48410745938829575,0.9086742335960304,1.5374750272598436,-0.35941493924567847,0.5829222017135578,-0.19296952411517532,1.2196413511215851,-1.2039186108834927,0.7948800156361521,-0.32093873464976885,-0.28257128031747697,-0.32580972425424753,0.14902133214810273,0.043636664467822966,0.41331503993726576
0.02889876755684278,0.23061822548533392,1.116227775817235,1.0055268409275289,-0.35941493924567847,0.5829222017135578,-0.19296952411517532,1.2196413511215851,-1.2039186108834927,0.7948800156361521,-0.13774032123005797,-0.24935080469783494,-0.29096731033443957,0.2474333589167928,-0.033872551262228705,0.6295739381559281
-1.0690901837164972,0.9449969755754992,0.8767429194081522,-0.14702756279248663,-0.10258375748579489,0.5829222017135578,-0.19296952411517532,1.2196413511215851,-1.2039186108834927,0.7948800156361521,-0.35016411728938174,-0.3776589524978221,-0.3485277205383396,0.02887763964909193,-1.0374691691598767,0.24208018489966668
-1.2697605494307644,1.1063083062410204,0.8927085765020912,-0.5903177180694156,0.7706422604978095,0.5829222017135578,-0.19296952411517532,1.2196413511215851,-0.6939717776376265,1.322037521257189,-0.49074408545545756,-0.4959149742513932,-0.32045692293618294,-1.0693321230344994,-1.371809250449776,-0.9906273199884074
-0.5210869793651816,0.6684632658631773,-0.7038571328917939,-0.8182955122118364,-0.35941493924567847,0.5829222017135578,-0.19296952411517532,1.2883428943352249,-0.6939717776376265,1.322037521257189,-0.5203846896189283,-0.40009210250993554,-0.38086746300740326,-1.270042844625206,-0.41173200613379246,-1.4998915111067437
-1.4050692640640172,-0.829427661745234,-0.4005096481069559,1.3601589651490718,-0.3080487028937018,0.5829222017135578,5.18216544599624,1.2883428943352249,-0.6939717776376265,1.322037521257189,-0.43738177499145786,-0.38458637765892617,-0.33447365963897047,-0.5212187123279789,-0.31421453575989106,-1.2630375922566968
-0.050596327105139234,-0.16113786327378887,1.0842964616293573,0.6255638506901612,-0.35941493924567847,0.5829222017135578,-0.19296952411517532,1.2883428943352249,-0.6939717776376265,1.322037521257189,-0.5246171036828722,-0.31886246200446605,-0.31511906254967664,-1.405378770559686,0.14805292263111672,0.3035572948325272
0.3772615558460016,1.0602193546223,0.6851550342808861,0.22026999443696865,2.773925478224901,0.5829222017135578,-0.19296952411517532,1.2883428943352249,-0.6939717776376265,1.322037521257189,-0.4034851264438579,-0.135719084543733,-0.3370120485812436,-0.05063344189867799,0.24655092949913532,0.4524282385086149
-0.026458079321217222,1.1523972578597412,-0.27278439135544497,-1.3882399975678879,4.160813859728273,0.5829222017135578,-0.19296952411517532,1.2883428943352249,-0.6939717776376265,1.322037521257189,-0.36059678304789367,-0.34807906483572776,-0.37432005035659005,0.3773104855453624,0.027804263625938543,-0.2765732415532425
-1.2225990959219073,0.06930689481981286,-0.5761318761402829,1.3348280991332473,-0.05121752113381818,0.5829222017135578,-0.19296952411517532,1.2883428943352249,-0.6939717776376265,1.322037521257189,-0.3921971756725743,-0.48861680035788124,-0.33784255353850806,-0.02649033978491232,-1.0713649771578349,0.07819914937619418
-1.2577194213090288,-0.7142052826984331,0.7011206913748251,1.3221626661253354,-0.35941493924567847,0.5829222017135578,-0.19296952411517532,1.2883428943352249,-0.6939717776376265,1.322037521257189,-0.49156451695675174,-0.5182484999733029,-0.29550951627013505,-1.2228719066975422,-1.2722510546307977,0.43517266361001944
0.46929801883986894,0.46106298357893566,2.02627023017175,1.4868132952281943,-0.35941493924567847,0.5829222017135578,-0.19296952411517532,1.3570444375488644,-0.6939717776376265,1.322037521257189,-0.4688903102093955,-0.43527052085110896,-0.34858058474875436,-1.2579992949686463,-0.5227726936240469,-0.6195686696195425
0.055443914849680725,0.8297745965286983,-0.6399945045160387,-1.1855930694412917,-0.35941493924567847,0.5829222017135578,-0.19296952411517532,1.3570444375488644,-0.6939717776376265,1.322037521257189,-0.3567570323657599,-0.5224796425471587,-0.3879138683172101,0.4693654575608048,-1.4077052201416451,-1.1495752583793204
0.0517134784666413,-0.02287100841762791,-0.04926519204030071,0.1696082624053198,0.15424742427408872,0.5829222017135578,-0.19296952411517532,1.3570444375488644,-0.6939717776376265,1.322037521257189,-0.3807567959931002,-0.40138405544060135,-0.3361357655219297,0.055428125312049416,-0.051776284743252125,-0.010161800169330623
0.21442157975012452,0.48410745938829575,0.1263570359930263,0.5749021186585119,-0.35941493924567847,0.5829222017135578,-0.19296952411517532,1.3570444375488644,-0.6939717776376265,1.322037521257189,-0.35539705157940815,-0.35850859644174354,-0.2948425605660663,0.05169693871843853,0.3765415264891504,0.13018840602496032
-0.2789357229407963,0.43801850776957557,-0.3526126768251392,1.448816996204458,-0.25668246654172505,0.5829222017135578,-0.19296952411517532,1.3570444375488644,-0.6939717776376265,1.322037521257189,-0.32920087243356266,-0.390099495764164,-0.2622122427830223,0.2144377614653409,-0.027612089411655282,0.4299880723757283
-1.268508843809199,0.11539584643853305,-0.33664701973120015,1.6261330583152294,-0.3080487028937018,0.5829222017135578,-0.19296952411517532,1.3570444375488644,-0.6939717776376265,1.322037521257189,-0.37468384315416103,-0.4894369853874206,-0.31435698902006737,-0.2790187579997002,-1.225038904647437,0.6749693567379438
-1.5547158650739918,0.3227961287227747,-0.30471570554332256,1.6387984913231417,-0.3080487028937018,0.5829222017135578,-0.19296952411517532,1.3570444375488644,-0.6939717776376265,1.322037521257189,-0.36875691214355694,-0.4667695903623336,-0.2763316712271334,-1.268790887278991,-1.260196982829438,0.21491845530287923
0.27203871670879026,-0.045915484226988004,0.9406055477839079,1.866776285465562,-0.3080487028937018,0.5829222017135578,-0.19296952411517532,1.4257459807625041,-0.6939717776376265,1.322037521257189,-0.41103243285962465,-0.3546699992868543,-0.38975357150036105,-1.5550554662959966,0.4686769246059287,-1.183302597113084
0.7792760275870257,0.9449969755754992,2.058201544359627,1.1828429030383003,-0.35941493924567847,0.5829222017135578,-0.19296952411517532,1.4257459807625041,-0.6939717776376265,1.322037521257189,-0.3240428961371003,-0.3786625529718058,-0.3941902149528541,0.27206648553629204,0.05437794577686073,-1.484238019625907
0.8464330916166879,0.7145522174818975,1.4515065747899512,1.8414454194497376,-0.35941493924567847,0.5829222017135578,-0.19296952411517532,1.4257459807625041,-0.6939717776376265,1.322037521257189,-0.34896725616442986,-0.3533104270621564,-0.2786889596505401,0.7794058045320202,0.05064349933987027,-0.019049513738349184
1.2711547115713717,0.9219524997661391,1.770819716668728,0.7522181807692838,-0.35941493924567847,0.5829222017135578,-0.19296952411517532,1.4257459807625041,-0.6939717776376265,1.322037521257189,-0.15091321672487892,-0.3271221176997546,-0.28011614651293526,0.8465763742039746,0.21352650462852105,0.4106527219098763
0.18771693024005484,0.875863548147419,-0.20892176297968923,-1.0462733063542569,-0.25668246654172505,0.5829222017135578,-0.19296952411517532,1.4257459807625041,-0.6939717776376265,1.322037521257189,-0.0094498859118801,-0.3725914245525058,-0.30942106800797,1.2713834079324107,-0.28036113531997103,0.09635071783839785
-1.3420883585486776,0.13844032224789315,-0.46437227648271107,0.7902144797930202,0.5651773150899024,0.5829222017135578,-0.19296952411517532,1.4257459807625041,-0.6939717776376265,1.322037521257189,-0.33288600459565215,-0.36666627409406854,-0.27449610293501975,0.18772774150840857,-1.2709980034811066,0.030563013666191546
-1.6387171736466821,0.43801850776957557,-0.06523084913423978,1.600802192299405,-0.35941493924567847,0.5829222017135578,-0.19296952411517532,1.4257459807625041,-0.6939717776376265,1.322037521257189,-0.4181370249675761,-0.4089290945155187,-0.2412912553001551,-1.3423851992497136,-1.557512684622276,-0.04649389924248029
-0.475772509960656,0.5071519351976562,0.04652875052333206,1.600802192299405,-0.35941493924567847,0.5829222017135578,-0.19296952411517532,1.4944475239761437,-0.6939717776376265,1.322037521257189,-0.3785170584874507,-0.32196569094821764,-0.3695390428029693,-1.6390736679780278,0.27120557745848556,-1.044234057652997
-0.14516603893935567,0.46106298357893566,0.6532237200930086,1.9427688835130357,-0.35941493924567847,0.5829222017135578,-0.19296952411517532,1.4944475239761437,-0.6939717776376265,1.322037521257189,-0.30603820637921764,-0.3468825632684737,-0.4877394331041507,-0.47589512994296085,0.7789881459885725,-1.3766231069185952
0.28468470081362973,0.43801850776957557,2.058201544359627,-0.6789757491248013,-0.35941493924567847,0.5829222017135578,-0.19296952411517532,1.4944475239761437,-0.6939717776376265,1.322037521257189,-0.24858159409159172,-0.1488880226738446,-0.39196163953670976,-0.145222172204267,0.8462174008887654,-0.42214836602438655
-0.5862585539009556,-0.18418233908314896,-0.48033793357665017,1.0941848719829146,-0.35941493924567847,0.5829222017135578,-0.19296952411517532,1.4944475239761437,-0.6939717776376265,1.322037521257189,-0.15081846470337446,-0.007467189882123125,-0.37646320907951664,0.2847150128157062,1.2713955777808443,-0.32519995607212016
-0.2484177548331961,-0.5989829036516322,-0.3526126768251392,0.27093172646861796,-0.25668246654172505,0.5829222017135578,-0.19296952411517532,1.4944475239761437,-0.6939717776376265,1.322037521257189,-0.39339159372728816,-0.33080614278466625,-0.3107702120779114,-0.5864033932135617,0.18679314880254538,0.13436995372814278
-1.1679775063777622,0.09235137062917295,-0.04926519204030071,1.5754713262835804,-0.35941493924567847,0.5829222017135578,-0.19296952411517532,1.4944475239761437,-0.6939717776376265,1.322037521257189,-0.31408888734737195,-0.4160315522816246,-0.12771299117760207,-0.2484946525666123,-1.3446566129412827,0.23229317828173496
-1.377847429535507,0.23061822548533392,-0.01733387785242312,1.1068503049908267,-0.35941493924567847,0.5829222017135578,-0.19296952411517532,1.4944475239761437,-0.6939717776376265,1.322037521257189,-0.29031089602730586,-0.3764234883218823,-0.3399730704754834,-1.168239332461608,-1.6416042908826216,0.014823002348604992
0.11697088214009123,-0.3685381455580305,1.8825793163263005,1.5121441612440192,-0.35941493924567847,0.5829222017135578,-0.19296952411517532,1.5631490671897834,-0.6939717776376265,1.322037521257189,-0.3240919685420908,-0.30396641010926845,-0.4804446925073747,-1.378151461575659,-0.477409513171157,-1.077932067628539
-0.27620724043964634,0.6684632658631773,0.6691893771869476,1.2335046350699492,0.102881187922112,0.5829222017135578,-0.19296952411517532,1.5631490671897834,0.0026285511556547137,1.5149905601101274,-0.2722322963557366,-0.2465270587776619,-0.5100624524141715,0.1169674660023927,-0.14644765483072622,-1.2776458801164785
-0.4151174635667241,-0.552893952032912,-0.46437227648271107,2.2467392757029296,-0.35941493924567847,0.5829222017135578,-0.19296952411517532,1.5631490671897834,0.0026285511556547137,1.5149905601101274,-0.33373377498593265,-0.1487932991174795,-0.42712350881360656,-0.27628972678622643,0.28386515543635144,-0.5325410787445863
0.06149578996935725,0.13844032224789315,0.1423226930869654,1.9554343165209482,-0.35941493924567847,0.5829222017135578,-0.19296952411517532,1.5631490671897834,0.0026285511556547137,1.5149905601101274,-0.33734964150164237,-0.3912935549951204,-0.5142916045218916,-0.4152278854970197,-0.5880143247170511,-1.4123096067014365
0.6102935584836253,-0.06895996003634809,1.6590601170111563,2.221408409687106,-0.35941493924567847,0.5829222017135578,-0.19296952411517532,1.5631490671897834,0.0026285511556547137,1.5149905601101274,-0.2901698130945099,-0.3120146725141872,-0.3932529846909859,0.06148121749595804,-0.24981036174780274,-0.06429315599656968
-0.3874252264252789,0.898908023956779,0.7809489768445195,1.6767947903468783,-0.35941493924567847,0.5829222017135578,-0.19296952411517532,1.5631490671897834,0.0026285511556547137,1.5149905601101274,-0.1038920169536647,-0.28824382451228875,-0.35039769569295015,0.6103893521565047,-1.1703585993128394,0.361525218844393
-0.6512275274679669,0.8528190723380589,1.4994035460717678,-0.14702756279248663,-0.35941493924567847,0.5829222017135578,-0.19296952411517532,1.5631490671897834,0.0026285511556547137,1.5149905601101274,-0.3418797520405287,-0.3220147486110124,-0.38197373363591997,-0.3875300792995935,-1.3804541233462317,-0.040269970138774244
0.6037458635385743,1.498064395000144,1.1002621187232964,-0.754968347172275,-0.35941493924567847,0.5829222017135578,-0.19296952411517532,1.631850610403423,0.0026285511556547137,1.5149905601101274,-0.3428319303941636,-0.2701706559634641,-0.48126449169538355,-0.6513854323862508,0.11597105183307341,-1.2307092352900177
1.1740686957051132,2.0050428628060675,2.3934803433323433,0.6508947167059856,-0.1539499938377716,0.5829222017135578,-0.19296952411517532,1.631850610403423,0.0026285511556547137,1.5149905601101274,-0.2096420805474857,-0.33165365849011874,-0.45860776014508997,0.6038403404352211,-0.2776297198209327,-1.2656621495078857
0.3757553097345974,0.875863548147419,0.6691893771869476,1.562805893275668,-0.35941493924567847,0.5829222017135578,-0.19296952411517532,1.631850610403423,0.0026285511556547137,1.5149905601101274,-0.17618431304696228,-0.33526843873724393,-0.34656090433815206,1.174277867552673,-0.4166892652877833,0.45312296346894254
0.3641499578783992,0.3458406045321348,0.8927085765020912,2.1960775436712807,-0.35941493924567847,0.5829222017135578,-0.19296952411517532,1.631850610403423,0.0026285511556547137,1.5149905601101274,-0.23881792839399021,-0.28810278396323596,-0.37054217115087296,0.37580393651986455,0.06043632639435116,0.041241614533999806
-0.3143558977616931,0.5993298384350966,-0.1929561058857507,-0.21035472783204792,-0.35941493924567847,0.5829222017135578,-0.19296952411517532,1.631850610403423,0.0026285511556547137,1.5149905601101274,-0.2302308098293017,-0.10188094888098025,-0.34520197170014383,0.36419625076576434,0.6098240282123885,0.03752896035285703
-1.0848584329326916,-0.3454936697486704,-0.33664701973120015,1.6767947903468783,0.15424742427408872,0.5829222017135578,-0.19296952411517532,1.631850610403423,0.0026285511556547137,1.5149905601101274,-0.38113391381585315,-0.3397971883528934,-0.31902598216436784,-0.3144460560058936,-0.3889672602174527,0.19946146650210908
-1.1527036035253542,-0.29940471812994984,1.259918689662685,1.7654528214022644,-0.35941493924567847,0.5829222017135578,-0.19296952411517532,1.631850610403423,0.0026285511556547137,1.5149905601101274,-0.36408215404743827,-0.3407490806557496,-0.3644738987864834,-1.085103543329367,-0.6530531370542211,-0.2915441061865188
0.36248973503072723,0.06930689481981286,0.36584189240210907,2.1454158116396322,-0.35941493924567847,0.5829222017135578,-0.19296952411517532,1.7005521536170627,0.0026285511556547137,1.5149905601101274,-0.31456857284212963,-0.20759924333415636,-0.3585515357102085,-1.1529623579462065,0.603269294785163,-1.2764001411110921
0.6050546657967932,0.6454187900538172,0.6691893771869476,1.9807651825367727,-0.35941493924567847,0.5829222017135578,-0.19296952411517532,1.7005521536170627,0.0026285511556547137,1.5149905601101274,-0.2226653989163788,-0.174151527123299,-0.40079447433581206,0.36253569403845914,1.1742051987459001,-1.5612428739887383
1.109911967840146,0.9219524997661391,1.132193432911174,2.2594047087108424,-0.35941493924567847,0.5829222017135578,-0.19296952411517532,1.7005521536170627,0.0026285511556547137,1.5149905601101274,-0.22336424667710386,-0.2367663262534148,-0.31387198116253123,0.605149405900526,0.37503366122986376,0.2568039547449398
2.3208189114097473,1.2215306852878212,2.680862171023243,2.335397306758316,-0.35941493924567847,0.5829222017135578,-0.19296952411517532,1.7005521536170627,0.0026285511556547137,1.5149905601101274,-0.00659863099966948,-0.22818178740705594,-0.3387771317812145,1.1101082374289528,0.3634158341342336,0.7616233725550715
2.739767508850852,1.7976425805218255,2.3934803433323433,2.094754079607983,-0.35941493924567847,-1.7154947899743744,-0.19296952411517532,1.7005521536170627,0.0026285511556547137,1.5149905601101274,0.8725117825842033,-0.37903955750186896,-0.14087573421385086,2.321258700816839,-0.31581938526061315,0.8284603130525937
2.5093181160168734,1.7515536289031053,3.3194884547807972,0.7395527477613714,-0.35941493924567847,-1.7154947899743744,-0.19296952411517532,1.7005521536170627,0.0026285511556547137,1.5149905601101274,0.013857406332157663,-0.3619929203758045,0.00047856965012812926,2.7402915510462047,-1.0871501765438158,1.251157374800027
0.9250625275939526,3.295533508130237,2.7766561135868755,-0.5396559860377665,-0.35941493924567847,-1.7154947899743744,-0.19296952411517532,1.7005521536170627,0.0026285511556547137,1.5149905601101274,-0.08144095138553974,-0.3124942139031597,-0.32270827416488285,2.5097958136152565,-1.1550682776910992,0.172884112412845
-0.5203163589530828,0.7836856449099782,-0.033299534946362196,1.3601589651490718,1.1815721513136233,-1.7154947899743744,-0.19296952411517532,1.7692536968307022,0.0026285511556547137,1.5149905601101274,-0.1993544389813809,-0.22061864927388522,-0.40789359087637017,0.9252216229784676,0.36175382662050487,-1.349628917853133
-0.10219916221470099,0.09235137062917295,0.38180754949604817,2.310066440742491,-0.35941493924567847,-1.7154947899743744,-0.19296952411517532,1.7692536968307022,0.0026285511556547137,1.5149905601101274,-0.23974775467102316,-0.22131728708870532,-0.3683041598292843,-0.520447936940022,0.6045795039478638,-1.644843766075193
0.41908207945284737,0.8067301207193383,0.8927085765020912,2.2467392757029296,-0.35941493924567847,-1.7154947899743744,-0.19296952411517532,1.7692536968307022,0.0026285511556547137,1.5149905601101274,-0.3368637903552876,-0.004616791536000903,-0.29588116776667867,-0.10224665461247728,1.1099795052389425,-0.487442613839549
1.0106868541091447,1.175441733669101,2.2657550865808327,2.2974010077345786,-0.25668246654172505,-1.7154947899743744,-0.19296952411517532,1.7692536968307022,0.0026285511556547137,1.5149905601101274,-0.3239557637440308,0.8742295221369838,-0.238468837761272,0.4191394194816422,2.3221881201613828,-0.15841207399958981
-0.06736247818384945,2.32766552413711,2.1859268011111386,2.36072817277414,-0.35941493924567847,-1.7154947899743744,5.18216544599624,1.7692536968307022,0.0026285511556547137,1.5149905601101274,-0.23013231575730503,0.015833100449857203,-0.1407810552185063,1.0108631690005296,2.7415870687962745,0.2693896581159872
-1.898659742051717,0.25366270129469404,-0.06523084913423978,0.5749021186585119,7.49961922260676,-1.7154947899743744,5.18216544599624,1.7692536968307022,0.0026285511556547137,1.5149905601101274,-0.4606950479586938,-0.07943662799967079,-0.3831672311428452,-0.06740296473942632,2.510889953067878,-0.5974019941570505
-1.8027635464201999,0.06930689481981286,-0.16102479169787312,1.6387984913231417,0.9761072059057163,-1.7154947899743744,-0.19296952411517532,1.7692536968307022,0.0026285511556547137,1.5149905601101274,-0.518117286637623,-0.19731469235278226,-0.30392564400899735,-1.899068512214297,0.9249313600284786,-0.26117161078362205
-1.5335989502824303,0.2767071771040545,0.06249440761727114,2.3480627397662284,-0.35941493924567847,-1.7154947899743744,5.18216544599624,1.837955240044342,0.0026285511556547137,1.5149905601101274,-0.479109441849549,-0.23769587319461788,-0.28016597858181497,-1.8031530313484696,-0.5220012448291235,-1.1763480153202222
-0.67905753326817,0.18452927386661375,0.5574297775293752,2.3227318737504037,-0.35941493924567847,-1.7154947899743744,-0.19296952411517532,1.837955240044342,0.0026285511556547137,1.5149905601101274,-0.47690559448376446,-0.3347827335489423,-0.3139210157470168,-1.5339343047807044,-0.10343459061590107,-1.3852175329054195
0.5663560389358958,0.5301964110070163,2.281720743674772,2.2974010077345786,-0.35941493924567847,-1.7154947899743744,-0.19296952411517532,1.837955240044342,0.0026285511556547137,1.5149905601101274,-0.4187950780741411,-0.32187858473121983,-0.26210131223525235,-0.6792210349484441,0.41840700530731845,0.10247529577363584
1.8867028687161798,1.8667760079499063,3.0800035983717144,1.892107151481387,-0.35941493924567847,-1.7154947899743744,-0.19296952411517532,1.837955240044342,0.0026285511556547137,1.5149905601101274,-0.2862927813152846,-0.22808332292437505,-0.3235553911715721,0.5664429965402127,1.010647728903757,-0.28882862978485024
-0.3553833306671788,1.8898204837592667,0.6053267488111919,0.9295342428800553,-0.35941493924567847,-1.7154947899743744,5.18216544599624,1.837955240044342,0.6992288799489359,1.3220375212571898,0.180932031678672,-0.45857679010957525,-0.32716847090930895,1.8870553550812066,-0.0685604586920701,-0.42707669723373826
-1.5649689475550388,1.2676196369065422,1.148159090005113,1.3221626661253354,-0.35941493924567847,-1.7154947899743744,-0.19296952411517532,1.837955240044342,0.6992288799489359,1.3220375212571898,-0.37705691705436045,-0.5159817781589091,-0.28002500438279215,-0.3554817397460606,-1.9018262860400366,0.04726464164390441
-1.7098245882018388,1.3597975401439826,1.068330804535419,1.3981552641728086,-0.35941493924567847,-1.7154947899743744,-0.19296952411517532,1.837955240044342,0.6992288799489359,1.3220375212571898,-0.46247049966468523,-0.47698565199931825,-0.09389077406686183,-1.5653106107263912,-1.8058270062439081,0.5934464071713575
-0.7317363637045644,1.0832638304316606,0.8927085765020912,0.08095023134993408,-0.35941493924567847,-1.7154947899743744,-0.19296952411517532,-1.7345250070649192,0.6992288799489359,1.3220375212571898,-0.47852946448866346,-0.4747824667072436,-0.33169509005485726,-1.7101953826119503,-1.5363730700822404,-0.3995164631346337
-0.22036599306354412,1.2676196369065422,0.8448116052202747,1.4108206971807211,-0.35941493924567847,-1.7154947899743744,-0.19296952411517532,-1.7345250070649192,0.6992288799489359,1.3220375212571898,-0.4339627754810158,-0.4166894076977014,-0.3326465345568274,-0.7319104593774516,-0.6809130588785183,-0.662061274356755
-0.42733688054097085,1.3137085885252624,0.8448116052202747,0.4355823555714774,-0.35941493924567847,-1.7154947899743744,-0.19296952411517532,-1.7345250070649192,0.6992288799489359,1.3220375212571898,-0.3980264081983711,-0.2842269169111388,-0.19955933521954825,-0.22043724943866685,0.5658392777764276,0.5869299237044059
-0.6241596696757126,1.0832638304316606,0.1423226930869654,1.9934306155446846,-0.35941493924567847,-1.7154947899743744,-0.19296952411517532,-1.7345250070649192,0.6992288799489359,1.3220375212571898,-0.3829804690755883,0.18285753370106264,-0.1661273538947824,-0.4274497598609255,1.8876054219419032,1.154534147454523
-0.6619653788124508,1.0602193546223,0.030563093429393548,1.3601589651490718,-0.35941493924567847,-1.7154947899743744,-0.19296952411517532,-1.7345250070649192,0.6992288799489359,1.3220375212571898,-0.3616548751589156,-0.37496378554042953,-0.22871269700088315,-0.6243121311040191,-0.3568909208400304,0.3600261526898917
-1.1332406493696991,1.1984862094784614,0.1582883501809039,0.8408762118246695,-0.35941493924567847,-1.7154947899743744,-0.19296952411517532,-1.7345250070649192,0.6992288799489359,1.3220375212571898,-0.34203006540893344,-0.4603517084392921,-0.22013219659888456,-0.6621254431696759,-1.5677767887130467,0.34847612109346976
-0.5757969766047839,0.9449969755754992,1.770819716668728,2.107419512615895,-0.35941493924567847,-1.7154947899743744,-0.19296952411517532,-1.7345250070649192,0.6992288799489359,1.3220375212571898,-0.30106549997140214,-0.4764058488736221,-0.3709189983258277,-1.1334954896870901,-1.7127881427602267,-0.3267954405192776
1.4932333691068165,1.2906641127159018,2.5531369142717315,0.14427739638949538,-0.35941493924567847,-1.7154947899743744,-0.19296952411517532,-1.6658234638512794,0.6992288799489359,1.3220375212571898,-0.28104807306453056,-0.431852548467012,-0.35388038048848625,-0.5759397120386274,-0.7336485167253378,-1.0936251529329741
1.0418402525278658,1.2676196369065422,0.7011206913748251,1.8287799864418257,-0.1539499938377716,-1.7154947899743744,-0.19296952411517532,-1.6658234638512794,0.6992288799489359,1.3220375212571898,0.06947336233426327,-0.3959269770881017,-0.3044049598062109,1.4935067266654933,-0.22172844557620755,-1.161146919934926
2.8840330281304554,1.1984862094784614,3.4791450257201855,1.3094972331174228,-0.3080487028937018,-1.7154947899743744,-0.19296952411517532,-1.6658234638512794,0.6992288799489359,1.3220375212571898,-0.13597433810576168,-0.3808855580245972,-0.21257261641018663,1.0420228325331493,-0.4289218175942769,0.34682381217726305
-0.034506863262109874,1.0371748788129405,-0.36857833391907774,-1.3629091315520632,-0.25668246654172505,-1.7154947899743744,-0.19296952411517532,-1.6658234638512794,0.6992288799489359,1.3220375212571898,3.745453479425311,-0.3595663706836697,-0.21327092556321214,2.884586082888025,-0.6259561825132381,0.5882324871788449
-0.5613832069561261,0.46106298357893566,-0.1929561058857507,0.6382292836980732,-0.10258375748579489,-1.7154947899743744,-0.19296952411517532,-1.6658234638512794,0.6992288799489359,1.3220375212571898,-0.3461810265295608,-0.33994745656457315,0.003327627076798366,-0.03454074237900794,-0.6638025311134944,1.09068324115325
-1.3127469495214956,0.06930689481981286,0.3019792640263539,2.2720701417187548,-0.35941493924567847,-1.7154947899743744,-0.19296952411517532,-1.6658234638512794,0.6992288799489359,1.3220375212571898,-0.3957232806017971,-0.2989951975881125,0.8817605030564468,-0.5615230437043321,-1.1355844017214265,2.2958180472199805
-0.4985931147168198,0.7606411691006181,1.9624076017959948,2.1327503786317195,-0.35941493924567847,-1.7154947899743744,-0.19296952411517532,-1.6658234638512794,0.6992288799489359,1.3220375212571898,-0.4481688416011109,-0.2789837842610833,0.02376789877291972,-1.3130378895093247,-0.5775415016884602,2.712769605232163
1.9857010693621728,1.6132867740469448,2.377514686238404,1.9934306155446846,-0.35941493924567847,-1.7154947899743744,-0.19296952411517532,-1.59712192063764,0.6992288799489359,1.3220375212571898,-0.4041628622511452,0.0714323484607968,-0.07145701171906307,-0.4987203240439565,1.493712960040865,2.483418715953684
2.0442553278927234,1.451975443381423,1.6750257741050947,1.5881367592914926,-0.35941493924567847,-1.7154947899743744,-0.19296952411517532,-1.59712192063764,0.6992288799489359,1.3220375212571898,-0.28964660677661824,-0.1339536319511862,-0.18927962242315438,1.9860734647911948,1.041834615846498,0.9067149391250641
1.5918392606042044,1.7745981047124657,1.3876439464141959,0.49890952061103866,-0.10258375748579489,-1.7154947899743744,-0.19296952411517532,-1.59712192063764,0.6992288799489359,1.3220375212571898,-0.2426662019002968,3.7463081378060363,-0.22964180665318004,2.0446394988941563,2.886007667121915,-0.5317741317171393
1.369280622955485,1.7054646772843851,1.0044681761596632,0.030288499318285013,-0.1539499938377716,-1.7154947899743744,-0.19296952411517532,-1.59712192063764,0.6992288799489359,1.3220375212571898,-0.2101939330192593,-0.3440971706649797,-0.32668299421241653,1.592132448331423,-0.035669525438933834,-0.11565001129622769
0.6093111279678189,1.3597975401439826,0.38180754949604817,-1.0336078733463445,0.051514951570135296,-1.7154947899743744,-0.19296952411517532,-1.59712192063764,0.6992288799489359,1.3220375212571898,-0.1927652581861768,-0.39362454139072905,-0.3137849159231115,1.3695290529585153,-0.5631122378755831,0.40314639285300363
-0.9405744953831956,1.3137085885252624,0.23811663565059815,1.0815194389750022,1.4384033330735069,-1.7154947899743744,-0.19296952411517532,-1.59712192063764,0.6992288799489359,1.3220375212571898,-0.29825474957757964,-0.4460543468401456,-0.2200337784370768,0.6094067240687032,-1.3152836631984535,0.9919311125704758
-1.2869517941784738,1.0602193546223,0.28601360693241484,1.1068503049908267,0.9761072059057163,-1.7154947899743744,-0.19296952411517532,-1.59712192063764,0.6992288799489359,1.3220375212571898,-0.42166020023581335,-0.4020615876443782,-0.45041881405020395,-0.9407905895136417,-0.5002546490670778,-0.08097938637622525
-0.6052326871737934,1.175441733669101,0.07846006471120964,1.3981552641728086,-0.25668246654172505,-1.7154947899743744,-0.19296952411517532,-1.5284203774240002,0.6992288799489359,1.3220375212571898,-0.42618117018154816,-0.2875797348255344,-0.5077967969389359,-1.2872375466235482,1.9867100412705603,-1.9035472431894798
-0.7891785270992978,1.1293527820503808,1.4355409176960119,1.7781182544101763,-0.35941493924567847,-1.7154947899743744,5.18216544599624,-1.5284203774240002,0.6992288799489359,1.3220375212571898,-0.41666728324521984,-0.24061344367207368,-0.4688190158166942,-0.605381342285385,2.0453272430366094,-1.8081081644570989
0.9469438005858506,1.7745981047124657,1.4515065747899512,0.9548651088958796,-0.35941493924567847,-1.7154947899743744,-0.19296952411517532,-1.5284203774240002,0.6992288799489359,1.3220375212571898,-0.43530252706104416,-0.20815093001994178,-0.4666168669741455,-0.7893641746963572,1.5924248485059513,-1.5402266190674174
0.9802289295613698,2.0050428628060675,1.132193432911174,0.5495712526426875,0.5651773150899024,0.5829222017135578,-0.19296952411517532,-1.5284203774240002,0.6992288799489359,1.3220375212571898,-0.3751918947598203,-0.1907274910609875,-0.4085511368160101,0.9471072964105903,1.3696269701752846,-0.6897586204005356
0.20263757067602575,0.6454187900538172,-0.33664701973120015,-0.045704098729188486,3.2875878417446684,0.5829222017135578,-0.19296952411517532,-1.5284203774240002,0.6992288799489359,1.3220375212571898,-0.3706524137080627,-0.2961852915921234,-0.2761509606637497,0.9803991192023459,0.6088405416272734,0.5497183284941353
-0.9787739871301356,0.16148479805725363,0.31794492112029243,1.1828429030383003,-0.05121752113381818,0.5829222017135578,-0.19296952411517532,-1.5284203774240002,0.6992288799489359,1.3220375212571898,-0.3757220770545449,-0.4195536691273246,0.19071375833571133,0.20265138256442464,-0.9427111401494578,1.8637713439615662
-1.4428919180090538,0.5301964110070163,0.22215097855665966,1.4741478622202824,2.3629955874090878,0.5829222017135578,-0.19296952411517532,-1.5284203774240002,0.6992288799489359,1.3220375212571898,-0.4467879867540247,-0.4240732808958142,-0.3668451437391693,-0.978997763381275,-1.2894607792054884,-0.36762730432230023
0.07943297464751554,0.20757374967597383,0.509532806247559,1.866776285465562,-0.35941493924567847,0.5829222017135578,-0.19296952411517532,-1.4597188342103606,1.2091757131948027,0.7948800156361522,-0.4497621008699252,-0.4145622520949979,-0.4521928974010074,-1.4432090308413323,-0.6070088543430996,-1.5714470821923494
0.9669180459135831,0.875863548147419,1.770819716668728,1.3728243981569843,-0.35941493924567847,0.5829222017135578,-0.19296952411517532,-1.4597188342103606,1.2091757131948027,0.7948800156361522,-0.3845989594240412,-0.4331918975625885,-0.4682394854491164,0.07942200943723145,-0.7911524279025354,-1.7156122266120695
0.12743687982103685,1.498064395000144,0.09442572180514873,-0.46366338799029305,-0.20531623018974834,0.5829222017135578,-0.19296952411517532,-1.4597188342103606,1.2091757131948027,0.7948800156361522,-0.3520496882205345,-0.37309932353071157,-0.42370714435412216,0.9670855586651548,0.9468361544200751,-0.7421863419846899
-0.06962903047622283,1.3137085885252624,0.07846006471120964,0.8915379438563183,0.25697989697804213,0.5829222017135578,-0.19296952411517532,-1.4597188342103606,1.2091757131948027,0.7948800156361522,-0.4144224887192974,-0.3685612062172543,-0.38779847352441094,0.12743556845106385,0.9801570634355825,-0.23325356583423615
0.40268503050269017,0.8528190723380589,1.4355409176960119,1.8161145534339131,-0.35941493924567847,0.5829222017135578,-0.19296952411517532,-1.4597188342103606,1.2091757131948027,0.7948800156361522,-0.4584716356755514,-0.3736293465495425,-0.3727641304302829,-0.06966997284750487,0.20172982826639094,-0.43923786682955945
0.21161095176527212,1.1293527820503808,1.9464419447020558,1.7907836874180887,-0.35941493924567847,0.5829222017135578,-0.19296952411517532,-1.4597188342103606,1.2091757131948027,0.7948800156361522,-0.4226283213638229,-0.4446739068256406,-0.351454972323706,0.40273907299784545,-0.9809516946587876,-0.635122443322432
0.26316737283471453,1.7285091530937455,1.1641247470990517,1.7527873883943519,-0.35941493924567847,0.5829222017135578,-0.19296952411517532,-1.4597188342103606,1.2091757131948027,0.7948800156361522,-0.40760674184597245,-0.4476471274664317,-0.33184528757551646,0.21162656824827164,-1.4455685317651186,-0.6727479406330759
0.6234593061646996,1.7515536289031053,0.39777320658998666,1.0941848719829146,-0.35941493924567847,0.5829222017135578,-0.19296952411517532,-1.391017290996721,1.2091757131948027,0.7948800156361522,-0.3693038832096999,-0.382503562150671,-0.29091229386446654,0.2631933575878416,0.07839279275189046,-1.1417767415686866
0.7666827197340604,1.336753064334622,0.36584189240210907,1.6514639243310538,-0.35941493924567847,0.5829222017135578,-0.19296952411517532,-1.391017290996721,1.2091757131948027,0.7948800156361522,-0.36596419561585625,-0.34996406930889395,-0.27091029455264976,0.6235577475393697,0.9668318711771984,-0.5869902849890377
0.8398946058065806,1.336753064334622,0.4616358349657424,1.3474935321411599,-0.35941493924567847,0.5829222017135578,-0.19296952411517532,-1.391017290996721,1.2091757131948027,0.7948800156361522,-0.32743030760443026,-0.41231813194401756,0.07934099110169822,0.7668099640979542,0.12644829999815616,1.472177430306179
0.746977012781293,1.4750199191907833,0.5414641204354367,1.6387984913231417,-0.35941493924567847,0.5829222017135578,-0.19296952411517532,-1.391017290996721,1.2091757131948027,0.7948800156361522,-0.305979509370457,-0.4563540457777809,-0.12594836911098026,0.8400365734696407,-0.0708294474278088,1.0229360093224837
0.9563360131323478,1.175441733669101,0.7170863484687637,1.6767947903468783,-0.35941493924567847,0.5829222017135578,-0.19296952411517532,-1.391017290996721,1.2091757131948027,0.7948800156361522,-0.3620977668293402,-0.4205214994150715,3.7524880001744294,0.7471002942228484,0.40199233025550013,2.856347441268535
-0.001821064788733703,1.4058864917627028,1.579231831541462,1.1068503049908267,-0.35941493924567847,0.5829222017135578,-0.19296952411517532,-1.391017290996721,1.2091757131948027,0.7948800156361522,-0.31199951616740745,-0.40550443263845437,-0.3359930495163714,0.9565013977809189,0.21071285534302223,-0.048280387227544665
-1.2156042053839842,1.1063083062410204,0.6532237200930086,1.0435231399512654,-0.35941493924567847,0.5829222017135578,-0.19296952411517532,-1.391017290996721,1.2091757131948027,0.7948800156361522,-0.3794368357622662,-0.36721308084068166,-0.3854971209671607,-0.0018483706179427345,0.2623246972825137,-0.5726452227342789
-0.00010227184282029593,0.5532408868163764,0.9086742335960304,1.3601589651490718,-0.35941493924567847,0.5829222017135578,-0.19296952411517532,-1.3223157477830814,1.2091757131948027,0.7948800156361522,-0.42734543813488324,-0.3638743965465172,-0.43790226174257246,-1.2158756094499772,0.6230039284893215,-1.320427373122157
-0.2801550124073617,0.48410745938829575,-0.3206813626372616,-0.02037323271336406,0.5651773150899024,0.5829222017135578,-0.19296952411517532,-1.3223157477830814,1.2091757131948027,0.7948800156361522,-0.3767806117196969,-0.3253520847787948,-0.3939301981617293,-0.0001292320136382505,0.7663813008872192,-0.5101544375954462
-0.10188420979962837,0.25366270129469404,0.1103913788990878,0.19493912842114422,-0.20531623018974834,0.5829222017135578,-0.19296952411517532,-1.3223157477830814,1.2091757131948027,0.7948800156361522,-0.4006919613124697,-0.30390773073410027,-0.2795022013042998,-0.28023829267185374,0.8396718864958961,1.9622976411060558
0.37569379271317227,0.898908023956779,0.3498762353081706,0.7522181807692838,-0.05121752113381818,0.5829222017135578,-0.19296952411517532,-1.3223157477830814,1.2091757131948027,0.7948800156361522,-0.3772429509279539,-0.36000912930180773,-0.2325580046112436,-0.10193163885880108,0.7466544111719249,2.0205727838602767
0.15669872192230502,0.9680414513848598,0.25408229274453725,-0.43833252197446865,-0.3080487028937018,0.5829222017135578,-0.19296952411517532,-1.3223157477830814,1.2091757131948027,0.7948800156361522,-0.2575559950040946,-0.30992592901731447,-0.20011076237409678,0.37574240712703966,0.9562384631792304,1.5703132883568693
-1.1016337931463414,0.9680414513848598,0.06249440761727114,1.1575120370224758,-0.35941493924567847,0.5829222017135578,-0.19296952411517532,-1.3223157477830814,1.2091757131948027,0.7948800156361522,-0.2873529329964193,-0.3773429892797614,-0.1826955199636187,0.1567032952642077,-0.0029485911793245435,1.34881554070121
-0.9563029611364365,0.23061822548533392,0.6851550342808861,1.4994787282361068,-0.35941493924567847,0.5829222017135578,-0.19296952411517532,-1.3223157477830814,1.2091757131948027,0.7948800156361522,-0.4270461792357765,-0.4252371990830016,-0.28810370973902,-1.1018822771570609,-1.2180364949118763,0.592468659694206
0.7118743689332587,0.9219524997661391,1.4515065747899512,-0.7929646461960117,-0.35941493924567847,0.5829222017135578,-0.19296952411517532,-1.2536142045694416,1.2091757131948027,0.7948800156361522,-0.4406926284149504,-0.37468756321264785,-0.411414050804539,-0.9565222183448899,-0.0012279506070918406,-0.9500289864227094
2.6566598547331077,1.498064395000144,3.032106627089897,0.6002329846743364,-0.35941493924567847,0.5829222017135578,-0.19296952411517532,-1.2536142045694416,1.2091757131948027,0.7948800156361522,-0.19429034869319667,-0.3985917294241308,-0.4159315364016659,0.7119905910466828,-0.28158173546873033,-1.294755177833447
2.324732057030072,2.4889768548026305,0.828845948126336,0.14427739638949538,-0.35941493924567847,0.5829222017135578,-0.19296952411517532,-1.2536142045694416,1.2091757131948027,0.7948800156361522,-0.10046392316589298,-0.3751497635262429,-0.4064249818960108,2.657167183537777,-0.1031192996409264,-0.6162856817463203
1.267187416237581,1.8437315321405465,0.9565712048778464,-0.10903126376874978,-0.25668246654172505,0.5829222017135578,-0.19296952411517532,-1.2536142045694416,1.2091757131948027,0.7948800156361522,-0.058050431802596746,-0.2554987636255469,-0.42504586337662215,2.3251726333915332,0.3749720780803642,-0.7993546907255908
0.1260709809261688,0.898908023956779,0.49356714915362,0.5875675516664244,-0.35941493924567847,0.5829222017135578,-0.19296952411517532,-1.2536142045694416,1.2091757131948027,0.7948800156361522,-0.2898279225661274,-0.2852867501044475,-0.3649815588326043,1.2674153147544553,0.15574159728414913,0.9284919087127098
-0.7602231650089643,1.4058864917627028,0.28601360693241484,0.3849206235398281,-0.35941493924567847,0.5829222017135578,-0.19296952411517532,-1.2536142045694416,1.2091757131948027,0.7948800156361522,-0.3527587692313625,-0.42493803008642284,-0.3604455763961158,0.12606939486667285,-1.1039435695269857,0.9616183745124435
-1.11119103339103,1.4058864917627028,0.36584189240210907,0.8662070778404939,-0.35941493924567847,0.5829222017135578,-0.19296952411517532,-1.2536142045694416,1.2091757131948027,0.7948800156361522,-0.380446496122694,-0.43858037963720375,-0.365511332511487,-0.7604029895289061,-0.9584565133070239,0.1877336293089893
0.33413444017333077,0.7836856449099782,0.5254984633414976,0.44824778857938935,-0.35941493924567847,0.5829222017135578,-0.19296952411517532,-1.184912661355802,1.2091757131948027,0.7948800156361522,-0.3941605843704028,-0.19225212340454942,-0.4365224711316395,-1.1114414394135275,0.7115140335358827,-0.9880463892650692
1.5749743875989022,1.3137085885252624,2.1220641727353833,1.1068503049908267,-0.35941493924567847,0.5829222017135578,-0.19296952411517532,-1.184912661355802,1.3958292087422168,0.07476947116217694,-0.3069273837410058,-0.09845388495163115,-0.439494293073404,0.334174696780653,2.6583900776298486,-1.4499519680480586
1.791601605613012,1.382842015953343,2.281720743674772,1.0055268409275289,-0.35941493924567847,0.5829222017135578,-0.19296952411517532,-1.184912661355802,1.3958292087422168,0.07476947116217694,0.13511347085064662,-0.05605313533171143,-0.37438137339495303,1.5752641837105787,2.326105472239999,0.06511632355331029
1.131722146310278,1.336753064334622,0.5574297775293752,0.9042033768642308,-0.3080487028937018,0.5829222017135578,-0.19296952411517532,-1.184912661355802,1.3958292087422168,0.07476947116217694,-0.20528852879021806,-0.2877609961446572,-0.3418571881816584,1.7919349666088826,1.267424017780217,0.9483709410340591
2.100556295285222,1.1293527820503808,2.010304573077811,0.8282107788167571,-0.3080487028937018,0.5829222017135578,-0.19296952411517532,-1.184912661355802,1.3958292087422168,0.07476947116217694,-0.24030273551631692,-0.3506729372995724,-0.4041819174516362,1.1319228020418237,0.12508093282244973,0.11289140425538251
0.2819912130252688,2.0280873386154274,0.5254984633414976,-0.41300165595864397,-0.05121752113381818,0.5829222017135578,-0.19296952411517532,-1.184912661355802,1.3958292087422168,0.07476947116217694,-0.2911080990414511,-0.37835234632082554,-0.44819711536913953,2.10095178871025,-0.7621659400799198,-0.08323513449280419
-0.2325684652294946,1.336753064334622,0.7649833197505803,0.8408762118246695,-0.35941493924567847,0.5829222017135578,-0.19296952411517532,-1.184912661355802,1.3958292087422168,0.07476947116217694,-0.3377146113769967,-0.3920623146202,-0.4123814257936569,0.28202098335264414,-1.1135110833818016,0.38682750517005543
0.7810165540914086,1.6132867740469448,0.7170863484687637,-0.856291811235573,0.4624448423859491,0.5829222017135578,-0.19296952411517532,-1.1162111181421623,1.3958292087422168,0.07476947116217694,-0.3064247816210346,-0.304855320346861,-0.39737142353031385,-0.23264217558658534,0.3333680510765344,0.19666423618689938
2.904215031542521,1.9128649595686265,2.952278341620203,0.7775490467851082,-0.20531623018974834,0.5829222017135578,-0.19296952411517532,-1.1162111181421623,1.3958292087422168,0.07476947116217694,-0.3077995557472823,0.13705273755793318,-0.35909808522126574,0.7811466810655282,1.5755418465088409,0.2479748986923588
2.3379718461560923,2.1202652418528682,1.2918500038505625,-0.48899425400611746,-0.35941493924567847,0.5829222017135578,-0.19296952411517532,-1.1162111181421623,1.3958292087422168,0.07476947116217694,1.394208750587129,-0.20324699945882638,-0.35576097155203523,2.904772145008177,1.7924019291913975,0.6065493965155118
1.0882244550474702,1.498064395000144,0.2700479498384763,-1.3629091315520632,-0.20531623018974834,0.5829222017135578,-0.19296952411517532,-1.1162111181421623,1.3958292087422168,0.07476947116217694,-0.10487435239444584,-0.2382506873141062,-0.3172567819240674,2.3384150851094723,1.1318131286853097,0.7490900943393374
1.5139550278265925,1.659375725665665,0.9086742335960304,0.6255638506901612,1.7979669875373439,0.5829222017135578,-0.19296952411517532,-1.1162111181421623,1.3958292087422168,0.07476947116217694,-0.26464651484757923,-0.2890407880329167,-0.295822515996184,1.0884163631622579,2.1016887314763952,0.8219529948225857
-0.08648911473135523,1.6363312498563045,0.3019792640263539,-0.9702807083067834,-0.3080487028937018,0.5829222017135578,-0.19296952411517532,-1.1162111181421623,1.3958292087422168,0.07476947116217694,-0.23836385540930038,-0.3356332989693611,-0.35189752265388863,1.5142325526209044,0.28116877226786907,0.7294783203272692
-0.7024796787188675,1.4058864917627028,0.44567017787180335,-0.10903126376874978,-0.35941493924567847,0.5829222017135578,-0.19296952411517532,-1.1162111181421623,1.3958292087422168,0.07476947116217694,-0.33855300946285705,-0.304352869217224,-0.3018378831245335,-0.0865334477551361,-0.23394403485948612,0.9378393505668244
-1.1401751279823957,1.5671978224282237,0.1423226930869654,-0.5143251200219421,-0.35941493924567847,0.5829222017135578,5.18216544599624,-1.0475095749285228,1.3958292087422168,0.07476947116217694,-0.3966626431421972,-0.3057272303376437,-0.3692232282242122,-0.7026478907170023,0.7807305434818876,-0.015750395048104906
0.16276348983090094,0.8067301207193383,1.0204338332536023,0.7648836137771958,-0.35941493924567847,0.5829222017135578,-0.19296952411517532,-1.0475095749285228,1.3958292087422168,0.07476947116217694,-0.4391764531096407,1.395769763384509,-0.41709490704414265,-1.1404313628602694,2.9062113652941135,-1.2237476879170808
1.0448987904254061,0.8528190723380589,1.754854059574789,0.536905819634775,-0.35941493924567847,0.5829222017135578,-0.19296952411517532,-1.0475095749285228,1.3958292087422168,0.07476947116217694,-0.4097306656669307,-0.10286298921127428,-0.36656905135529283,0.16276928282984407,2.339359493553154,-0.014039795224937602
1.6443898998821762,1.5441533466188642,1.9304762876081165,0.6255638506901612,-0.35941493924567847,0.5829222017135578,-0.19296952411517532,-1.0475095749285228,1.3958292087422168,0.07476947116217694,-0.20173815788967348,-0.2625871533547366,-0.3904619722748677,1.0450819855189066,1.088268679330204,-0.29275758355786563
-0.19707498569444326,0.8297745965286983,-0.14505913460393405,-1.00827700733052,3.0821228963367617,0.5829222017135578,-0.19296952411517532,-1.0475095749285228,1.3958292087422168,0.07476947116217694,-0.24079322589458754,-0.23631238968007096,-0.367031034234931,1.644693655822085,1.5144568936263374,-0.11533656019275984
-1.133137138692935,0.09235137062917295,-0.25681873426150587,-0.50165968701403,1.1302059149616464,0.5829222017135578,-0.19296952411517532,-1.0475095749285228,1.3958292087422168,0.07476947116217694,-0.36545475174352626,-0.33647144518599514,-0.24743632202940388,-0.19714155812427,-0.08770765552705483,0.35996492890710746
-1.5081360605281864,-0.3454936697486704,0.4616358349657424,0.5495712526426875,-0.3080487028937018,0.5829222017135578,-0.19296952411517532,-1.0475095749285228,1.3958292087422168,0.07476947116217694,-0.2470074863918992,-0.39456362173044146,-0.2772102952772908,-1.133391958193779,-0.704360382098587,0.14201376133916627
-0.22602887432319085,-0.0920044358457086,0.49356714915362,0.6382292836980732,-0.35941493924567847,0.5829222017135578,-0.19296952411517532,-0.9788080317148832,1.3958292087422168,0.07476947116217694,-0.2593974725833494,-0.4370646598170718,-0.41679587878632324,-1.5084662943040805,-1.142526334591616,-1.110320548549569
0.23698764401644437,-0.045915484226988004,0.6212924059051309,0.8155453458088451,-0.35941493924567847,0.5829222017135578,-0.19296952411517532,-0.9788080317148832,1.3958292087422168,0.07476947116217694,-0.2393035618957529,-0.40762771839611234,-0.4304318105352175,-0.2261012695338142,0.16181288454973625,-0.9656824779035513
0.38385013935020484,0.48410745938829575,1.3397469751323792,-0.24835102685578478,-0.35941493924567847,0.5829222017135578,-0.19296952411517532,-0.9788080317148832,1.3958292087422168,0.07476947116217694,-0.18149799266877115,-0.19969769515085536,-0.1842194350708795,0.2370083638870481,1.0448964415368647,0.6945430033643282
0.31001755758247146,1.0832638304316606,0.1263570359930263,-0.5396559860377665,-0.35941493924567847,-1.7154947899743744,-0.19296952411517532,-0.9788080317148832,1.3958292087422168,0.07476947116217694,-0.28279597369322135,-0.2387410303406185,-0.0904653223390818,0.38390039404870474,1.6450319773945286,2.6300581077387206
-1.4089109467971797,0.9910859271942198,-0.0013682207584846068,-0.03303866572127628,-0.35941493924567847,-1.7154947899743744,5.18216544599624,-0.9788080317148832,1.3958292087422168,0.07476947116217694,-0.298116492731759,-0.3633651057199016,-0.04808451940135879,0.3100529641566038,-0.1984124014053672,2.2997125397020852
-1.3362799729569181,0.5762853626257365,-0.033299534946362196,-0.8182955122118364,-0.25668246654172505,-1.7154947899743744,5.18216544599624,-0.9788080317148832,1.3958292087422168,0.07476947116217694,-0.39557907265324777,-0.24495342396703634,-0.27968337735224325,-1.4092212258756518,-1.1354807797752677,1.2472089907246964
-1.6605962364461917,0.6223743142444571,-0.08119650622817887,-0.08370039775292534,-0.10258375748579489,-1.7154947899743744,5.18216544599624,-0.9788080317148832,1.3958292087422168,0.07476947116217694,-0.39302752093635757,-0.2573396879932175,-0.34256572269793706,-1.3365756455607596,-1.5108828088488504,0.11153201631189523
-1.3348171939624398,-0.5068050004141915,-0.1929561058857507,-0.21035472783204792,-0.3080487028937018,-1.7154947899743744,5.18216544599624,-0.9101064885012435,1.3958292087422168,0.07476947116217694,-0.4306086351733684,-0.23725181386250851,-0.37023211043112125,-1.6609571307732804,-0.2273974141824909,-0.7705373527272971
-0.19034052949273564,0.6684632658631773,-0.4005096481069559,-1.1349313374096428,-0.35941493924567847,-1.7154947899743744,-0.19296952411517532,-0.9101064885012435,1.3958292087422168,0.07476947116217694,-0.4167509301058591,-0.17946361042422154,-0.3839356291185656,-1.3351125723936557,0.2361168264148409,-1.1198322314497124
0.12970122192102165,0.898908023956779,-0.27278439135544497,-0.7802992131880995,-0.35941493924567847,-1.7154947899743744,-0.19296952411517532,-0.9101064885012435,1.3958292087422168,0.07476947116217694,-0.38875846208773707,-0.28073115979031765,-0.2967696598321831,-0.19040574758764905,0.3831371924289188,0.3186036810182172
0.154713600793814,-0.06895996003634809,0.36584189240210907,0.3089280254923548,-0.35941493924567847,-1.7154947899743744,-0.19296952411517532,-0.9101064885012435,1.3958292087422168,0.07476947116217694,-0.40489182314086336,-0.29604707628104077,0.14493051024821632,0.12970036592227238,0.3092252439046369,1.553528806637183
-0.33470513906433635,0.3458406045321348,0.9725368619717856,0.2582662934607055,-0.35941493924567847,-1.7154947899743744,-0.19296952411517532,-0.9101064885012435,1.2091757131948029,-0.645341073311798,-0.4624105091386926,-0.3934803767647314,-0.1952091387803179,0.15471777491731345,-1.4115510325136595,1.7691234084821628
-1.3284724683515508,0.898908023956779,-0.14505913460393405,-0.8056300792039239,-0.35941493924567847,-1.7154947899743744,-0.19296952411517532,-0.9101064885012435,1.2091757131948029,-0.645341073311798,-0.5219433973382293,-0.39092959157792734,-0.23019635977018565,-0.3347993896490512,-1.3388419835921717,1.1123894551116909
-1.3836329764726016,-0.06895996003634809,-0.25681873426150587,0.0936156643578463,-0.35941493924567847,-1.7154947899743744,-0.19296952411517532,-0.9101064885012435,1.2091757131948029,-0.645341073311798,-0.5293481069688126,-0.42849941580088796,-0.2809625671850603,-1.3287665708247451,-1.6635068727059705,2.0766053764391206
-0.030867413132314295,-0.4376715729861112,0.1263570359930263,0.4735786545952138,-0.35941493924567847,-1.7154947899743744,-0.19296952411517532,-0.8414049452876039,1.2091757131948029,-0.645341073311798,-0.5113947115796272,-0.41464587382667945,-0.3275331594993877,-1.3839381720169734,-1.3373776321750372,0.2667090096147071
-0.036356057558826906,0.16148479805725363,1.3716782893202568,0.3089280254923548,-0.35941493924567847,-1.7154947899743744,-0.19296952411517532,-0.8414049452876039,1.2091757131948029,-0.645341073311798,-0.32933508777717135,-0.3866618152281194,-0.296267445071787,-0.030900560336459715,-0.19167070596140298,-0.24539787139408126
0.35307173690639015,0.46106298357893566,-0.7677197612675493,-1.3629091315520632,2.928024187280832,-1.7154947899743744,-0.19296952411517532,-0.8414049452876039,1.2091757131948029,-0.645341073311798,-0.46625677718860453,-0.4027903295416887,-0.29764115964834276,-0.036390308558520344,0.12871507616564734,0.7633556023374279
0.35352887836500224,-0.7602942343171533,-0.3206813626372616,-0.1976892948241357,1.38703709672153,-1.7154947899743744,-0.19296952411517532,-0.8414049452876039,1.2091757131948029,-0.645341073311798,-0.2726857957998849,-0.4602917359354867,1.4030553949283544,0.35311580190467395,0.15375434223833392,2.876433241335334
0.25064847479209584,0.06930689481981286,-0.06523084913423978,-0.6409794501010647,-0.35941493924567847,-1.7154947899743744,-0.19296952411517532,-0.8414049452876039,1.2091757131948029,-0.645341073311798,-0.2195796902437363,-0.5198067394299563,-0.09487235241366387,0.35357303529686157,-0.3361905010967178,2.312889217551265
-0.870802037029497,-0.27636024232058976,0.3019792640263539,-0.21035472783204792,-0.35941493924567847,-1.7154947899743744,-0.19296952411517532,-0.8414049452876039,1.2091757131948029,-0.645341073311798,-0.03301132890408825,-0.5272092245582208,-0.25452137715110473,0.25067194192833037,-1.3310260862650218,1.0690991081509038
-1.548561584373737,0.46106298357893566,0.49356714915362,-0.6409794501010647,-0.35941493924567847,-1.7154947899743744,-0.19296952411517532,-0.8414049452876039,1.2091757131948029,-0.645341073311798,-0.050833413219121874,-0.5092612226782569,-0.2282589739739659,-0.8710040995479602,-1.3862458894901353,1.4928003132578802
-0.16581660313736457,0.6684632658631773,-0.04926519204030071,-0.07103496474501314,-0.35941493924567847,-1.7154947899743744,-0.19296952411517532,-0.7727034020739643,1.2091757131948029,-0.645341073311798,-0.3562289122296455,-0.3272562927227622,-0.32837091142496866,-1.5488999479372034,-0.032026163061381153,-0.10001485028928052
0.21689699522301975,0.5532408868163764,-0.27278439135544497,-0.14702756279248663,-0.3080487028937018,0.5829222017135578,-0.19296952411517532,-0.7727034020739643,1.2091757131948029,-0.645341073311798,-0.1378497075874061,-0.4641368485002247,-0.38643575953314835,-0.165876889340425,-0.037520707537648905,-0.7130691174335974
0.2815723815680233,-0.06895996003634809,-0.06523084913423978,-0.261016459863697,-0.3080487028937018,0.5829222017135578,-0.19296952411517532,-0.7727034020739643,1.2091757131948029,-0.645341073311798,-0.132563795504863,-0.2706240191685679,-0.4289168037586479,0.21691367475743634,0.352325704565155,-1.148678164987278
0.4165735110941482,0.00017346739173218143,1.0523651474414797,-0.24835102685578478,-0.35941493924567847,0.5829222017135578,-0.19296952411517532,-0.7727034020739643,1.2091757131948029,-0.645341073311798,-0.018131284926727047,-0.2175338676012792,-0.3994937104257677,0.28160206766616785,0.3527833374305957,0.1480496197807901
0.2841402567557569,0.4149740319602155,1.0523651474414797,0.15694282939740758,-0.35941493924567847,0.5829222017135578,-0.19296952411517532,-0.7727034020739643,1.2091757131948029,-0.645341073311798,0.10810391293731626,-0.031021554611011352,-0.1916615041797385,0.4166303466365214,0.24979234197875883,1.0259799678162176
-0.909033576566037,0.5532408868163764,-0.01733387785242312,-0.8056300792039239,-0.35941493924567847,0.5829222017135578,-0.19296952411517532,-0.7727034020739643,1.2091757131948029,-0.645341073311798,0.018077527497371047,-0.04883828486493194,-0.23068647212349983,0.28417045926724144,-0.8728636794921236,1.622613429842763
-1.498393164123029,0.3458406045321348,-0.09716216332211737,0.004957633302460363,-0.35941493924567847,0.5829222017135578,-0.19296952411517532,-0.7727034020739643,1.2091757131948029,-0.645341073311798,-0.22442346349753692,-0.35414203780712555,-0.3552519203122749,-0.9092433276501742,-1.551351788342742,-0.21007358177524904
0.18986339541276054,-0.4146270971767507,0.7330520055627028,0.04295393232619722,-0.35941493924567847,0.5829222017135578,-0.19296952411517532,-0.7040018588603246,1.2091757131948029,-0.645341073311798,-0.32402627354687635,-0.1358284380395352,-0.23689594323929092,-1.498721438550705,-0.1671204174709682,-1.141673724305444
0.44069260387739817,0.46106298357893566,1.116227775817235,-0.02037323271336406,-0.35941493924567847,0.5829222017135578,-0.19296952411517532,-0.7040018588603246,1.2091757131948029,-0.645341073311798,-0.14329108790819167,-0.13054411393603133,-0.2492763803667887,0.18987463834666182,0.21600458106345352,-1.51488510552764
0.319746456102515,0.8528190723380589,1.2120217183808684,-0.08370039775292534,-0.35941493924567847,0.5829222017135578,-0.19296952411517532,-0.7040018588603246,1.2091757131948029,-0.645341073311798,-0.19998591689142411,-0.016145980855169204,-0.22919795622092395,0.44075428989744264,0.2807494905853503,-0.23888945333563688
0.3425375916268569,1.2676196369065422,0.6053267488111919,-1.147596770417555,-0.25668246654172505,0.5829222017135578,-0.19296952411517532,-0.7040018588603246,1.2091757131948029,-0.645341073311798,-0.3166022127700954,0.11005129378103871,-0.17143693822013598,0.3197838192098164,0.4158957403486976,0.2219199631088862
-0.0545481510922347,0.6915077416725374,-0.592097533234222,-0.856291811235573,5.188138586767807,0.5829222017135578,-0.19296952411517532,-0.7040018588603246,1.2091757131948029,-0.645341073311798,-0.19059335951585335,0.020051953817981114,-0.2726568480599937,0.34257953815257114,0.28332012612522106,0.3680823959633762
-0.890778860915013,0.16148479805725363,-0.28875004844938346,-0.7802992131880995,-0.35941493924567847,0.5829222017135578,-0.19296952411517532,-0.7040018588603246,1.2091757131948029,-0.645341073311798,-0.21825759985680965,-0.22237618570216056,-0.28796555944888413,-0.05458606061856803,-0.9111363162410083,0.29460175851012416
-1.1214835309696314,-0.5759384278422721,-0.06523084913423978,0.0176230663103728,-0.35941493924567847,0.5829222017135578,-0.19296952411517532,-0.7040018588603246,1.2091757131948029,-0.645341073311798,-0.34326414286488477,-0.32194907335170614,-0.38535302416085976,-0.8909849408788698,-1.501129439261413,-1.4161329769448605
-1.237138846536597,-0.39158262136739064,0.7330520055627028,0.0176230663103728,-0.35941493924567847,0.5829222017135578,5.18216544599624,-0.635300315646685,1.2091757131948029,-0.645341073311798,-0.39189523924521624,-0.1412681836759448,-0.3828034389457998,-1.1217360068680622,0.1889419213302795,-1.343848219608022
-0.25248119353580306,-0.06895996003634809,0.828845948126336,-0.007707799705451849,-0.35941493924567847,0.5829222017135578,-0.19296952411517532,-0.635300315646685,1.2091757131948029,-0.645341073311798,-0.32436029203433164,-0.19794598055598414,-0.4203555891099129,-1.2374145813333106,0.4400407600888448,-1.66661853600597
-0.17189500056567608,0.3227961287227747,0.796914633938458,-0.14702756279248663,-0.35941493924567847,0.5829222017135578,-0.19296952411517532,-0.635300315646685,1.2091757131948029,-0.645341073311798,-0.18500296551116638,-0.31452724289066175,-0.4065085642893287,-0.25255890844832596,0.3189646005598538,-1.342392413371886
0.4407349658981352,1.8898204837592667,0.7170863484687637,-1.1855930694412917,-0.35941493924567847,0.5829222017135578,-0.19296952411517532,-0.635300315646685,1.2091757131948029,-0.645341073311798,-0.48241931752383277,-0.1885562448664355,-0.3785376702958391,-0.17195650916674576,0.3417802355458333,-0.20337122730308368
0.0876279996513192,1.2215306852878212,0.030563093429393548,-1.3882399975678879,-0.25668246654172505,0.5829222017135578,-0.19296952411517532,-0.635300315646685,1.2091757131948029,-0.645341073311798,-0.1517025136008358,-0.21621217439307774,-0.39465859723531244,0.44079666043740706,-0.05573235676617131,0.11514495271509292
-1.2789291641808245,1.1063083062410204,0.5893610917172534,-0.24835102685578478,1.2329383876656,0.5829222017135578,-0.19296952411517532,-0.635300315646685,1.2091757131948029,-0.645341073311798,-0.22266128412219027,-0.3411811632823998,-0.45213295311020496,0.0876186825040926,-0.8928619775788658,0.14003810286358542
-1.6201578198117195,0.6454187900538172,-0.5442005619524053,-0.7169720481485382,2.157530642001181,0.5829222017135578,-0.19296952411517532,-0.635300315646685,0.6992288799489359,-1.1724985789328362,-0.42059277992083416,-0.3897976500437096,-0.5116199588246522,-1.279213303232393,-1.1238146449396116,-0.34704768128897184
-0.2869627733232249,-0.5989829036516322,-0.3206813626372616,-0.2990127588874336,-0.25668246654172505,0.5829222017135578,-0.19296952411517532,-0.5665987724330454,0.6992288799489359,-1.1724985789328362,-0.3823059911248528,-0.3222829914942543,-0.5190189615848066,-1.6205105817584275,-1.2395942848503068,-1.3360779317271732
-0.13631495516215594,0.16148479805725363,-0.04926519204030071,-0.7423029141643627,-0.35941493924567847,0.5829222017135578,-0.19296952411517532,-0.5665987724330454,0.6992288799489359,-1.1724985789328362,-0.33833207784412855,-0.18296753031240187,-0.5010794030246608,-0.2870474226645977,-0.253878168467111,-1.3909755013629064
0.2696782312399915,-0.4146270971767507,-0.3526126768251392,-0.36233992392699493,-0.3080487028937018,0.5829222017135578,-0.19296952411517532,-0.5665987724330454,0.6992288799489359,-1.1724985789328362,-0.4596722097392896,-0.480294533329937,-0.3191600940671107,-0.13636930842710565,-0.1732053489074012,-0.04465828558740435
-0.1969029590536988,0.23061822548533392,0.014597436335454472,-0.2990127588874336,-0.35941493924567847,0.5829222017135578,-0.19296952411517532,-0.5665987724330454,0.6992288799489359,-1.1724985789328362,-0.25474826546792967,-0.14967708243142433,-0.4559762568097925,0.26970552536132736,0.44008316764687855,-0.050120766805833605
-0.03266614136954047,0.9910859271942198,0.6851550342808861,-0.1850238618162235,-0.35941493924567847,0.5829222017135578,-0.19296952411517532,-0.5665987724330454,0.6992288799489359,-1.1724985789328362,-0.41959392803433293,-0.22061453571585177,-0.26255446216366046,-0.19696949688805435,0.086596627044748,0.3374507076597089
-1.0912510460452893,-0.045915484226988004,0.8448116052202747,-0.261016459863697,-0.35941493924567847,0.5829222017135578,-0.19296952411517532,-0.5665987724330454,0.6992288799489359,-1.1724985789328362,-0.12169941143544115,-0.41848656948379437,-0.20948928591852015,-0.03269965030748864,-1.2814295252357844,0.33790567002159405
-1.2802490174009735,0.898908023956779,-0.0013682207584846068,-1.4135708635837123,1.0274734422576932,0.5829222017135578,-0.19296952411517532,-0.5665987724330454,0.6992288799489359,-1.1724985789328362,-0.26379976269387845,-0.38021128269865595,-0.023064714344768263,-1.091497442030417,-1.62302498656398,0.23551567559113024
-0.07983054180158133,0.875863548147419,0.28601360693241484,-1.00827700733052,-0.1539499938377716,0.5829222017135578,-0.19296952411517532,-0.4978972292194057,0.6992288799489359,-1.1724985789328362,-0.1632847282304276,-0.33625057993893037,-0.04087306303328387,-1.280533421882035,-0.28839681442617243,-0.8805891186331904
-0.0923000788809013,0.48410745938829575,-0.5122692477645278,-0.8942881102593099,2.7225592418729248,0.5829222017135578,-0.19296952411517532,-0.4978972292194057,0.6992288799489359,-1.1724985789328362,0.17147328936011094,-0.45755425916839043,-0.34603319122855697,-0.07987353575097791,-0.13758705653033743,-1.555117929444017
0.20271640087114423,0.13844032224789315,-0.48033793357665017,-1.058938739362169,-0.3080487028937018,0.5829222017135578,-0.19296952411517532,-0.4978972292194057,0.6992288799489359,-1.1724985789328362,-0.34129144656996263,-0.25269187757969774,-0.12782229322998764,-0.09234558052043855,0.2688425545723156,-0.17896420132208504
-0.012611592385099213,0.5762853626257365,0.1582883501809039,-1.0842696053779937,-0.3080487028937018,0.5829222017135578,-0.19296952411517532,-0.4978972292194057,0.6992288799489359,-1.1724985789328362,-0.15758329868774884,-0.417488017669605,-0.12254045504322963,0.2027302286127141,-0.19824018984360023,0.20192508219256675
-0.15210862159079863,0.9910859271942198,0.19021966436878207,-0.6029831510773278,-0.35941493924567847,0.5829222017135578,-0.19296952411517532,-0.4978972292194057,0.6992288799489359,-1.1724985789328362,-0.20621209344907312,-0.11968299371472259,-0.008196138539312876,-0.01264106824672355,-0.03382682485182574,0.26629217463850796
-1.3938002298159726,0.6684632658631773,0.20618532146272056,-0.261016459863697,-0.35941493924567847,0.5829222017135578,-0.19296952411517532,-0.4978972292194057,0.6992288799489359,-1.1724985789328362,-0.21770336620663389,-0.26174065557996806,0.11794176882264105,-0.15216615104595782,-1.093549661432484,0.40064978230954257
-1.559444940050339,0.7836856449099782,0.25408229274453725,-1.00827700733052,-0.35941493924567847,0.5829222017135578,-0.19296952411517532,-0.4978972292194057,0.6992288799489359,-1.1724985789328362,-0.41118749541635613,-0.16125581756423815,0.027984767456147187,-1.3941074700489968,-1.28275079723971,0.2688478093078826
0.02342669957321874,-0.8985610891733145,-0.12909347750999497,-0.7296374811564504,-0.35941493924567847,0.5829222017135578,-0.19296952411517532,-0.4291956860057661,0.6992288799489359,-1.1724985789328362,-0.34051680866832207,0.1734016329516206,-0.21432932603655638,-1.5597854923144407,-0.08104192492618201,-0.9186384165001098
0.24641374617952885,-0.045915484226988004,-0.5282349048584662,-1.1729276364333794,-0.3080487028937018,0.5829222017135578,-0.19296952411517532,-0.4291956860057661,0.6992288799489359,-1.1724985789328362,-0.30163631089780396,-0.33920905961942427,-0.31385537138347386,0.023404471203530584,-0.09352486620578797,-1.505188651450711
0.2569349986701363,0.3227961287227747,-0.17699044879181164,-0.9449498422909588,-0.35941493924567847,0.5829222017135578,-0.19296952411517532,-0.4291956860057661,0.6992288799489359,-1.1724985789328362,-0.08943754984551942,-0.15555610082920093,-0.13325947983434208,0.2464363616893459,0.20180874320047906,0.1750203458396781
0.2598874473331301,0.6915077416725374,-0.3206813626372616,-1.5782214926865719,-0.35941493924567847,0.5829222017135578,-0.19296952411517532,-0.4291956860057661,0.6992288799489359,-1.1724985789328362,-0.07131957853239718,-0.20417028666294956,-0.1899106136479944,0.25695973005971456,-0.013750718115118072,0.4246539044745062
0.5040068800777057,0.00017346739173218143,-0.48033793357665017,-0.8056300792039239,0.102881187922112,0.5829222017135578,-0.19296952411517532,-0.4291956860057661,0.6992288799489359,-1.1724985789328362,-0.28166200921076756,-0.21565810724423717,-0.30643703239120895,0.2599127724758169,-0.15339770045114468,0.30428428142689995
-0.6282790999187796,-0.8063831859358739,-0.30471570554332256,-0.7296374811564504,-0.35941493924567847,0.5829222017135578,-0.19296952411517532,-0.4291956860057661,0.6992288799489359,-1.1724985789328362,0.0026389788238972106,-0.4090841104887872,-0.18052529519340949,0.5040812989349983,-1.396424072180707,0.32696677642457567
-1.4178924319251809,-0.552893952032912,0.28601360693241484,-0.7802992131880995,-0.35941493924567847,0.5829222017135578,-0.19296952411517532,-0.4291956860057661,0.6992288799489359,-1.1724985789328362,-0.2708827000893951,-0.33843465443235243,-0.2081682144774955,-0.628432389786389,-1.5622468431448484,-0.0682261424738451
0.041235324727569245,0.2767071771040545,-0.5122692477645278,-0.9576152752988711,0.20561366062606548,0.5829222017135578,-0.19296952411517532,-0.36049414279212644,0.6992288799489359,-1.1724985789328362,-0.4440104069208579,-0.2995658370330798,-0.3330784139178534,-1.418204517228019,0.02232631341150156,-0.900470717220883
0.8142121702752698,-0.20722681489250946,-0.7357884470796714,-0.9322844092830466,0.102881187922112,0.5829222017135578,-0.19296952411517532,-0.36049414279212644,0.6992288799489359,-1.1724985789328362,-0.5515785970105115,-0.08743082414373196,-0.3816720299134423,0.041216677766993094,0.245553061220421,-1.1300756668674374
0.8328989785378633,-0.9216055649826748,-0.7677197612675493,-1.2362548014729406,-0.35941493924567847,0.5829222017135578,-0.19296952411517532,-0.36049414279212644,0.6992288799489359,-1.1724985789328362,-0.27515152076715493,-0.06931829578127362,-0.31418913244014196,0.814348973064128,0.2560856235916396,-1.2451796779861666
1.19469457942147,-0.29940471812994984,-1.2626551311796537,-1.4642325956153615,2.825291714576878,0.5829222017135578,-0.19296952411517532,-0.36049414279212644,0.6992288799489359,-1.1724985789328362,-0.10610392028772248,-0.27959753597032694,-0.1749392097512217,0.8330395393431212,0.25904124600622985,-0.26521567993264733
0.9911170739881415,-0.552893952032912,-0.9593076463948154,-0.8436263782276607,0.8733747332017628,0.5829222017135578,-0.19296952411517532,-0.36049414279212644,0.6992288799489359,-1.1724985789328362,0.16031405789109876,0.0046180431504572695,-0.47212634054265573,1.194907899243803,0.5034230963329016,-0.18501362431438426
-0.06821524407964848,-1.359450605360518,-1.1508955315220817,-1.0716041723700815,-0.20531623018974834,0.5829222017135578,-0.19296952411517532,-0.36049414279212644,0.6992288799489359,-1.1724985789328362,-0.09056132147868921,-0.2688214651390877,-0.14166442277223343,0.9912894532927962,-0.6300800409614336,0.42469606456444264
-0.15565266508257858,-0.6681163310797129,-1.0391359318645097,-1.0336078733463445,0.7192760241458327,0.5829222017135578,-0.19296952411517532,-0.36049414279212644,0.6992288799489359,-1.1724985789328362,0.020264749498145697,-0.44189716142529945,-0.21256850478730374,-0.0682559021309766,-1.4205421723405285,0.07327228460474948
1.0402080254504202,-1.0137834682201154,-0.7996510754554269,-0.653644883108977,-0.35941493924567847,0.5829222017135578,-0.19296952411517532,-0.2917925995784868,0.6992288799489359,-1.1724985789328362,-0.08636783850721531,-0.5494330361777916,-0.41034745315914917,-0.15571090726370876,0.040154082049436796,-1.2867707900175995
1.4393831367055727,-1.8433845973570817,-0.48033793357665017,-0.653644883108977,-0.35941493924567847,0.5829222017135578,-0.19296952411517532,-0.2917925995784868,0.6992288799489359,-1.1724985789328362,0.2917292547962856,-0.2730890033895857,-0.37209017230523456,1.0403902772061686,0.8139618434834492,-1.626372880757872
1.4977970480195772,-1.5668508876447595,-0.5442005619524053,-0.8182955122118364,-0.35941493924567847,0.5829222017135578,-0.19296952411517532,-0.2917925995784868,0.002628551155655226,-1.3654516177857736,0.6185036304199941,-0.10409218772117651,-0.3281501500800503,1.4396456646964793,0.8326687392375883,-0.2995328933161055
1.5049823834681337,-1.5668508876447595,-1.214758159897837,-0.6916411821327137,-0.35941493924567847,0.5829222017135578,-0.19296952411517532,-0.2917925995784868,0.002628551155655226,-1.3654516177857736,0.7180141523678443,0.1622457539079591,-0.4493967641406024,1.4980713233583243,1.1948532543740649,-0.1496031814682845
1.2415786537858164,-1.105961371457556,-1.007204617676632,-0.7802992131880995,-0.35941493924567847,0.5829222017135578,-0.19296952411517532,-0.2917925995784868,0.002628551155655226,-1.3654516177857736,0.8148702741692229,-0.0885542581765462,-0.24463075643341514,1.5052581038160056,0.9910569121355531,0.25445472121153684
0.13995062074808753,-0.4146270971767507,-1.1189642173342038,-1.3882399975678879,1.2329383876656,0.5829222017135578,-0.19296952411517532,-0.2917925995784868,0.002628551155655226,-1.3654516177857736,0.7742587236177182,0.022238518739591904,-0.40934937109598724,1.2418014022445365,-0.06941414127345188,-0.20990237514914714
-0.35450809448211523,-0.25331576651122967,-1.007204617676632,-1.4389017295995368,0.5138110787379256,0.5829222017135578,-0.19296952411517532,-0.2917925995784868,0.002628551155655226,-1.3654516177857736,0.37981121615849556,-0.08436203499958955,-0.11168444424369521,0.1399518259578838,-0.15694555363276988,-0.04644843966724321
1.0288476365837358,-0.6220273794609924,-0.9433419893008766,-0.9576152752988711,0.000148715218158527,0.5829222017135578,-0.19296952411517532,-0.22309105636484716,0.002628551155655226,-1.3654516177857736,0.34799176589800696,0.2936214714243733,-0.25367527759623193,-0.3546063275463513,1.040200634197209,-1.0999872938097945
1.0639344407196702,-0.25331576651122967,-0.8156167325493656,-1.2615856674887653,-0.35941493924567847,0.5829222017135578,-0.19296952411517532,-0.22309105636484716,0.002628551155655226,-1.3654516177857736,0.22474330791259778,0.6202976783969668,-0.15323771089403906,1.0290276037049404,1.4398048410239463,-1.2880843517763685
1.2112327123189726,-0.4376715729861112,-0.911410675112999,-1.2615856674887653,-0.05121752113381818,0.5829222017135578,-0.19296952411517532,-0.22309105636484716,0.002628551155655226,-1.3654516177857736,0.07116717391769238,0.7197783056699584,0.1812623059474144,1.064121463983556,1.4982815447064055,-0.09338801736952775
0.8836785169834384,-0.18418233908314896,-0.46437227648271107,-1.096935038385906,0.000148715218158527,0.5829222017135578,-0.19296952411517532,-0.22309105636484716,0.002628551155655226,-1.3654516177857736,0.09517475781853754,0.8166053302240044,-0.33110723799614133,1.2114493580476762,1.5054746040724467,-0.10579811480073834
0.835806486622328,-0.27636024232058976,-0.7357884470796714,-1.0209424403384324,-0.35941493924567847,0.5829222017135578,-0.19296952411517532,-0.22309105636484716,0.002628551155655226,-1.3654516177857736,-0.2347857381521837,0.776005980081818,-0.14754067548985905,0.8838292898236015,1.241787727042615,0.18781208373722658
-0.008198574920021184,-0.5989829036516322,-1.1029985602402652,-1.0336078733463445,0.41107860603397234,0.5829222017135578,-0.19296952411517532,-0.22309105636484716,0.002628551155655226,-1.3654516177857736,-0.25738337324051686,0.3816769714481812,-0.19613199164031742,0.8359476321429055,0.1389754926426721,-0.026489486479746527
0.14048106692085097,-1.5207619360260392,-1.0551015889584485,-0.9322844092830466,-0.20531623018974834,0.5829222017135578,-0.19296952411517532,-0.22309105636484716,0.002628551155655226,-1.3654516177857736,-0.19179425395010208,0.34986708029863983,-0.20761440797973849,-0.008227163300392821,-0.3560147438148179,-0.1653215628266873
0.09151941171317632,-1.7972956457383613,-1.1189642173342038,-0.7169720481485382,-0.35941493924567847,0.5829222017135578,5.18216544599624,-0.15438951315120752,0.002628551155655226,-1.3654516177857736,-0.018090600342285313,0.22665564827295998,-0.40094941738455964,0.1404823788061901,1.028828033415461,-1.4010942895582028
1.2967822606584112,-0.691160806889073,-0.7677197612675493,-0.8056300792039239,-0.35941493924567847,0.5829222017135578,-0.19296952411517532,-0.15438951315120752,0.002628551155655226,-1.3654516177857736,0.12529061452007725,0.07312565119405041,-0.3303331971142834,0.09151087714958524,1.0639525543124138,-1.5659494064640536
1.4763994387949242,-1.2903171779324374,-0.4005096481069559,-0.6916411821327137,-0.35941493924567847,0.5829222017135578,-0.19296952411517532,-0.15438951315120752,0.002628551155655226,-1.3654516177857736,0.0913949199656933,0.09712602280316193,-0.2914826648622069,1.2970161108556966,1.2114091650322256,0.00937701855666411
1.4643594157693882,-0.8755166133639544,-0.9752733034887542,-1.2109239354571162,-0.35941493924567847,0.5829222017135578,-0.19296952411517532,-0.15438951315120752,0.002628551155655226,-1.3654516177857736,0.1040155334659655,-0.23273534735101123,-0.07944744713503965,1.4766694109607992,0.8835028634387871,0.23130113303494756
1.2641119335317348,-0.5298494762235516,-0.8475480467372436,-1.4135708635837123,0.7192760241458327,0.5829222017135578,-0.19296952411517532,-0.15438951315120752,0.002628551155655226,-1.3654516177857736,0.08403720125508407,-0.2553261937205204,-0.06134343949097104,1.46462696662268,0.8355793727645172,0.2417722329383552
0.16926182381265337,-0.3685381455580305,-1.230723816991776,-1.1855930694412917,1.8493332238893205,0.5829222017135578,-0.19296952411517532,-0.15438951315120752,0.002628551155655226,-1.3654516177857736,0.16150966974535222,-0.18975677853131082,-0.2715237575332648,1.264339213552701,-0.009332956851646305,0.2447106079025041
-0.08859542807570497,-0.9907389924107552,-1.1029985602402652,-0.9449498422909588,-0.25668246654172505,0.5829222017135578,-0.19296952411517532,-0.15438951315120752,0.002628551155655226,-1.3654516177857736,-0.13280908777789938,-0.01610530849307743,0.012558117398728053,0.1692689236610772,0.13950650902158634,0.4876663749001721
0.9997732924699256,-0.5759384278422721,-1.1508955315220817,-1.4262362965916247,0.5651773150899024,0.5829222017135578,-0.19296952411517532,-0.08568796993756789,0.002628551155655226,-1.3654516177857736,-0.0006631866095656205,0.12723283218260387,-0.2607527561138196,-0.08864018469028744,0.09049222220228385,-0.6392222371120765
1.2264064197831939,-0.27636024232058976,-0.911410675112999,-0.9702807083067834,0.4624448423859491,0.5829222017135578,-0.19296952411517532,-0.08568796993756789,0.002628551155655226,-1.3654516177857736,0.2844226622381314,0.09334732047871624,-0.4337470320020256,0.9999474125860959,1.2970506753485223,-1.4250716492312854
0.953961161413034,-0.0920044358457086,-0.7996510754554269,-1.0209424403384324,-0.35941493924567847,0.5829222017135578,-0.19296952411517532,-0.08568796993756789,0.002628551155655226,-1.3654516177857736,-0.13906865727635992,0.10596414252930333,-0.5412323184055461,1.2266261170250663,1.4768609339991903,0.027100753758344122
1.1695816367950898,-0.27636024232058976,-0.89544501801906,-0.9449498422909588,-0.20531623018974834,0.5829222017135578,-0.19296952411517532,-0.08568796993756789,0.002628551155655226,-1.3654516177857736,-0.16634581438650284,0.08599181215354415,-0.2650182867764799,0.95412606846631,1.4648079684819597,0.7963929820340651
1.7529527080808167,-1.0829168956481958,-1.5500369588705531,-1.1222659044017302,3.1848553690407155,-1.7154947899743744,-0.19296952411517532,-0.08568796993756789,0.002628551155655226,-1.3654516177857736,-0.009224870402596867,0.16344100657981717,-0.09610097266888303,1.169789906271269,1.2643452290666255,0.8149907142306947
0.8005406569030886,-1.3824950811698782,-1.230723816991776,-0.7423029141643627,0.15424742427408872,-1.7154947899743744,-0.19296952411517532,-0.08568796993756789,0.002628551155655226,-1.3654516177857736,-0.09260913996026812,-0.13078933251904373,0.17011167498959814,1.7532782965781035,0.16831820395281286,1.1750617119420066
0.41192252958212877,-1.9816514522132427,-1.4861743304947976,-0.8816226772513975,-0.3080487028937018,-1.7154947899743744,-0.19296952411517532,-0.08568796993756789,0.002628551155655226,-1.3654516177857736,0.16303249660878283,0.0013168697443703395,-0.0805703526681971,0.8006747102779891,-0.08981623306499517,0.97245461745569
2.0462905467152974,-1.5668508876447595,-1.5660026159644918,-1.2615856674887653,-0.3080487028937018,-1.7154947899743744,-0.19296952411517532,-0.016986426723928257,0.002628551155655226,-1.3654516177857736,0.32913336479729344,0.28631707389247935,0.03017030374699119,0.41197842978741545,0.9997224356689611,-0.0818280873172113
1.5678807751343773,-1.5207619360260392,-0.5442005619524053,-0.8689572442434853,-0.3080487028937018,-1.7154947899743744,-0.19296952411517532,-0.016986426723928257,0.002628551155655226,-1.3654516177857736,0.38460386627638526,-0.13704702153500606,-0.07638010164843478,2.046675127010046,1.2265991835601726,-0.16884871261209342
1.12036507273217,-0.6220273794609924,-0.7357884470796714,-0.7296374811564504,-0.3080487028937018,-1.7154947899743744,-0.19296952411517532,-0.016986426723928257,0.002628551155655226,-1.3654516177857736,0.24751449118420585,-0.164315984117305,0.30142558912496,1.5681691446829085,0.9538610585994622,1.021311562726583
1.4892089771363746,-0.29940471812994984,-1.3903803879311645,-1.147596770417555,-0.35941493924567847,-1.7154947899743744,-0.19296952411517532,-0.016986426723928257,0.002628551155655226,-1.3654516177857736,0.005284463849837112,-0.0072422419713747644,0.6279481170579111,1.120563444495894,1.1697133164462077,1.418583890582793
1.1649188675903377,-0.9907389924107552,-1.007204617676632,-0.9576152752988711,1.2843046240175766,-1.7154947899743744,-0.19296952411517532,-0.016986426723928257,-0.6939717776376255,-1.1724985789328362,0.2863731647160853,-0.09060146145817966,0.7273819454305357,1.48948152536845,1.75371148580549,1.4767193551259905
-0.16069190372382838,-0.39158262136739064,-0.6240288474220995,-1.00827700733052,-0.3080487028937018,-1.7154947899743744,-0.19296952411517532,-0.016986426723928257,-0.6939717776376255,-1.1724985789328362,0.30721145159293917,0.16496337595982735,0.8241634194246471,1.1651261993588629,0.8002756338396833,1.4838704395989177
-0.6120986498225001,-0.16113786327378887,-0.592097533234222,-0.8689572442434853,-0.35941493924567847,-1.7154947899743744,-0.19296952411517532,-0.016986426723928257,-0.6939717776376255,-1.1724985789328362,0.08827349356686419,0.33101434458645224,0.7835831685281566,-0.16075115932261608,0.4112397592374696,1.221722299831721
1.0938633925562622,-0.27636024232058976,-1.230723816991776,-1.4009054305758002,-0.35941493924567847,-1.7154947899743744,-0.19296952411517532,0.05171511648971138,-0.6939717776376255,-1.1724985789328362,-0.0873187995235321,0.3864681817714223,0.38943966499729904,-0.6122486857156499,2.0473646496293108,0.12534549482392315
1.5867031418633413,-0.7833387101265138,-1.214758159897837,-1.6288832247182206,-0.20531623018974834,-1.7154947899743744,-0.19296952411517532,0.05171511648971138,-0.6939717776376255,-1.1724985789328362,0.35882083683209554,0.2494199906888804,0.3576447382480374,1.094056434691335,1.5684406087249783,-0.36675624020316994
0.9718497218586941,-0.4146270971767507,-1.1828268457099593,-1.2742511004966774,5.444969768527691,-1.7154947899743744,-0.19296952411517532,0.05171511648971138,-0.6939717776376255,-1.1724985789328362,0.5439831716963266,0.007262733427126988,0.23449126885980262,1.5869952966897998,1.1204438467559263,1.0100053264328712
1.3189935890466942,-0.25331576651122967,-1.0710672460523876,-1.337578265536239,0.6165435514418792,-1.7154947899743744,-0.19296952411517532,0.05171511648971138,-0.6939717776376255,-1.1724985789328362,0.29893818769444425,0.2882669904058915,0.08103349725065119,0.9720182263964937,1.48968424202723,1.0449248791882726
1.1659012981061432,-0.4376715729861112,-0.8156167325493656,-0.9196189762751342,-0.1539499938377716,-1.7154947899743744,-0.19296952411517532,0.05171511648971138,-0.6939717776376255,-1.1724985789328362,0.7827526490252904,0.3090990171024288,0.10502257830972807,1.3192319060600974,1.1650455349709992,1.1915210110549377
0.11086485730694719,-1.4516285085979588,-0.8315823896433048,-0.653644883108977,-0.3080487028937018,-1.7154947899743744,-0.19296952411517532,0.05171511648971138,-0.6939717776376255,-1.1724985789328362,0.2841746497467505,0.09022683181014382,-0.2246836144011589,1.1661088274466633,-0.1619902092324526,0.8655281973475785
-0.12130148664595926,-1.1750947988856366,-0.9912389605826932,-1.4009054305758002,-0.35941493924567847,-1.7154947899743744,-0.19296952411517532,0.05171511648971138,-0.6939717776376255,-1.1724985789328362,0.2095048117802602,-0.08531271033083676,-0.2472638333068348,0.11086021321522155,-0.613882197597671,0.8178843628385551
0.5409380897601775,-0.7602942343171533,-0.7038571328917939,-0.8942881102593099,0.5651773150899024,-1.7154947899743744,-0.19296952411517532,0.12041665970335103,-0.6939717776376255,-1.1724985789328362,-0.3478212572435678,0.3606928979932894,-0.18172526408847073,-0.12135282062264385,1.0939136784471608,-0.022097504936335537
1.2316283676617297,-0.20722681489250946,-1.0710672460523876,-0.8309609452197485,-0.35941493924567847,0.5829222017135578,-0.19296952411517532,0.12041665970335103,-0.6939717776376255,-1.1724985789328362,-0.2780093239488944,0.5457996069027122,-0.008155485310813976,0.5410199356799036,1.5872832086648374,0.12587341247187853
1.8317740624303134,-1.6359843150728401,-1.3424834166493478,-0.7169720481485382,-0.25668246654172505,0.5829222017135578,-0.19296952411517532,0.12041665970335103,-0.6939717776376255,-1.1724985789328362,-0.243457026534079,0.3008282386349157,0.13511522447356575,1.2318491150650577,0.9717688484556062,0.07714514712766748
1.7120880926811435,-1.1520503230762764,-1.0231702747705709,-0.8689572442434853,-0.10258375748579489,0.5829222017135578,-0.19296952411517532,0.12041665970335103,-0.6939717776376255,-1.1724985789328362,-0.10886374595739984,0.7844973537678902,0.10124565360891068,1.8321155023206326,1.319285879931442,1.2766627627763574
1.4957209406378404,-0.6450718552703525,-1.007204617676632,-0.9449498422909588,-0.35941493924567847,0.5829222017135578,-0.19296952411517532,0.12041665970335103,-0.6939717776376255,-1.1724985789328362,-0.026909283590038774,0.2860691359083229,0.1138565402988725,1.7124054630872143,1.166029021556113,1.4554237437826223
-0.015144472860045914,-0.8755166133639544,-1.0710672460523876,-0.5649868520535912,-0.35941493924567847,0.5829222017135578,-0.19296952411517532,0.12041665970335103,-0.6939717776376255,-1.1724985789328362,0.00032306922506624385,0.21142173004734316,0.09389360555244308,1.4959947984603652,0.1098584632935709,1.4434411130024691
-0.5486130837122389,-1.9586069764038827,-0.6878914757978547,-0.5523214190456788,-0.35941493924567847,0.5829222017135578,-0.19296952411517532,0.12041665970335103,-0.6939717776376255,-1.1724985789328362,-0.046373010727524686,-0.34573690862542733,0.17130636537599184,-0.015174458097387577,-0.12255744920018972,1.2441481681949769
0.47904459889900286,-0.4607160487954713,-0.4324409622948335,-0.7423029141643627,-0.35941493924567847,0.5829222017135578,-0.19296952411517532,0.18911820291699066,-0.6939717776376255,-1.1724985789328362,-0.24643783836215932,-0.27594594803802375,-0.12278555826749986,-0.5487503523208299,0.5403940054306957,0.1545169775777238
1.1908027989942096,0.23061822548533392,-0.7038571328917939,-1.1349313374096428,-0.35941493924567847,0.5829222017135578,-0.19296952411517532,0.18911820291699066,-0.6939717776376255,-1.1724985789328362,-0.2857735102272447,-0.241404030728514,0.009258496971241682,0.4791139977089591,1.2318267448014824,-0.10211112328303827
1.1776956214113896,-0.4146270971767507,-0.6878914757978547,-0.6916411821327137,0.102881187922112,0.5829222017135578,-0.19296952411517532,0.18911820291699066,-0.6939717776376255,-1.1724985789328362,-0.24109294311244273,-0.10685118429168479,0.2941246278176025,1.1910153361588267,1.8326175696211886,0.9810695735732625
1.1244288798001718,-1.0829168956481958,-0.36857833391907774,-0.9196189762751342,0.102881187922112,0.5829222017135578,-0.19296952411517532,0.18911820291699066,-0.6939717776376255,-1.1724985789328362,-0.21797647810358628,-0.02492134245648174,-0.1290403034644211,1.177905522652974,1.7128029427534956,1.2066223886622887
0.5829829478942534,-0.552893952032912,-0.33664701973120015,-1.2109239354571162,1.6438682784814136,0.5829222017135578,-0.19296952411517532,0.18911820291699066,-0.6939717776376255,-1.1724985789328362,-0.2774594568459561,0.002302829290761257,-0.15629643784591368,1.1246280688170829,1.4962032056011503,0.9354758192637868
-0.07191510613467599,-0.9446500407920349,-1.4063460450251033,-0.7169720481485382,0.35971236968199555,0.5829222017135578,-0.19296952411517532,0.18911820291699066,-0.6939717776376255,-1.1724985789328362,-0.4689195616827114,-0.04437922235507351,0.0007034117381132908,0.5830732492582784,-0.016286321324435,1.1500684774060876
-0.054356601085404035,-1.5898953634541197,-1.438277359212981,-0.5523214190456788,-0.1539499938377716,0.5829222017135578,-0.19296952411517532,0.18911820291699066,-0.6939717776376255,-1.1724985789328362,-0.13461429075203288,-0.24438394706937677,-0.08261659287928069,-0.07195650824791582,-0.550328387314591,1.7306587420769546
1.2723283237286152,-1.221183750504357,-0.9752733034887542,-0.9069535432672221,-0.35941493924567847,0.5829222017135578,-0.19296952411517532,0.2578197461306303,-0.6939717776376255,-1.1724985789328362,-0.21881625356402254,-0.28370780182107824,0.17282801858427202,-0.05439447209001354,0.47843398180710767,0.7827866378769713
1.886102801483246,-1.1750947988856366,-1.5021399875887365,-0.9449498422909588,0.8733747332017628,0.5829222017135578,-0.19296952411517532,0.2578197461306303,-0.6939717776376255,-1.1724985789328362,-0.3332580118371783,-0.23904065751825881,0.3388008714716861,1.2725572561092926,1.190957290455149,0.39602097104351375
1.6462280432169665,-0.9446500407920349,-1.1987925028038982,-0.9829461413146956,-0.25668246654172505,0.5829222017135578,-0.19296952411517532,0.2578197461306303,-0.6939717776376255,-1.1724985789328362,-0.2530019094761515,-0.21593113709367137,0.39422862138044446,1.8864551671715648,1.1778360232367329,2.02259830122482
1.5822709693975847,-1.0829168956481958,-0.8315823896433048,-1.058938739362169,-0.35941493924567847,0.5829222017135578,-0.19296952411517532,0.2578197461306303,-0.6939717776376255,-1.1724985789328362,-0.3459717032765891,-0.27539624612463465,0.2572449021937455,1.6465321688172636,1.124512022236606,1.5464690079242058
1.3967102155683313,-0.3224491939393103,-0.8156167325493656,-1.2235893684650285,-0.35941493924567847,0.5829222017135578,-0.19296952411517532,0.2578197461306303,-0.6939717776376255,-1.1724985789328362,-0.30448686292979227,-0.4667988330480032,0.015201563527666178,1.5825622328906181,0.5824840599257785,1.1010865183032754
0.05037925899598161,-0.5759384278422721,-1.0551015889584485,-0.7802992131880995,0.25697989697804213,0.5829222017135578,-0.19296952411517532,0.2578197461306303,-0.6939717776376255,-1.1724985789328362,-0.3662768413207005,-0.13259399317910925,0.296073627027303,1.396964161808133,-0.07311798051638145,1.468172221761798
-0.4702871808227231,-0.29940471812994984,-0.5442005619524053,-0.4256670889665562,0.15424742427408872,0.5829222017135578,-0.19296952411517532,0.2578197461306303,-0.6939717776376255,-1.1724985789328362,-0.4387338587754222,-0.2167706602710942,0.3168958536655924,0.050362450929156366,-0.05554060085156395,1.1454279346367666
1.2576091791652104,-0.0920044358457086,-0.9593076463948154,-1.198258502449204,0.35971236968199555,0.5829222017135578,-0.19296952411517532,0.32652128934426994,-1.2039186108834923,-0.645341073311799,-0.3670112781788744,-0.33117803826880926,0.09812663291900203,-0.47040869767620197,1.2725704515191962,-0.17386393026766672
1.210962700482415,-0.7142052826984331,-1.1189642173342038,-0.43833252197446865,3.3389540780966454,0.5829222017135578,-0.19296952411517532,0.32652128934426994,-1.2039186108834923,-0.645341073311799,-0.2690041678103563,-0.2509460462233403,-0.07733032975129867,1.2578351514477333,1.8870047096632612,-0.6231189158020426
1.4777347633617837,-0.6681163310797129,-1.214758159897837,-0.7929646461960117,0.35971236968199555,0.5829222017135578,-0.19296952411517532,0.32652128934426994,-1.2039186108834923,-0.645341073311799,-0.2479674001933809,-0.34388791029631877,0.3684654631283615,1.2111792919103042,1.646872096652022,1.0747111660362503
1.6065738765143054,-1.5438064118353994,-0.9273763322069378,-0.4509979549823808,-0.1539499938377716,0.5829222017135578,-0.19296952411517532,0.32652128934426994,-1.2039186108834923,-0.645341073311799,-0.1722056495806901,-0.3024155327101371,0.5534850918628301,1.4780050040685218,1.5828462718099094,1.565201652408644
1.8143186996924106,-1.8894735489758019,-0.9273763322069378,-0.754968347172275,-0.35941493924567847,0.5829222017135578,-0.19296952411517532,0.32652128934426994,-1.2039186108834923,-0.645341073311799,-0.22413176369530827,-0.3641869483272064,0.30862896603942264,1.6068700274510488,1.3970860483857765,0.9532791087221351
0.73985319435415,-1.3364061295511578,-0.9593076463948154,-0.9702807083067834,-0.35941493924567847,0.5829222017135578,-0.19296952411517532,0.32652128934426994,-1.2039186108834923,-0.645341073311799,-0.0744179159313414,-0.436622198445815,0.7920705475977693,1.8146566292165662,0.04930784564235064,1.2987682144560628
-0.0357629892684462,-0.9216055649826748,-0.6080631903281605,-0.5396559860377665,-0.35941493924567847,0.5829222017135578,-0.19296952411517532,0.32652128934426994,-1.2039186108834923,-0.645341073311799,-0.20137650156862621,-0.36492116454789747,0.29387680647148234,0.7399750431579804,-0.47191828754725734,1.146405682113917
1.2997210798016818,-1.5207619360260392,-0.9912389605826932,-0.8436263782276607,-0.35941493924567847,0.5829222017135578,-0.19296952411517532,0.3952228325579096,-1.2039186108834923,-0.645341073311799,-0.3741882739477626,-0.26694349720350324,0.21926451716138592,-0.03579712099895626,1.2578354845270592,0.09639837707050454
0.8807485386097198,-0.4376715729861112,-0.24085307716756738,-0.8689572442434853,-0.35941493924567847,0.5829222017135578,-0.19296952411517532,0.3952228325579096,-1.2039186108834923,-0.645341073311799,-0.3562508017763767,-0.2459130493938776,-0.33763201609111765,1.299955521011107,1.2111388629448983,-0.13466127898375582
0.7184566902256976,-0.4607160487954713,-0.8156167325493656,-0.4256670889665562,-0.35941493924567847,0.5829222017135578,-0.19296952411517532,0.3952228325579096,-1.2039186108834923,-0.645341073311799,-0.40303620065868156,-0.17017405891606444,-0.2678738874258739,0.880898722215669,1.478197693980839,0.5244215413106431
1.2895505111697356,-1.105961371457556,-0.7517541041736105,-0.5523214190456788,1.746600751185367,0.5829222017135578,-0.19296952411517532,0.3952228325579096,-1.2039186108834923,-0.645341073311799,-0.45825424754084526,-0.222084573531577,-0.23334821974999598,0.7185742360788967,1.6071753034757976,1.2118194446188253
1.032967066826805,-0.8985610891733145,-1.007204617676632,-0.37500535693490733,-0.35941493924567847,0.5829222017135578,-0.19296952411517532,0.3952228325579096,-1.2039186108834923,-0.645341073311799,-0.31858790832809364,-0.07241570238629444,-0.09885867131828692,1.289782907023786,1.8151434431411586,1.809104371687334
-0.035503660028429196,-0.8524721375545941,-0.8475480467372436,-0.653644883108977,0.051514951570135296,0.5829222017135578,-0.19296952411517532,0.3952228325579096,-1.2039186108834923,-0.645341073311799,-0.30825985477884366,-0.19933614747759645,-0.0169673719270775,1.0331478623873127,0.7395229349553715,1.689988919663102
-0.5745371669444709,-0.7142052826984331,-0.27278439135544497,-0.38767078994281956,-0.3080487028937018,0.5829222017135578,-0.19296952411517532,0.3952228325579096,-1.2039186108834923,-0.645341073311799,-0.3265846134491106,-0.3720960042236332,0.010243992690414757,-0.03553773960645162,-0.03692700172511345,1.474653144109405
0.5187709652196254,-0.3224491939393103,-0.36857833391907774,-0.15969299580039883,-0.35941493924567847,0.5829222017135578,-0.19296952411517532,0.4639243757715492,-1.2039186108834923,-0.645341073311799,-0.3727715297715531,-0.35416392077785985,-0.03641609821046109,-0.5746796490239,1.2999926535922592,-0.029010293248734758
0.3028255915567526,-0.3685381455580305,-0.3526126768251392,-0.14702756279248663,-0.35941493924567847,0.5829222017135578,-0.19296952411517532,0.4639243757715492,-1.2039186108834923,-0.645341073311799,-0.3183270449261245,-0.4009352645204636,-0.23632673424195852,0.5188483532128619,0.8805697354680383,-0.5599359719692256
0.8617176770656289,0.20757374967597383,-0.7677197612675493,-0.6409794501010647,-0.25668246654172505,0.5829222017135578,-0.19296952411517532,0.4639243757715492,-1.2039186108834923,-0.645341073311799,-0.44191182383299066,-0.4561367229502149,-0.2756320897821952,0.30285955178831586,0.7181034305322863,0.46282308364064845
0.18932447683584844,-1.0368279440294756,0.19021966436878207,-0.1976892948241357,-0.35941493924567847,0.5829222017135578,-0.19296952411517532,0.4639243757715492,-1.2039186108834923,-0.645341073311799,-0.30987117726685176,-0.3165123419115108,-0.23098595834683763,0.8618640334642359,1.2898111520493236,1.171188482809605
0.8623453717034026,0.8528190723380589,-0.6399945045160387,-1.5148943276470104,-0.3080487028937018,0.5829222017135578,-0.19296952411517532,0.4639243757715492,-1.2039186108834923,-0.645341073311799,-0.4176753733774133,-0.30618739108744736,-0.20788730938711247,0.18933561139036134,1.0329518918636584,1.1581437843724243
0.013802416826144283,-1.0829168956481958,-1.0870329031463264,-0.6283140170931525,2.0547981692972277,0.5829222017135578,-0.19296952411517532,0.4639243757715492,-1.2039186108834923,-0.645341073311799,-0.4166291221046867,-0.3245066446845664,-0.26732444411002065,0.8624918543347355,-0.03666739371764493,1.1051309540617755
-0.1286455875809501,-0.4837605246048314,-0.89544501801906,-0.9702807083067834,-0.05121752113381818,0.5829222017135578,-0.19296952411517532,0.4639243757715492,-1.2039186108834923,-0.645341073311799,-0.43750533552147375,-0.37067968566177756,-0.45863698907405565,0.013778252962074716,-0.576280337788539,0.5662659804912004
1.3510748999023563,-0.8755166133639544,-0.7038571328917939,-0.754968347172275,1.0788396786096697,0.5829222017135578,-0.19296952411517532,0.5326259189851889,-1.2039186108834923,-0.645341073311799,-0.3257628624191491,-0.316251556877401,-0.124589369956899,-0.12869839849534212,0.518203052212686,-0.08551031291170262
1.3095888520766745,-1.0598724198388358,-1.1189642173342038,-0.058369531737100924,2.465728060113041,0.5829222017135578,-0.19296952411517532,0.5326259189851889,-1.2039186108834923,-0.645341073311799,-0.1564148567319425,-0.4397992087879398,-0.2087264376257154,1.3513196686377777,0.30202554683385635,-0.06803550554541733
1.4924752731182476,-1.8203401215477215,-1.230723816991776,-0.08370039775292534,-0.35941493924567847,0.5829222017135578,-0.19296952411517532,0.5326259189851889,-1.2039186108834923,-0.645341073311799,-0.050428165478531094,-0.3077982295064251,-0.32307999469737764,1.3098252777475183,0.8615184165903568,1.2523253925961324
1.3894235796353887,-1.1750947988856366,-1.1828268457099593,-0.14702756279248663,-0.05121752113381818,0.5829222017135578,-0.19296952411517532,0.5326259189851889,-1.2039186108834923,-0.645341073311799,0.2774251508938363,-0.41557003937955134,-0.24288574637251945,1.4927484782197946,0.1884024234397572,1.8631741371223214
1.403901813228651,-1.0137834682201154,-0.9593076463948154,-0.7423029141643627,-0.20531623018974834,0.5829222017135578,-0.19296952411517532,0.5326259189851889,-1.2039186108834923,-0.645341073311799,-0.03859215616248616,-0.4145241024187288,-0.3357838875905471,1.389676060494,0.8621467859720757,1.6244428111367253
-0.095148280136323,-0.5298494762235516,-0.6559601616099772,-0.37500535693490733,-0.35941493924567847,0.5829222017135578,-0.19296952411517532,0.5326259189851889,-1.2039186108834923,-0.645341073311799,-0.09510527305347169,-0.4353940442614133,-0.2943310199503704,1.4041572057369416,0.012691684986577936,1.560790607172395
-0.4444172473039586,-0.25331576651122967,-0.2248874200736283,-0.31167819189534607,-0.35941493924567847,0.5829222017135578,-0.19296952411517532,0.5326259189851889,-1.2039186108834923,-0.645341073311799,-0.3828364607457689,-0.323685140522769,-0.35607337629827107,-0.09519435456426141,-0.12990944471853413,1.3761143822426798
0.3087621683069324,-0.6681163310797129,-0.0013682207584846068,-0.058369531737100924,-0.35941493924567847,0.5829222017135578,-0.19296952411517532,0.6013274621988285,-1.2039186108834923,-0.645341073311799,-0.40179785499948645,-0.1543880098934845,-0.4284745505355119,-0.44453356157639445,1.351401676775911,0.036201100824457606
0.9491838305695836,-0.3224491939393103,-0.5761318761402829,-1.198258502449204,-0.35941493924567847,0.5829222017135578,-0.19296952411517532,0.6013274621988285,-1.2039186108834923,-0.645341073311799,-0.3239223628124488,-0.04843315886774281,-0.3568072471199363,0.30879732241561325,1.3098710332855634,-0.48198343210641936
0.5871266902535669,0.2767071771040545,-0.033299534946362196,-0.5776522850615035,-0.1539499938377716,0.5829222017135578,-0.19296952411517532,0.6013274621988285,-1.2039186108834923,-0.645341073311799,-0.21110539601485862,0.27932166472112396,-0.2588756716350118,0.9493477768762513,1.4929540491326723,1.2376764110843115
0.9858527640888634,0.00017346739173218143,-0.7836854183614881,-0.7423029141643627,-0.35941493924567847,0.5829222017135578,-0.19296952411517532,0.6013274621988285,-1.390572106430907,0.0747694711621766,-0.3768051369141965,-0.03660070529277128,-0.23785511722733477,0.5872178249461906,1.3897915796418132,1.1912522863077444
1.0615268044799495,-0.4607160487954713,-0.8635137038311823,-0.6409794501010647,-0.25668246654172505,0.5829222017135578,-0.19296952411517532,0.6013274621988285,-1.390572106430907,0.0747694711621766,-0.2623396936252991,-0.0930968446700062,-0.16215175681706767,0.9860240847128349,1.4042853766951813,1.4567527031394614
-0.16523053378954017,-0.3685381455580305,-0.7517541041736105,-0.22302016083996012,-0.3080487028937018,0.5829222017135578,-0.19296952411517532,0.6013274621988285,-1.390572106430907,0.0747694711621766,-0.21552454110266608,-0.3807415929573606,-0.21403785104975717,1.061713343555399,-0.09637612915145845,1.5849776674667464
-0.7277948539486124,-0.3454936697486704,-0.5601662190463444,-0.5903177180694156,-0.3080487028937018,0.5829222017135578,-0.19296952411517532,0.6013274621988285,-1.390572106430907,0.0747694711621766,-0.3550220887951136,-0.39969729088163497,-0.06443938897587634,-0.16529070213094174,-0.44602054499532146,1.7917322149748165
0.47232561404399703,0.2767071771040545,-0.3206813626372616,-0.37500535693490733,-0.35941493924567847,0.5829222017135578,-0.19296952411517532,0.6700290054124681,-1.390572106430907,0.0747694711621766,-0.4414442898919372,-0.321845193833853,-0.19130012659018336,-0.7279681569629517,0.30796850514120755,0.7223884596371145
0.6393093324991941,-0.552893952032912,0.17425400727484297,0.14427739638949538,-0.35941493924567847,0.5829222017135578,-0.19296952411517532,0.6700290054124681,-1.390572106430907,0.0747694711621766,-0.33139213065255213,-0.2090621191963573,-0.36397871151933586,0.47239366163040997,0.9490785923368659,-0.0495305255466619
0.179932264289348,-0.4607160487954713,0.09442572180514873,0.2582662934607055,-0.35941493924567847,0.5829222017135578,-0.19296952411517532,0.6700290054124681,-1.390572106430907,0.0747694711621766,-0.4078628948128636,-0.37471208103935655,-0.346055063904835,0.6394109613983501,0.5866322566246689,1.2795875731898234
-0.23146336903623702,0.3458406045321348,0.4616358349657424,0.1696082624053198,-0.35941493924567847,0.5829222017135578,-0.19296952411517532,0.6700290054124681,-1.390572106430907,0.0747694711621766,-0.44409259097791376,-0.26028102514128654,-0.39280440489659324,0.1799415100200295,0.9857869433362044,0.8626121855615845
0.3365306570857105,1.0141304030035798,-0.592097533234222,-1.1096004713938181,-0.20531623018974834,0.5829222017135578,-0.19296952411517532,0.6700290054124681,-1.390572106430907,0.0747694711621766,-0.5379003580140759,-0.21347993669686077,-0.44797989477725136,-0.2315368571526134,1.0615423299703308,0.7010939481221871
-0.696337185711341,-0.02287100841762791,-0.9752733034887542,-0.856291811235573,2.0547981692972277,0.5829222017135578,-0.19296952411517532,0.6700290054124681,-1.390572106430907,0.0747694711621766,-0.45036959234016355,-0.3529355769231409,-0.3084211975573584,0.33657139558498167,-0.16653371812454246,1.2694654855092313
-0.8648849836453981,-0.9907389924107552,-0.5442005619524053,-0.36233992392699493,-0.05121752113381818,0.5829222017135578,-0.19296952411517532,0.6700290054124681,-1.390572106430907,0.0747694711621766,-0.3286012235882403,-0.4393318153021355,-0.2981011039236662,-0.696504162421505,-0.7297027700209039,1.0141051202225178
0.7442872086469012,-0.39158262136739064,-1.0870329031463264,-0.9702807083067834,0.051514951570135296,0.5829222017135578,-0.19296952411517532,0.7387305486261078,-1.390572106430907,0.0747694711621766,-0.23391088624459416,-0.3293127176270307,-0.3164117395521677,-0.8650858562129963,0.4717077743408579,-0.04927243247432884
1.0207730670650021,-0.4607160487954713,-0.9273763322069378,-1.502228894639098,1.952065696593274,0.5829222017135578,-0.19296952411517532,0.7387305486261078,-1.390572106430907,0.0747694711621766,-0.09069165593239749,-0.40576050865258206,-0.36256305923947985,0.7444099491545579,0.6388709929003842,-0.5857364805751438
0.7209770462771198,-0.25331576651122967,-0.6878914757978547,-0.1850238618162235,4.9313074050079235,0.5829222017135578,-0.19296952411517532,0.7387305486261078,-1.390572106430907,0.0747694711621766,-0.1397617952563934,-0.4419793207928489,-0.30816053520495224,1.0209514103473871,0.17900011468059857,0.5023600827682676
0.9849896839619294,-0.6681163310797129,-0.9273763322069378,-0.9829461413146956,0.15424742427408872,0.5829222017135578,-0.19296952411517532,0.7387305486261078,-1.390572106430907,0.0747694711621766,-0.19782242560326616,-0.5357589063599578,-0.43165006630935204,0.7210950989873081,-0.23283775073674765,0.28744407506659453
0.8007815678732159,-0.5989829036516322,-0.7517541041736105,-0.2736818928716092,3.0821228963367617,-1.7154947899743744,-0.19296952411517532,0.7387305486261078,-1.390572106430907,0.0747694711621766,-0.2943814592715948,-0.4482544364357684,-0.29971118455222034,0.9851608310159031,0.33576684381600524,0.8436720401127424
-1.042855200088564,-0.11504891165506868,-0.09716216332211737,0.5242403866268631,-0.35941493924567847,-1.7154947899743744,-0.19296952411517532,0.7387305486261078,-1.390572106430907,0.0747694711621766,-0.26045231327592666,-0.32652264899927425,-0.4074322950848733,0.8009156696965921,-0.6982112861830291,0.17448399617373417
-0.7772574860972308,-0.18418233908314896,-1.2626551311796537,-1.1602622034254673,-0.25668246654172505,-1.7154947899743744,-0.19296952411517532,0.7387305486261078,-1.390572106430907,0.0747694711621766,-0.34893396821741257,-0.23186075826400404,-0.4063868501665816,-1.0430918634120074,-0.8669402655376074,0.8442967426628267
0.48081827828918106,-0.7142052826984331,-0.6559601616099772,0.19493912842114422,-0.3080487028937018,-1.7154947899743744,-0.19296952411517532,0.8074320918397474,-1.390572106430907,0.0747694711621766,-0.2500006945254856,-0.0886845534755396,-0.4272469741145088,-0.7774407363096241,0.7439617156171766,-0.00020138726842420452
0.13258147096605408,-0.5759384278422721,-0.25681873426150587,0.4862440876031262,-0.35941493924567847,-1.7154947899743744,-0.19296952411517532,0.8074320918397474,-1.390572106430907,0.0747694711621766,-0.18495369067400666,-0.13773995128445105,-0.31559062185246317,0.4808880337954839,1.0207447840919868,-0.1419703721415951
0.46737146780961725,-0.16113786327378887,-0.8315823896433048,-0.7423029141643627,-0.05121752113381818,-1.7154947899743744,-0.19296952411517532,0.8074320918397474,-1.390572106430907,0.0747694711621766,-0.29151004138664977,-0.1957831392178752,-0.146373134061849,0.1325811942006867,0.7206264958548779,1.3306966004825176
0.7730241300563732,-0.4607160487954713,-1.1189642173342038,-0.6029831510773278,-0.05121752113381818,-1.7154947899743744,-0.19296952411517532,0.8074320918397474,-1.390572106430907,0.0747694711621766,-0.21836781444117184,-0.2923131648892638,-0.04046812762044969,0.46743851909090767,0.9849229354363459,1.289408307879706
0.482979846443199,-0.4146270971767507,-0.6240288474220995,0.23293542744488108,-0.20531623018974834,-1.7154947899743744,-0.19296952411517532,0.8074320918397474,-1.390572106430907,0.0747694711621766,-0.19090339211523455,-0.25839421179348115,0.2871325095126782,0.7731526497115662,0.8005168037784374,1.4714229480009815
-1.037938627124761,-0.3685381455580305,-0.04926519204030071,0.4735786545952138,-0.35941493924567847,-1.7154947899743744,-0.19296952411517532,0.8074320918397474,-1.390572106430907,0.0747694711621766,-0.26450922699372664,-0.3468492853217291,-0.028641240413836807,0.4830500366523392,-1.0451017920840253,1.3688624801633678
-1.1001717508826627,-0.4837605246048314,-0.911410675112999,0.3089280254923548,1.1302059149616464,-1.7154947899743744,-0.19296952411517532,0.8074320918397474,-1.390572106430907,0.0747694711621766,-0.2884638440009987,-0.24794573288934152,-0.0851108021822417,-1.0381743016992662,-0.7792185723091815,1.3832716990767302
0.2562700991271977,-0.8063831859358739,-0.5601662190463444,-0.13436212978457443,-0.20531623018974834,-1.7154947899743744,-0.19296952411517532,0.876133635053387,-1.390572106430907,0.0747694711621766,-0.3355209067029358,-0.182918270278252,-0.37262023308886405,-1.100419940868917,0.4802095678241027,-0.10863273928267679
0.443810816969372,-0.9676945166013949,-0.89544501801906,-0.15969299580039883,2.876657950928855,-1.7154947899743744,-0.19296952411517532,0.876133635053387,-1.390572106430907,0.0747694711621766,-0.2554099452474161,-0.28944260962771146,-0.39156701364055185,0.25629469680194616,0.1315984213508835,-0.45623681509372777
0.020520664950354994,-0.9446500407920349,-0.17699044879181164,0.6255638506901612,0.20561366062606548,-1.7154947899743744,-0.19296952411517532,0.876133635053387,-1.390572106430907,0.0747694711621766,-0.23835605325163225,-0.21632235586708035,-0.3137515407339013,0.44387313007863216,0.4667483026186153,0.2933523534099642
0.14688767791856333,0.20757374967597383,-0.592097533234222,0.19493912842114422,0.102881187922112,-1.7154947899743744,-0.19296952411517532,0.876133635053387,-1.390572106430907,0.0747694711621766,-0.37782773286148164,-0.18886618432668353,-0.20102152289769165,0.020497852161668294,0.7727295279448698,0.9307212609468888
-0.5470180615399709,-0.5298494762235516,-0.6399945045160387,0.24560086045279353,0.15424742427408872,-1.7154947899743744,5.18216544599624,0.876133635053387,-1.390572106430907,0.0747694711621766,-0.33634409450764224,-0.26244990674452007,-0.3665935576480239,0.14689027820740388,0.48237345956818534,0.570389970506371
-0.860755975901989,0.00017346739173218143,-0.28875004844938346,-0.3496744909190827,0.051514951570135296,-1.7154947899743744,-0.19296952411517532,0.876133635053387,-1.2039186108834927,0.7948800156361521,-0.3727511857679946,-0.28639732737222573,-0.2522163338148559,-0.5471550093811308,-1.0401799340219617,0.9672154014092116
-1.6850347020292893,0.11539584643853305,0.5733954346233142,0.5115749536189507,-0.35941493924567847,-1.7154947899743744,-0.19296952411517532,0.876133635053387,-1.2039186108834927,0.7948800156361521,-0.4737844052725274,-0.3334402533219708,-0.20543726211414412,-0.8609560181041982,-1.1024799556326037,1.0425287196417086
-0.3702590305246132,-0.11504891165506868,-0.7198227899857326,-0.12169669677666221,2.0034319329452503,-1.7154947899743744,-0.19296952411517532,0.9448351782670267,-1.2039186108834927,0.7948800156361521,-0.5286421552493953,-0.25335335857918095,-0.3448272979027417,-1.6854005110616157,0.25542000931113,-0.17838092564298955
0.23757776538364353,-0.23027129070186955,-0.5282349048584662,-0.1850238618162235,0.15424742427408872,0.5829222017135578,-0.19296952411517532,0.9448351782670267,-1.2039186108834927,0.7948800156361521,-0.4648226388367949,-0.23630458986630537,-0.43118289270054055,-0.37036043118575107,0.44316232512183723,-0.7382636205727978
0.5668164956830865,-0.829427661745234,-0.5282349048584662,-0.9069535432672221,0.35971236968199555,0.5829222017135578,-0.19296952411517532,0.9448351782670267,-1.2039186108834927,0.7948800156361521,-0.45357642714247476,-0.37573436978120495,-0.32121555156268017,0.23759860393078874,0.01941715493007954,0.45613612676654464
-0.3658732720989749,-0.4376715729861112,1.0842964616293573,1.0055268409275289,-0.35941493924567847,0.5829222017135578,-0.19296952411517532,0.9448351782670267,-1.2039186108834927,0.7948800156361521,-0.30807564152529676,-0.33426319382688136,-0.39762737907801304,0.566903545887701,0.145920006842476,0.6223238691240056
-0.3438310234282581,0.5762853626257365,0.3339105782142315,-0.8689572442434853,-0.35941493924567847,0.5829222017135578,-0.19296952411517532,0.9448351782670267,-1.2039186108834927,0.7948800156361521,-0.39583839266790455,-0.37065934776990817,-0.4338291527191548,-0.3659737907607977,-0.5487316505641056,0.16513655431961638
-1.4413355742035474,-0.4376715729861112,-0.5601662190463444,1.0561885729591778,-0.35941493924567847,0.5829222017135578,-0.19296952411517532,0.9448351782670267,-1.2039186108834927,0.7948800156361521,-0.33840769272129284,-0.471662215155008,-0.5275646213400631,-0.34392710927679215,-0.8628068192936812,-0.24429804296084048
-1.9089102459749763,-0.4837605246048314,0.25408229274453725,-0.07103496474501314,-0.35941493924567847,0.5829222017135578,-0.19296952411517532,0.9448351782670267,-1.2039186108834927,0.7948800156361521,-0.35550758304351404,-0.5265034849188599,-0.44010131634498495,-1.4416523740468197,-1.687971608557585,0.3209884756709605
-0.29714439291710343,0.3227961287227747,-0.5761318761402829,0.4735786545952138,-0.1539499938377716,0.5829222017135578,-0.19296952411517532,1.0135367214806663,-1.2039186108834927,0.7948800156361521,-0.5105993440296193,-0.4627031409882789,-0.31842679547332753,-1.9093210775683422,-0.3717826114162071,-0.706955904392164
0.2800392447825774,-0.9446500407920349,-0.8475480467372436,0.2582662934607055,0.000148715218158527,0.5829222017135578,-0.19296952411517532,1.0135367214806663,-1.2039186108834927,0.7948800156361521,-0.41620035607570954,-0.4514603078496674,-0.22380943674910808,-0.2972310898362579,0.23670758213638288,-0.8747002705921413
0.5707885797670493,-0.3224491939393103,-0.7996510754554269,-0.22302016083996012,-0.35941493924567847,0.5829222017135578,-0.19296952411517532,1.0135367214806663,-1.2039186108834927,0.7948800156361521,-0.33149273252915473,-0.3060032331747349,-0.08070058667207322,0.28006862255877096,0.5663002294942353,0.7268013379207584
0.5435637983153575,-1.105961371457556,-0.9273763322069378,1.0308577069433533,0.7192760241458327,0.5829222017135578,-0.19296952411517532,1.0135367214806663,-1.2039186108834927,0.7948800156361521,-0.27871166715685636,-0.393739618875189,-0.1297329072373298,0.5708764287788715,-0.3673921384944357,1.0019692466806602
0.06385774889974627,-1.4746729844073188,0.36584189240210907,1.2461700680778616,-0.3080487028937018,0.5829222017135578,-0.19296952411517532,1.0135367214806663,-1.2039186108834927,0.7948800156361521,-0.1696067536002051,-0.33632617210008314,-0.1877487897803123,0.5436461722790208,-0.3453261953822928,0.7036022901689309
-1.6928031599024917,-0.5068050004141915,0.7011206913748251,0.9042033768642308,-0.35941493924567847,0.5829222017135578,-0.19296952411517532,1.0135367214806663,-1.2039186108834927,0.7948800156361521,-0.28517114803325133,-0.3534209253207065,-0.2842334046096339,0.0638436514288339,-1.4440105149589264,0.9663564354028509
-1.4050692640640206,1.336753064334622,0.4297045207778648,-0.8436263782276607,-0.35941493924567847,0.5829222017135578,-0.19296952411517532,1.0135367214806663,-1.2039186108834927,0.7948800156361521,-0.5363419193737426,-0.5084660940703611,-0.2503304080849948,-1.69317053121296,-1.9120878088011841,0.7830264004754149
-0.3552418783544377,-0.4146270971767507,-0.24085307716756738,0.0176230663103728,2.157530642001181,0.5829222017135578,-0.19296952411517532,1.0822382646943058,-1.2039186108834927,0.7948800156361521,-0.46138981073457774,-0.41409546519845214,-0.3387438694894909,-1.4053787705596892,-0.2985893788103349,-1.0518221406234045
0.17686893764164216,-0.4607160487954713,-0.6080631903281605,0.23293542744488108,-0.10258375748579489,0.5829222017135578,-0.19296952411517532,1.0822382646943058,-1.2039186108834927,0.7948800156361521,-0.4006009641403116,-0.3294132892810967,-0.23988684448282524,-0.35534025898650806,0.279214705745738,-0.7874904748067448
0.4050053641431319,-0.9446500407920349,-0.6240288474220995,0.9421996758879676,0.30834613333001887,0.5829222017135578,-0.19296952411517532,1.0822382646943058,-1.2039186108834927,0.7948800156361521,-0.3433710873920863,-0.27664808024998827,-0.17488997289058303,0.17687756732106347,0.570276583392729,0.4645883082759997
-0.4418582128857728,-1.105961371457556,0.22215097855665966,1.3854898311648967,-0.35941493924567847,0.5829222017135578,-0.19296952411517532,1.0822382646943058,-1.2039186108834927,0.7948800156361521,-0.15089080884651423,-0.16757594368869788,-0.2813641997499977,0.4050598732697071,0.5430225365063223,0.11801147222160159
0.15549232524466444,0.737596693291258,-0.44840661938877197,-1.6162177917103084,-0.35941493924567847,0.5829222017135578,-0.19296952411517532,1.0822382646943058,-1.2039186108834927,0.7948800156361521,-0.41803899426093427,-0.2831056205870636,-0.2082783441185738,-0.44197401252279445,0.06280082432601736,0.4512055959003201
-0.4921743476609831,-1.0829168956481958,-1.1508955315220817,0.2835971594765299,3.852616441616412,0.5829222017135578,-0.19296952411517532,1.0822382646943058,-1.2039186108834927,0.7948800156361521,-0.290969011209079,-0.5342009359014361,-0.18083508884812416,0.15549665597378728,-1.6957484171790618,0.7554012764987538
-0.7054722792102076,-0.8524721375545941,-1.007204617676632,0.5115749536189507,1.9006994602412974,0.5829222017135578,-0.19296952411517532,1.0822382646943058,-1.2039186108834927,0.7948800156361521,-0.32738648942941373,-0.459271344166754,-0.2543841951061268,-0.4923002661399705,-1.4077052201416482,0.4667395726914248
0.32456320204352523,-0.5068050004141915,-0.5282349048584662,0.7142218817455469,-0.25668246654172505,0.5829222017135578,-0.19296952411517532,1.1509398079079456,-1.2039186108834927,0.7948800156361521,-0.3096546941487935,-0.39850075958909065,-0.27832035009364986,-0.7056410930361969,-0.35674931647231567,-1.046929003923916
-0.2745322829760688,-0.4607160487954713,0.8448116052202747,1.0688540059670901,-0.3080487028937018,0.5829222017135578,-0.19296952411517532,1.1509398079079456,-1.2039186108834927,0.7948800156361521,-0.10405691330098986,-0.3412880756816232,-0.3253411455315069,0.32460153382402035,0.1759334950923717,-1.1088654755323923
0.05456831029922336,1.1293527820503808,-0.30471570554332256,-0.7169720481485382,-0.35941493924567847,0.5829222017135578,-0.19296952411517532,1.1509398079079456,-1.2039186108834927,0.7948800156361521,-0.3409537495618398,-0.14886562152719254,-0.24529192625086993,-0.27461443247980616,0.40431515815187524,0.2411105028310267
-0.0532128265253818,-0.3454936697486704,-0.7996510754554269,1.4108206971807211,-0.3080487028937018,0.5829222017135578,-0.19296952411517532,1.1509398079079456,-1.2039186108834927,0.7948800156361521,-0.1931969139059371,-0.41593355102509555,-0.22825117782948465,0.054552344672866036,-0.4434587597284344,0.4277572537036327
-0.07691492967836924,-1.221183750504357,-0.6080631903281605,1.4994787282361068,-0.35941493924567847,0.5829222017135578,-0.19296952411517532,1.1509398079079456,-1.2039186108834927,0.7948800156361521,-0.28907481266063023,-0.28890174198492524,-0.36761536547222745,-0.05325046751085194,0.15453390378349188,0.00648483638672447
-1.2283960621863397,-0.5298494762235516,0.828845948126336,1.4108206971807211,-0.35941493924567847,0.5829222017135578,-0.19296952411517532,1.1509398079079456,-1.2039186108834927,0.7948800156361521,-0.20047950523759048,-0.3253082797675128,-0.3261636988986224,-0.07695733728268109,-0.49382898212083964,0.1322494845088536
-1.9552093560876957,0.25366270129469404,1.2120217183808684,0.6128984176822488,-0.35941493924567847,0.5829222017135578,-0.19296952411517532,1.1509398079079456,-1.2039186108834927,0.7948800156361521,-0.4673617673713574,-0.30758181142362445,-0.3625427309152117,-1.2286700387626819,-0.7073561995029614,-0.5583485529305818
-0.7517072937437163,-0.8524721375545941,-0.46437227648271107,0.5495712526426875,0.102881187922112,0.5829222017135578,-0.19296952411517532,1.2196413511215851,-1.2039186108834927,0.7948800156361521,-0.5831666246510963,-0.10204579569060232,-0.4634980832890265,-1.9556294986780307,0.3237865242894948,-0.870590944956075
-1.1705549590658377,-0.5068050004141915,-0.3206813626372616,0.3849206235398281,-0.25668246654172505,0.5829222017135578,5.18216544599624,1.2196413511215851,-0.6939717776376265,1.322037521257189,-0.4850720425450263,-0.33887146406129953,-0.5183135539481679,-0.7518854056767132,-0.2759529618522386,-1.6909405085881364
-0.07074333580442421,-0.4376715729861112,-0.30471570554332256,-0.17235842880831106,-0.25668246654172505,0.5829222017135578,-0.19296952411517532,1.2196413511215851,-0.6939717776376265,1.322037521257189,-0.4984281591817964,-0.19115901710393432,-0.45454322376017015,-1.1708173034891096,0.053501399990278,-0.3824320948621487
-0.16113909931670048,-0.3685381455580305,-0.20892176297968923,1.6894602233547906,-0.35941493924567847,0.5829222017135578,-0.19296952411517532,1.2196413511215851,-0.6939717776376265,1.322037521257189,-0.26364999348322676,-0.28700811248634794,-0.4433056796134188,-0.07078450226842657,-0.05439559678452898,0.2225072714922364
-0.5303156376750755,-0.3224491939393103,1.4036096035081345,1.2968318001095105,-0.35941493924567847,0.5829222017135578,-0.19296952411517532,1.2196413511215851,-0.6939717776376265,1.322037521257189,-0.15460179999623774,-0.1984394206197093,-0.29791703264478425,-0.16119844484889723,-0.0781231786490228,0.5501765903413189
-1.4037641454597836,-0.3685381455580305,-0.5761318761402829,-0.48899425400611746,-0.35941493924567847,0.5829222017135578,-0.19296952411517532,1.2196413511215851,-0.6939717776376265,1.322037521257189,-0.42987512086243673,-0.4652415067248932,-0.3856121443154549,-0.5304492265700785,-1.2308421023939498,-0.37806724242009704
-1.7629811885591204,-0.02287100841762791,0.1582883501809039,1.3348280991332473,-0.35941493924567847,0.5829222017135578,-0.19296952411517532,1.2196413511215851,-0.6939717776376265,1.322037521257189,-0.5157268957514527,-0.5810115742307704,-0.32822570668020873,-1.4040733894891686,-1.9584366884074353,-0.35613006449067497
-0.3414285443041161,0.6915077416725374,0.8767429194081522,0.15694282939740758,-0.35941493924567847,0.5829222017135578,-0.19296952411517532,1.2883428943352249,-0.6939717776376265,1.322037521257189,-0.4442826422417338,-0.48294646142684106,-0.34531241797674395,-1.7633626730439138,-0.753640914630092,-1.4484030430045756
-0.2261850612518408,-0.13809338746442879,-0.3526126768251392,1.8034491204260008,-0.3080487028937018,0.5829222017135578,-0.19296952411517532,1.2883428943352249,-0.6939717776376265,1.322037521257189,-0.3944126917024913,-0.4962985656561148,-0.5002846484709453,-0.34152414700133715,-1.1729388226484407,-1.9137488851267432
0.09329972168051165,-0.552893952032912,-0.48033793357665017,0.9295342428800553,-0.35941493924567847,0.5829222017135578,-0.19296952411517532,1.2883428943352249,-0.6939717776376265,1.322037521257189,-0.2052007152353998,-0.26159093136256706,-0.4059584145910987,-0.22625748787248512,-0.07194495058490344,-0.30966597928102935
0.13038785502243072,0.06930689481981286,-0.46437227648271107,0.7142218817455469,-0.35941493924567847,0.5829222017135578,-0.19296952411517532,1.2883428943352249,-0.6939717776376265,1.322037521257189,-0.19122204752041388,-0.152575497831253,-0.32131607590459155,0.09329154514671141,-0.16243788554078797,0.2647663459921254
-0.21444967641024135,-0.7372497585077932,0.5414641204354367,1.8287799864418257,-0.35941493924567847,0.5829222017135578,-0.19296952411517532,1.2883428943352249,-0.6939717776376265,1.322037521257189,-0.24709197951068698,-0.42776612185029006,-0.2685756893321666,0.13038713710924532,-0.5320112723330358,0.5541297403398615
-1.5439956952685974,0.36888508034149486,0.812880291032397,0.29626259248444237,0.15424742427408872,0.5829222017135578,-0.19296952411517532,1.2883428943352249,-0.6939717776376265,1.322037521257189,-0.42287347649669305,-0.5135921053873355,-0.1595548638270251,-0.21451974298265958,-1.4063986985926944,0.5270347336680231
-1.7724850158211356,0.023217943201092273,-0.2248874200736283,-0.6283140170931525,0.15424742427408872,0.5829222017135578,-0.19296952411517532,1.2883428943352249,-0.6939717776376265,1.322037521257189,-0.5513328162322959,-0.4421693149619957,-0.27503019183368405,-1.544333140607512,-1.7660018841094458,0.04961534161521755
-0.2981964444930845,-0.02287100841762791,-0.7198227899857326,0.0176230663103728,1.8493332238893205,0.5829222017135578,-0.19296952411517532,1.3570444375488644,-0.6939717776376265,1.322037521257189,-0.552188103199328,-0.39231434621490346,-0.5260073838011686,-1.7728684115760724,-0.3429211336994593,-1.698671935864341
-0.0706615586861199,-0.13809338746442879,-0.1929561058857507,0.3089280254923548,-0.35941493924567847,0.5829222017135578,-0.19296952411517532,1.3570444375488644,-0.6939717776376265,1.322037521257189,-0.3210517727949154,-0.20315921228471256,-0.45111304136671965,-0.2982833529853991,-0.22755376900517416,-1.4123096067014396
0.09444496970212733,0.06930689481981286,0.19021966436878207,1.4108206971807211,-0.35941493924567847,0.5829222017135578,-0.19296952411517532,1.3570444375488644,-0.6939717776376265,1.322037521257189,-0.42219547209087394,-0.18918474400229035,-0.39037104523497634,-0.07070270870430939,0.09227444592401292,-0.36748652628284123
0.11787190390299467,0.09235137062917295,1.754854059574789,1.7907836874180887,-0.35941493924567847,0.5829222017135578,-0.19296952411517532,1.3570444375488644,-0.6939717776376265,1.322037521257189,-0.3521310743715109,-0.24503789170263585,-0.3331852760220309,0.09443702348378742,0.12940244736724055,0.16208782990267706
0.04246050804049663,0.8528190723380589,-0.24085307716756738,0.11894653037367071,-0.35941493924567847,0.5829222017135578,-0.19296952411517532,1.3570444375488644,-0.6939717776376265,1.322037521257189,-0.4089679611495124,-0.42076658089911695,-0.14085334360542176,0.1178686689655586,-0.21580576914444052,0.38913677827038196
-1.0311441273632143,0.023217943201092273,-0.16102479169787312,1.9301034505051233,-0.35941493924567847,0.5829222017135578,-0.19296952411517532,1.3570444375488644,-0.6939717776376265,1.322037521257189,-0.3830965648697873,-0.5491873292363554,-0.40779563572279776,0.042442107470792474,-1.5467809911089636,-0.4536899790518209
-0.6458460773721992,0.06930689481981286,2.058201544359627,0.9421996758879676,-0.35941493924567847,0.5829222017135578,-0.19296952411517532,1.3570444375488644,-0.6939717776376265,1.322037521257189,-0.44028848836238155,-0.5500423592604502,-0.2808235865488211,-1.0313784355277271,-1.7755159275649968,0.140813115299544
1.3126407593970513,1.451975443381423,2.329617714956588,0.6508947167059856,-0.35941493924567847,0.5829222017135578,-0.19296952411517532,1.4257459807625041,-0.6939717776376265,1.322037521257189,-0.2922444786167438,-0.31897546619100675,-0.3172129975200777,-0.6460029000522844,-0.2996425612951819,-0.503766267445707
0.42384172875720744,0.6684632658631773,-0.8794793609251211,-1.6668795237419576,1.8493332238893205,0.5829222017135578,-0.19296952411517532,1.4257459807625041,-0.6939717776376265,1.322037521257189,-0.2283892783433308,-0.4200887801774999,-0.2994948682794763,1.3128777988226679,-0.07186308555981753,-0.716047452830812
-0.20228440914946208,-0.13809338746442879,-0.5761318761402829,0.2835971594765299,1.0274734422576932,0.5829222017135578,-0.19296952411517532,1.4257459807625041,-0.6939717776376265,1.322037521257189,-0.34096061458827936,-0.35004543101006874,-0.09405554332721999,0.423900025976759,0.09342092503654732,0.309078066957917
-0.0409746229158493,-0.29940471812994984,-0.5442005619524053,0.8788725108484063,0.20561366062606548,0.5829222017135578,-0.19296952411517532,1.4257459807625041,-0.6939717776376265,1.322037521257189,-0.3016724212873561,-0.4068652430082686,-0.33076980125387173,-0.20235202922201637,0.11687304215448029,-0.2871616564895381
-0.3575463722827817,-0.16113786327378887,-0.4005096481069559,0.13161196338158293,-0.1539499938377716,0.5829222017135578,-0.19296952411517532,1.4257459807625041,-0.6939717776376265,1.322037521257189,-0.33262168084865806,-0.3810016189416199,-0.18312684300277635,-0.04100980273356831,0.04138058238018201,0.04037018380539573
-1.1909001483491093,0.13844032224789315,-0.48033793357665017,0.5242403866268631,-0.35941493924567847,0.5829222017135578,-0.19296952411517532,1.4257459807625041,-0.6939717776376265,1.322037521257189,-0.4165074240962856,-0.438176360995268,-0.27893084787472555,-0.35764521636082175,-1.0333781304739897,-0.06689718311701248
-1.3368579382659898,0.00017346739173218143,-0.6559601616099772,-0.5776522850615035,-0.25668246654172505,0.5829222017135578,-0.19296952411517532,1.4257459807625041,-0.6939717776376265,1.322037521257189,-0.44724014753428926,-0.2901768262202109,-0.1904038215815751,-1.191166584298013,-0.647665902137858,-0.09048630335315995
-0.16195871232669984,0.13844032224789315,-0.12909347750999497,1.2335046350699492,-0.3080487028937018,0.5829222017135578,-0.19296952411517532,1.4944475239761437,-0.6939717776376265,1.322037521257189,-0.34109995652620384,-0.22634080914886376,-0.4570803953675508,-1.3371537271017249,1.3129262212711896,-1.236478568641322
-0.12491588792870578,-0.27636024232058976,-0.06523084913423978,2.069423213592158,-0.3080487028937018,0.5829222017135578,-0.19296952411517532,1.4944475239761437,-0.6939717776376265,1.322037521257189,-0.1130583567358884,-0.33887832702536685,-0.5727960008942147,-0.16201822268742644,0.42317177102395276,-1.9598272971657995
0.014946559751563537,0.3919295561508554,-0.24085307716756738,-0.6409794501010647,-0.35941493924567847,0.5829222017135578,-0.19296952411517532,1.4944475239761437,-0.6939717776376265,1.322037521257189,-0.12882524045834812,-0.29960193657444895,-0.47477702108692377,-0.12496794878068683,-0.20362742475995899,-0.7620620748207385
-0.5776480127284903,0.2997516529134146,0.23811663565059815,1.6894602233547906,-0.35941493924567847,0.5829222017135578,-0.19296952411517532,1.4944475239761437,0.0026285511556547137,1.5149905601101274,-0.02764406244605288,-0.3305418984450788,-0.48812284405508527,0.014922625980713578,-0.04214423764794848,-1.1789131818360186
-0.8506557650610125,0.3227961287227747,0.19021966436878207,1.9047725844892989,-0.35941493924567847,0.5829222017135578,-0.19296952411517532,1.4944475239761437,0.0026285511556547137,1.5149905601101274,-0.18840973930676155,-0.4144024409705056,-0.253525623813939,-0.5777911204155304,-0.35905628762960384,-0.08434412816298865
-1.6182452666665856,-0.39158262136739064,0.5574297775293752,2.094754079607983,-0.35941493924567847,0.5829222017135578,-0.19296952411517532,1.4944475239761437,0.0026285511556547137,1.5149905601101274,-0.30498860693964003,-0.4451259317690183,-0.14456147466383704,-0.8508537760571726,-1.1933058821094324,-0.174308994173652
-1.7360584667335852,0.25366270129469404,1.8027510308566057,-0.07103496474501314,-0.35941493924567847,0.5829222017135578,-0.19296952411517532,1.4944475239761437,0.0026285511556547137,1.5149905601101274,-0.4037629081164647,-0.339017627102573,-0.4196226401244753,-1.6185976439886975,-1.339420570188362,-0.5417257459905801
-0.8247489950024749,1.2215306852878212,0.17425400727484297,0.8788725108484063,0.25697989697804213,0.5829222017135578,-0.19296952411517532,1.5631490671897834,0.0026285511556547137,1.5149905601101274,-0.28704893088272904,-0.11104453493684348,-0.5054082483466222,-1.7364345369160148,-0.16325837959848566,-1.4110107093217825
-0.7099619166780123,0.2767071771040545,0.06249440761727114,1.2081737690541248,-0.35941493924567847,0.5829222017135578,-0.19296952411517532,1.5631490671897834,0.0026285511556547137,1.5149905601101274,-0.4351604195065635,-0.1268066820158489,-0.4340190575089074,-0.8249417960095682,-0.12617573580429178,-1.7685154406888637
-0.5987140930951661,-0.25331576651122967,1.259918689662685,2.044092347576334,-0.35941493924567847,0.5829222017135578,-0.19296952411517532,1.5631490671897834,0.0026285511556547137,1.5149905601101274,-0.24945750540146752,-0.02565590057227096,-0.3841875421494661,-0.7101316333939438,0.013837057814986417,-0.35373903747680946
-1.1359698686016528,0.875863548147419,0.44567017787180335,-0.38767078994281956,0.20561366062606548,0.5829222017135578,-0.19296952411517532,1.5631490671897834,0.0026285511556547137,1.5149905601101274,-0.2791019522285945,-0.1863732806544673,-0.1951213929041264,-0.5988614372828639,-0.5793945275940472,-0.23904489575420443
-1.119876721104638,-0.3685381455580305,-0.49630359067058866,1.0815194389750022,1.3356708603695533,0.5829222017135578,-0.19296952411517532,1.5631490671897834,0.0026285511556547137,1.5149905601101274,-0.4306662582476566,-0.30291712598744175,-0.18115349866296984,-1.136225257779528,-0.8526957511732257,0.0789169707336158
-1.6386254506626432,-0.0920044358457086,-0.25681873426150587,1.2081737690541248,-0.3080487028937018,0.5829222017135578,-0.19296952411517532,1.5631490671897834,0.0026285511556547137,1.5149905601101274,-0.43657571358696673,-0.4016617536628089,-0.23698037123853924,-1.1201288738650703,-1.6211103775088913,0.11582831278161158
-2.0032832506867897,0.2997516529134146,-0.17699044879181164,1.562805893275668,-0.10258375748579489,0.5829222017135578,-0.19296952411517532,1.5631490671897834,0.0026285511556547137,1.5149905601101274,-0.4832183354556673,-0.2849828393182286,-0.41262639198345596,-1.6389819265480094,-1.7390502215499202,-0.2273654510121432
-0.034965478182311126,-0.20722681489250946,1.9783732588899328,1.9427688835130357,-0.35941493924567847,0.5829222017135578,-0.19296952411517532,1.631850610403423,0.0026285511556547137,1.5149905601101274,-0.5066337693691363,-0.433049832699665,-0.5409867270525917,-2.003713061192681,-0.8267611324838674,-1.5505738049673465
0.586948769766455,1.1293527820503808,2.5371712571777927,-0.07103496474501314,-0.35941493924567847,0.5829222017135578,-0.19296952411517532,1.631850610403423,0.0026285511556547137,1.5149905601101274,-0.2756035597749838,-0.2474027069486927,-0.541841354842945,-0.03499944952910566,-0.7118506631322705,-1.7779739652147346
-0.6955437266445839,0.9449969755754992,-0.17699044879181164,0.8408762118246695,-0.35941493924567847,0.5829222017135578,-0.19296952411517532,1.631850610403423,0.0026285511556547137,1.5149905601101274,-0.2793351885254586,-0.27703824807336824,-0.31088316310363256,0.5870398686783237,-0.600483253064441,-0.3107130159494745
-1.0161251333660473,0.023217943201092273,-0.28875004844938346,2.044092347576334,-0.35941493924567847,0.5829222017135578,-0.19296952411517532,1.631850610403423,0.0026285511556547137,1.5149905601101274,-0.47833891435412124,-0.4285570215642121,-0.41194891012119184,-0.695710543785915,-1.1383165547432217,-0.08426274085892559
-0.5279894101882685,-0.4376715729861112,0.812880291032397,0.7395527477613714,-0.35941493924567847,0.5829222017135578,-0.19296952411517532,1.631850610403423,0.0026285511556547137,1.5149905601101274,-0.3881611668691993,-0.43446470160134815,-0.34193851160766087,-1.0163564211310916,-1.122206107825153,0.08005675959993408
-2.257139317624757,0.8067301207193383,0.07846006471120964,0.9928614079196165,-0.35941493924567847,0.5829222017135578,-0.19296952411517532,1.631850610403423,0.0026285511556547137,1.5149905601101274,-0.24588775676926083,-0.48109331122302174,-0.39873159373097494,-0.5281225312665678,-1.6415124693004357,0.1033720225562056
-2.2067760320786336,-0.3685381455580305,-0.46437227648271107,1.9807651825367727,-0.35941493924567847,0.5829222017135578,-0.19296952411517532,1.631850610403423,0.0026285511556547137,1.5149905601101274,-0.44896199042932483,-0.504501710736813,-0.37288013674850135,-2.2576201799341082,-2.0065622603148077,0.028320096881332885
-0.8549324873289174,-0.6450718552703525,1.563266174447523,1.8541108524576502,-0.35941493924567847,0.5829222017135578,-0.19296952411517532,1.7005521536170627,0.0026285511556547137,1.5149905601101274,-0.4255273786279172,-0.2735409065971103,-0.43002798195670106,-2.2072467660637485,-0.03612863334986966,-1.0401668921068725
-1.0618838514402633,0.6454187900538172,0.17425400727484297,1.4361515631965456,0.41107860603397234,-1.7154947899743744,-0.19296952411517532,1.7005521536170627,0.0026285511556547137,1.5149905601101274,-0.4079256596849409,-0.27727141430203117,-0.2820980709432963,-0.8551313583966421,0.5864541448809106,-0.6567054764963492
-1.213778954838122,0.43801850776957557,-0.08119650622817887,1.7907836874180887,-0.3080487028937018,-1.7154947899743744,-0.19296952411517532,1.7005521536170627,0.0026285511556547137,1.5149905601101274,-0.508777167574931,-0.47621535598362247,-0.21829208439633,-1.0621243415265673,-0.6974169741829047,1.2924456674028364
-1.1309906735202293,0.6915077416725374,-0.06523084913423978,1.892107151481387,-0.35941493924567847,-1.7154947899743744,-0.19296952411517532,1.7005521536170627,0.0026285511556547137,1.5149905601101274,-0.46687797790409463,-0.3860646994473537,-0.3307766609893791,-1.214049991836535,-1.0183429917232243,0.40788335391497144
-0.6348238479406482,0.20757374967597383,0.9406055477839079,1.7781182544101763,-0.35941493924567847,-1.7154947899743744,-0.19296952411517532,1.7005521536170627,0.0026285511556547137,1.5149905601101274,-0.4698472129173119,-0.24383403073046392,-0.2915187474211857,-1.1312450613555258,-0.5296825442546715,-0.21525817300954872
-0.4435736905431066,1.0602193546223,2.3136520578626487,1.4741478622202824,-0.1539499938377716,-1.7154947899743744,-0.19296952411517532,1.7005521536170627,0.0026285511556547137,1.5149905601101274,-0.4429123826251997,-0.4468472573927896,-0.322444154134368,-0.6349784539918483,-2.260691211285551,-0.054717316437825854
-0.47125303489562914,1.1063083062410204,2.5371712571777927,2.2340738426950173,-0.3080487028937018,-1.7154947899743744,-0.19296952411517532,1.7005521536170627,0.0026285511556547137,1.5149905601101274,-0.3596624052242931,-0.42341968575242744,-0.40626524595183344,-0.44368983517179716,-2.210273787437241,-0.36978003517563024
-1.0741448937044573,3.180311129083436,1.4195752606020735,-0.5649868520535912,-0.35941493924567847,-1.7154947899743744,5.18216544599624,1.7692536968307022,0.0026285511556547137,1.5149905601101274,-0.40822610583393176,-0.4058232546690107,-0.43697428342788314,-0.47137474598749246,-0.8569770707282217,-1.1991613899014613
-1.5591642456172516,1.4750199191907833,1.4994035460717678,-1.1222659044017302,0.051514951570135296,-1.7154947899743744,5.18216544599624,1.7692536968307022,0.0026285511556547137,1.5149905601101274,-0.45431083101042113,-0.5066444650288667,-0.33091589553532946,-1.0743878495514871,-1.064150898393456,-1.3444234298786049
0.20840690953562133,2.0050428628060675,2.8405187419626317,0.05561936533410944,-0.10258375748579489,-1.7154947899743744,-0.19296952411517532,1.7692536968307022,0.0026285511556547137,1.5149905601101274,-0.44705575935183484,-0.4647578625963197,-0.10305004927585379,-1.5595047414322118,-1.216209282302488,-0.17512470026163893
1.083516008533393,3.5490227420331992,2.090132858547505,0.13161196338158293,-0.35941493924567847,-1.7154947899743744,-0.19296952411517532,1.7692536968307022,0.0026285511556547137,1.5149905601101274,-0.3147639281756572,-0.467726205600194,-0.11880478133174428,0.20842188166870967,-1.1333320072475337,-0.13825845117940747
-0.6426416667771504,1.9589539111873473,1.1800904041929907,1.7907836874180887,4.879941168655947,-1.7154947899743744,-0.19296952411517532,1.7692536968307022,0.0026285511556547137,1.5149905601101274,-0.259638926636693,-0.4407994669950531,-0.01770158448300228,1.083706969754577,-0.6366318242976644,0.0009373017694576738
-1.8518880191336837,1.3137085885252624,0.5414641204354367,2.044092347576334,-0.35941493924567847,-1.7154947899743744,-0.19296952411517532,1.7692536968307022,0.0026285511556547137,1.5149905601101274,-0.4450351888329427,-0.35757449932133584,-0.17834335791831796,-0.6427978450332442,-0.445176081448299,-0.588832497614716
-2.317870615656021,1.1984862094784614,0.1103913788990878,-0.7802992131880995,-0.35941493924567847,-1.7154947899743744,5.18216544599624,1.7692536968307022,0.6992288799489359,1.3220375212571898,-0.4969820376526577,-0.4061236105588032,-0.29483237726199557,-1.852287383254349,-0.47288517987052975,-0.860538879685732
-2.5312039102834314,0.737596693291258,-0.4164753052008944,-0.8689572442434853,-0.25668246654172505,-1.7154947899743744,5.18216544599624,-1.7345250070649192,0.6992288799489359,1.3220375212571898,-0.43072329608722754,-0.45219449109004173,-0.39353055227497985,-2.3183636913519905,-1.0764251207352407,-1.6244694443494072
-1.716580409596623,0.6915077416725374,-0.14505913460393405,1.423486130188633,-0.25668246654172505,-1.7154947899743744,-0.19296952411517532,-1.7345250070649192,0.6992288799489359,1.3220375212571898,-0.3923912799705405,-0.44494159897995006,-0.2769065274605223,-2.5317398884381057,-1.561965846977673,-1.7417210537887773
-0.3136939451419318,0.3919295561508554,1.4195752606020735,2.1454158116396322,-0.35941493924567847,-1.7154947899743744,-0.19296952411517532,-1.7345250070649192,0.6992288799489359,1.3220375212571898,-0.4079086115832617,-0.31268951054858,-0.42490386534559893,-1.7169525626383018,0.20750536890982982,-0.8347556017252677
0.5315609801949936,1.5902422982375843,1.8027510308566057,1.9047725844892989,-0.35941493924567847,-1.7154947899743744,-0.19296952411517532,-1.7345250070649192,0.6992288799489359,1.3220375212571898,-0.18069445241512763,-0.25758106950960447,-0.23934407399911906,-0.31378397026394433,1.0835551714445852,-0.7205156891455885
1.1378086477773421,1.5441533466188642,2.361549029144466,1.9554343165209482,-0.35941493924567847,-1.7154947899743744,-0.19296952411517532,-1.7345250070649192,0.6992288799489359,1.3220375212571898,-0.048270026038994766,-0.442921635475246,-0.2689656736079997,0.531640940328178,-0.644458046943291,-0.6097981604281119
1.0380762948936308,2.143309717662228,2.601033885553549,1.7527873883943519,-0.35941493924567847,-1.7154947899743744,-0.19296952411517532,-1.7345250070649192,0.6992288799489359,1.3220375212571898,0.14645241244561757,-0.4948528785667929,-0.42041316777362525,1.1380105275366625,-1.8550042855906301,-1.144492951189319
0.14088590049298064,3.7794675001268008,2.02627023017175,1.8541108524576502,-0.35941493924567847,-1.7154947899743744,-0.19296952411517532,-1.7345250070649192,0.6992288799489359,1.3220375212571898,-0.014976206508298001,-0.42861404226863353,-0.4263180686472494,1.0382581179470411,-2.3214877927733903,-1.1284765163255086
-0.34278044531386725,1.5902422982375843,0.6372580629990694,-0.045704098729188486,-0.35941493924567847,-1.7154947899743744,-0.19296952411517532,-1.6658234638512794,0.6992288799489359,1.3220375212571898,-0.08227644277364159,-0.3902935417498557,-0.47292474266481843,0.14088729379250148,-2.535050411247442,-1.6447524803152351
-0.03671816074482038,1.4058864917627028,0.9246398906899689,1.7654528214022644,-0.35941493924567847,-1.7154947899743744,-0.19296952411517532,-1.6658234638512794,0.6992288799489359,1.3220375212571898,-0.09131562729863245,-0.4058062116888749,-0.4963221301113699,-0.34287631988556216,-1.7195512263639043,-2.0076720336686433
-0.6828653263847377,1.1523972578597412,0.6212924059051309,1.423486130188633,-0.35941493924567847,-1.7154947899743744,-0.19296952411517532,-1.6658234638512794,0.6992288799489359,1.3220375212571898,-0.05345280778158546,-0.17866031156791118,-0.26546997739413886,-0.03675248456538789,-0.31515672107109277,-0.048736816027338946
-0.15329659999854836,0.7606411691006181,0.9725368619717856,2.0314269145684216,-0.35941493924567847,-1.7154947899743744,-0.19296952411517532,-1.6658234638512794,0.6992288799489359,1.3220375212571898,-0.11023296732341711,-0.046275667770468,-0.26919873014773726,-0.6830295938324332,0.5310068158878899,0.5702128981286219
-0.7015915497448877,1.3597975401439826,1.3397469751323792,-1.6922103897577818,0.000148715218158527,-1.7154947899743744,-0.19296952411517532,-1.6658234638512794,0.6992288799489359,1.3220375212571898,-0.0721101834225419,0.1483882727395361,-0.46804908217312535,-0.1533543683624755,1.1379061728719781,-0.706166227577099
-2.3478201959548923,0.8297745965286983,0.49356714915362,0.23293542744488108,0.30834613333001887,-1.7154947899743744,-0.19296952411517532,-1.6658234638512794,0.6992288799489359,1.3220375212571898,-0.07595155217018956,-0.012991850276643176,-0.37794083541762397,-0.7017595831355684,1.0380666121244508,-1.0252194904801737
-2.2522385843730572,0.8297745965286983,0.17425400727484297,1.018192273935441,-0.35941493924567847,-1.7154947899743744,-0.19296952411517532,-1.6658234638512794,0.6992288799489359,1.3220375212571898,-0.29859933966625385,-0.08027186839176834,-0.2357770766014542,-2.3483192946705422,0.13991177777188255,-0.5394106071386084
0.004714474098193127,0.13844032224789315,1.9624076017959948,2.006096048552597,-0.35941493924567847,-1.7154947899743744,-0.19296952411517532,-1.59712192063764,0.6992288799489359,1.3220375212571898,-0.19297244953603523,-0.08930833739002825,-0.43869479928448085,-2.2527184611189206,-0.3442744879429421,-2.260318022382115
1.4478923773936518,1.1063083062410204,2.7766561135868755,1.3728243981569843,-0.35941493924567847,-1.7154947899743744,-0.19296952411517532,-1.59712192063764,0.6992288799489359,1.3220375212571898,0.23053857127751076,-0.051456892516149974,-0.4152782487305462,0.004688482600568855,-0.037883199968535626,-2.2101948079750766
-0.7111929938373059,0.9219524997661391,0.06249440761727114,1.6261330583152294,-0.35941493924567847,-1.7154947899743744,-0.19296952411517532,-1.59712192063764,0.6992288799489359,1.3220375212571898,0.399794277233014,-0.10821999432001893,-0.3976900955766888,1.4481566166380588,-0.6847249452041007,-0.8647952157223718
-0.6257278011739453,-0.13809338746442879,0.47760149205968094,1.9047725844892989,-0.35941493924567847,-1.7154947899743744,-0.19296952411517532,-1.59712192063764,0.6992288799489359,1.3220375212571898,-0.03455516160912508,-0.0701086631600912,-0.49846387638259204,-0.7113629581293933,-0.1545869558830864,-1.0707600864153746
-0.9523739758040091,1.0371748788129405,0.06249440761727114,-0.1850238618162235,5.444969768527691,-1.7154947899743744,-0.19296952411517532,-1.59712192063764,0.6992288799489359,1.3220375212571898,-0.1332017770593682,-0.07394887789439962,-0.45659697876079747,-0.6258805779618255,-0.7034712984252811,-1.2219311379548463
-1.774463506372464,0.8528190723380589,0.3498762353081706,1.3221626661253354,-0.20531623018974834,-1.7154947899743744,-0.19296952411517532,-1.59712192063764,0.6992288799489359,1.3220375212571898,-0.32512136028865907,-0.2965297781599995,-0.4595639253602431,-0.9525924428726427,-2.3514695675451005,-1.139537490878611
-1.2946646288766197,0.25366270129469404,1.4674722318838902,1.9807651825367727,-0.35941493924567847,-1.7154947899743744,-0.19296952411517532,-1.59712192063764,0.6992288799489359,1.3220375212571898,-0.2649878917903982,-0.19093462016699556,-0.43264985396269556,-1.77484730001236,-2.2557852099625797,-0.6457357877032055
1.5078921017449785,1.4289309675720632,2.601033885553549,0.5749021186585119,-0.35941493924567847,-1.7154947899743744,-0.19296952411517532,-1.5284203774240002,0.6992288799489359,1.3220375212571898,-0.1500754480865289,0.23244917064093493,-0.3494640380019999,-1.2949519324137198,0.0035939731225523405,-0.4553972793896886
-0.3831407684840237,1.7285091530937455,0.25408229274453725,1.6387984913231417,-0.20531623018974834,-1.7154947899743744,-0.19296952411517532,-1.5284203774240002,0.6992288799489359,1.3220375212571898,-0.0028354470190678073,0.40165402926694527,-0.39799031016936903,1.508168407252651,1.4483232287690282,-0.48294468215707076
-0.6577542255853426,0.43801850776957557,0.1103913788990878,1.9174380174972114,-0.35941493924567847,-1.7154947899743744,-0.19296952411517532,-1.5284203774240002,0.6992288799489359,1.3220375212571898,-0.15784596707792684,-0.03256492352211112,-0.44403951747028225,-0.3832447597310887,-0.713083063645006,-1.0829626828821826
-1.641042296037296,1.1063083062410204,0.1263570359930263,0.2835971594765299,-0.35941493924567847,-1.7154947899743744,5.18216544599624,-1.5284203774240002,0.6992288799489359,1.3220375212571898,-0.1654132564660739,-0.13118190382988834,-0.4367900373549129,-0.6579134430572856,-0.6275259996834043,-1.5656700500420104
-0.6152360179151577,1.2445751610971816,0.509532806247559,1.8541108524576502,-0.35941493924567847,-1.7154947899743744,-0.19296952411517532,-1.5284203774240002,0.6992288799489359,1.3220375212571898,-0.33434475913367456,-0.3230438311105688,-0.30460016457778105,-1.6413992579631045,-0.9545233044893153,0.19347546694945725
-0.9229898363906868,0.7836856449099782,1.4036096035081345,1.8414454194497376,-0.35941493924567847,-1.7154947899743744,-0.19296952411517532,-1.5284203774240002,0.6992288799489359,1.3220375212571898,-0.07880329460039026,-0.2629284277420418,-0.24951764832951356,-0.6153866847496957,-1.7774965449060725,1.064413105806338
-0.8725937663241637,0.8067301207193383,1.0523651474414797,1.866776285465562,-0.35941493924567847,-1.7154947899743744,-0.19296952411517532,-1.5284203774240002,0.6992288799489359,1.3220375212571898,-0.043415946439490045,-0.14805050571562406,-0.43477102410628776,-0.9232023941528056,-1.297181904859458,-0.653516340649429
0.25256913197597375,1.4289309675720632,1.5313348602596453,-1.3882399975678879,-0.35941493924567847,-1.7154947899743744,-0.19296952411517532,-1.4597188342103606,0.6992288799489359,1.3220375212571898,-0.023138412856431968,-0.00085473808068772,-0.4866778370636669,-0.8727961891689051,1.5083874501676147,-1.8569984711904768
-0.5895101152669157,1.1293527820503808,0.2700479498384763,1.5374750272598436,0.41107860603397234,0.5829222017135578,-0.19296952411517532,-1.4597188342103606,0.6992288799489359,1.3220375212571898,0.13415728796059312,-0.15581869030927006,-0.4204701616536655,0.2525929853665698,-0.3846781966736,-2.3207598271498164
-0.49589225962050126,0.6223743142444571,0.030563093429393548,-0.6789757491248013,-0.35941493924567847,0.5829222017135578,-0.19296952411517532,-1.4597188342103606,1.2091757131948027,0.7948800156361522,-0.16608692969477934,-0.16338370635333865,-0.38216768833611214,-0.5896556084857837,-0.659586851083111,-2.533076207044787
-0.7511296968000416,0.5993298384350966,0.5893610917172534,1.714791089370615,-0.35941493924567847,0.5829222017135578,-0.19296952411517532,-1.4597188342103606,1.2091757131948027,0.7948800156361522,-0.10124594259085054,-0.33226445908769847,-0.39767306061412133,-0.496018925791332,-1.6439319126768632,-1.7223358444339512
-0.2514051982089672,0.875863548147419,1.148159090005113,1.702125656362703,-0.35941493924567847,0.5829222017135578,-0.19296952411517532,-1.4597188342103606,1.2091757131948027,0.7948800156361522,0.024103453036443116,-0.07679976361205311,-0.17063401726155475,-0.7513076925752252,-0.617022938222125,-0.3261366432877663
-0.2580777690238569,0.6915077416725374,2.4733086288020374,1.600802192299405,-0.35941493924567847,0.5829222017135578,-0.19296952411517532,-1.4597188342103606,1.2091757131948027,0.7948800156361522,0.06139971366791811,-0.041423046420086325,-0.03831165147667559,-0.2514826967331145,-0.9251075784270724,0.5150891304451216
-0.7721261561065363,1.5902422982375843,1.6430944599172173,-0.6789757491248013,-0.35941493924567847,0.5829222017135578,-0.19296952411517532,-1.4597188342103606,1.2091757131948027,0.7948800156361522,0.010843714003457787,-0.021151604557396432,0.15626071282792367,-0.25815660943743757,-0.8746573348164552,1.1184469435125026
-0.8916905652744516,0.8067301207193383,-0.3845439910130168,-1.3629091315520632,7.961915349774549,0.5829222017135578,-0.19296952411517532,-1.391017290996721,1.2091757131948027,0.7948800156361522,0.27635201350409017,0.13609684192169005,-0.005043491765691731,-0.7723083743812127,0.25171506378407454,1.019189993678866
-0.6866996418099468,0.875863548147419,1.148159090005113,1.6767947903468783,-0.35941493924567847,0.5829222017135578,-0.19296952411517532,-1.391017290996721,1.2091757131948027,0.7948800156361522,0.10148962202472138,-0.16405717719900215,-0.07229185918710129,-0.8918968285868978,-0.5912693813675205,0.12627631628792207
1.5728426570421086,1.1293527820503808,2.489274285895976,1.6514639243310538,-0.35941493924567847,0.5829222017135578,-0.19296952411517532,-1.391017290996721,1.2091757131948027,0.7948800156361522,-0.08352313117668222,-0.09923566944448321,-0.08132407713845981,-0.686864680358841,-0.49755089067110797,-0.35508449426014005
2.51931702637347,2.0050428628060675,2.489274285895976,1.2335046350699492,-0.35941493924567847,0.5829222017135578,-0.19296952411517532,-1.391017290996721,1.2091757131948027,0.7948800156361522,0.4465742202863018,0.026076069065224878,-0.04349043880687981,1.573132024451447,-0.7530626967952754,-0.05048114392246157
1.3208755678638129,1.6363312498563045,1.068330804535419,0.8408762118246695,-0.35941493924567847,0.5829222017135578,-0.19296952411517532,-1.391017290996721,1.2091757131948027,0.7948800156361522,0.6203900418140372,0.06336112525757934,-0.10022683741417014,2.5197967348058365,-0.2528010164929372,-0.6935482625720054
-0.654305588731588,1.5902422982375843,0.6691893771869476,0.8028799128009326,-0.35941493924567847,0.5829222017135578,-0.19296952411517532,-1.391017290996721,1.2091757131948027,0.7948800156361522,1.0753663426820128,0.012820313486243618,-0.06213343505544417,1.3211142633531527,-0.2594807600260326,-0.166503878392419
-2.347339479110827,0.8067301207193383,-0.08119650622817887,-0.261016459863697,0.15424742427408872,0.5829222017135578,-0.19296952411517532,-1.391017290996721,1.2091757131948027,0.7948800156361522,0.14571985846858942,0.2782488497203345,-0.06597184322869981,-0.6544641126643416,-0.7740817263659308,-0.712185221982751
-1.180287541239859,0.5532408868163764,0.09442572180514873,0.7395527477613714,-0.35941493924567847,0.5829222017135578,-0.19296952411517532,-1.3223157477830814,1.2091757131948027,0.7948800156361522,-0.4787726240200822,0.10343898991536489,-0.28844803424928733,-2.347838481151766,-0.8937746619801261,-2.3505666441285533
-0.6815985177818663,0.6684632658631773,-0.14505913460393405,0.11894653037367071,-0.20531623018974834,0.5829222017135578,-0.19296952411517532,-1.3223157477830814,1.2091757131948027,0.7948800156361522,-0.08375032196841518,-0.08151818226813853,-0.1829025516294049,-1.1805518429371025,-0.688563382348632,-2.25544064989017
-0.33634141816115354,-0.3685381455580305,1.770819716668728,1.4361515631965456,-0.35941493924567847,0.5829222017135578,-0.19296952411517532,-1.3223157477830814,1.2091757131948027,0.7948800156361522,0.09018022808716715,0.4484199188195569,0.24028206576772063,-0.6817625304676229,1.5734078244360787,-0.009246009693917341
-0.0675672893449987,0.7606411691006181,0.509532806247559,1.0815194389750022,-0.35941493924567847,0.5829222017135578,-0.19296952411517532,-1.3223157477830814,1.2091757131948027,0.7948800156361522,-0.003397887338349825,0.6221835230805338,0.40940732496279153,-0.3364359978102861,2.520899611810418,1.4270525695187428
-0.6614916609109394,0.48410745938829575,0.812880291032397,0.4735786545952138,-0.35941493924567847,0.5829222017135578,-0.19296952411517532,-1.3223157477830814,1.2091757131948027,0.7948800156361522,0.26845310970478914,1.077023141230777,-0.024607357205280296,-0.06760781708918796,1.3211698817924664,-0.7217408980202235
-1.8596089578705737,0.3919295561508554,-0.24085307716756738,0.18227369541323224,-0.35941493924567847,0.5829222017135578,-0.19296952411517532,-1.3223157477830814,1.2091757131948027,0.7948800156361522,0.11458961000366402,0.1476559388343409,-0.1231779449001195,-0.6616516300009784,-0.6561345070974229,-0.6366830998692009
-2.179595086109272,0.023217943201092273,-0.49630359067058866,-0.6029831510773278,-0.35941493924567847,0.5829222017135578,-0.19296952411517532,-1.3223157477830814,1.2091757131948027,0.7948800156361522,-0.2381660421737857,-0.4766489353557291,-0.31494961413292527,-1.86000987471303,-2.350988333951711,-0.9617722212139035
-1.143616029162799,0.00017346739173218143,-0.01733387785242312,0.9801959749117041,0.5651773150899024,0.5829222017135578,-0.19296952411517532,-1.2536142045694416,1.2091757131948027,0.7948800156361522,-0.21164138780201464,-0.08174530480784431,-0.2548624909919147,-2.1800603538617764,-1.1826818669174004,-1.779943024719713
-0.6271968423801826,-0.3454936697486704,0.5733954346233142,1.3094972331174228,-0.3080487028937018,0.5829222017135578,-0.19296952411517532,-1.2536142045694416,1.2091757131948027,0.7948800156361522,0.11454215051466511,0.09213299351455345,-0.1400386112506599,-1.143872956024177,-0.6834567748380677,-1.3024312470785155
-0.3075514521344073,0.2767071771040545,2.058201544359627,1.0688540059670901,-0.35941493924567847,0.5829222017135578,-0.19296952411517532,-1.2536142045694416,1.2091757131948027,0.7948800156361522,0.19102820518699576,-0.0014170094332098101,0.007087910740649066,-0.6273499146000524,-0.33782853912111965,1.4867662878636383
-0.21483277642390375,0.9910859271942198,0.7330520055627028,1.119515737998739,-0.35941493924567847,0.5829222017135578,-0.19296952411517532,-1.2536142045694416,1.2091757131948027,0.7948800156361522,-0.011322593396845295,0.2703523188877931,-0.14780314143935494,-0.30764024196844925,-0.0687654900161498,-0.3952524282989635
-0.7098543539818714,0.9680414513848598,-0.06523084913423978,-0.1850238618162235,0.000148715218158527,0.5829222017135578,-0.19296952411517532,-1.2536142045694416,1.2091757131948027,0.7948800156361522,0.1839058874265656,0.11653504243227182,-0.1553645986555208,-0.21490292003976966,-0.6633283039862122,-0.6685568610834717
-1.9020774362120618,0.48410745938829575,-0.16102479169787312,1.170177470030388,-0.35941493924567847,0.5829222017135578,-0.19296952411517532,-1.2536142045694416,1.2091757131948027,0.7948800156361522,0.15056196136158803,-0.23611463587105955,-0.3241659044288214,-0.7100240490663733,-1.8627335239948266,-1.6471578050987312
-1.5006541909344353,0.36888508034149486,1.4994035460717678,1.2081737690541248,-0.35941493924567847,0.5829222017135578,-0.19296952411517532,-1.2536142045694416,1.2091757131948027,0.7948800156361522,-0.2719750070290057,-0.20959794996234804,-0.068821387797626,-1.9024868936910908,-2.1830636231543674,-0.6262413287240125
0.7533854656059905,0.9219524997661391,2.02627023017175,1.170177470030388,-0.35941493924567847,0.5829222017135578,-0.19296952411517532,-1.184912661355802,1.2091757131948027,0.7948800156361522,-0.18829636990312273,0.11648759720092089,-0.033461312956120384,-1.500982920066613,-1.1459709345884461,-0.9325281497835075
1.422095748589047,1.3137085885252624,2.106098515641444,1.1321811710066516,-0.35941493924567847,0.5829222017135578,-0.19296952411517532,-1.184912661355802,1.2091757131948027,0.7948800156361522,0.13722169612728202,0.19295067414495826,-0.013199407434465236,0.7535100358214485,-0.6289966200438981,-0.8823723071329499
1.2102465981491797,1.1523972578597412,1.6111631457293396,1.1448466040145635,-0.35941493924567847,0.5829222017135578,-0.19296952411517532,-1.184912661355802,1.3958292087422168,0.07476947116217694,0.16449758686156862,-0.009339334773502512,0.1439750642961566,1.4223547999943786,-0.30900762515553704,0.237427177408099
0.49866079306012207,1.4058864917627028,0.4616358349657424,0.9295342428800553,-0.35941493924567847,0.5829222017135578,-0.19296952411517532,-1.184912661355802,1.3958292087422168,0.07476947116217694,0.05250728789511927,0.185830496051465,-0.1560377526787449,1.210463045565086,-0.2161892809736563,-0.6006380560171213
0.2539228748127143,1.498064395000144,1.3078156609445017,0.4355823555714774,-0.35941493924567847,0.5829222017135578,-0.19296952411517532,-1.184912661355802,1.3958292087422168,0.07476947116217694,0.04844628130383967,0.15249658707622538,-0.0912467390552562,0.4987341367909188,-0.7117429848109933,-0.5074664569046087
-0.3522618022866211,1.0371748788129405,1.116227775817235,1.0561885729591778,-0.35941493924567847,0.5829222017135578,-0.19296952411517532,-1.184912661355802,1.3958292087422168,0.07476947116217694,-0.044486263127942786,-0.26991344393087874,0.03400604876499528,0.25394700044818547,-1.9052476540702892,-0.7614872311596326
-1.276437172265029,1.382842015953343,0.796914633938458,0.27093172646861796,-0.3080487028937018,0.5829222017135578,-0.19296952411517532,-1.184912661355802,1.3958292087422168,0.07476947116217694,-0.015035282102956102,-0.1862599453089501,0.07127356486258203,-0.352359583609565,-1.503392896576537,-0.26414481364814774
-0.3254035444056881,1.4058864917627028,1.116227775817235,0.9675305419037921,-0.35941493924567847,0.5829222017135578,-0.19296952411517532,-1.1162111181421623,1.3958292087422168,0.07476947116217694,-0.27316823603803003,0.13916032948738136,0.020756529121609062,-1.2767208101637864,0.753069752799682,-0.27078557772805617
-0.21610179521915948,0.7836856449099782,1.2439530325687458,0.9801959749117041,-0.35941493924567847,0.5829222017135578,-0.19296952411517532,-1.1162111181421623,1.3958292087422168,0.07476947116217694,-0.1834146235294461,0.16642802607426507,0.2860601991987178,-0.3254959243903101,1.4224988697305745,-0.7823836047817284
0.2583016342957984,0.5993298384350966,1.770819716668728,0.9421996758879676,-0.35941493924567847,0.5829222017135578,-0.19296952411517532,-1.1162111181421623,1.3958292087422168,0.07476947116217694,-0.17632976824906144,0.05447137092265439,0.11133257559828795,-0.21617219404144572,1.2104219908333593,-0.9013780756783077
0.6471838796069493,0.7836856449099782,1.8985449734202384,0.8155453458088451,-0.35941493924567847,0.5829222017135578,-0.19296952411517532,-1.1162111181421623,1.3958292087422168,0.07476947116217694,-0.044535804324764,0.05041158432770551,-0.0735375867571672,0.2583266405230601,0.49807126250846584,-0.6973643006258763
0.3301557255122097,1.5902422982375843,0.5414641204354367,0.6002329846743364,-0.35941493924567847,0.5829222017135578,-0.19296952411517532,-1.1162111181421623,1.3958292087422168,0.07476947116217694,0.03552345549370396,-0.04249304156696968,0.45615121433038486,0.6472870921193558,0.25307026183442916,1.5514072375894619
-0.8876061297441714,1.4750199191907833,0.9565712048778464,-0.09636583076083756,-0.35941493924567847,0.5829222017135578,-0.19296952411517532,-1.1162111181421623,1.3958292087422168,0.07476947116217694,0.02062142990567324,-0.013050908123975065,0.6298330745792247,0.3301951819788799,-0.3537660369546655,2.4933699636176483
-1.3443276518016154,1.451975443381423,1.068330804535419,0.6255638506901612,-0.35941493924567847,0.5829222017135578,-0.19296952411517532,-1.1162111181421623,1.3958292087422168,0.07476947116217694,-0.2305817430717458,-0.2711063144733555,1.0844587214814345,-0.8878115716549373,-1.2789348545390093,1.300641222277873
-1.2079300490526073,0.9449969755754992,0.6212924059051309,0.7648836137771958,-0.3080487028937018,0.5829222017135578,5.18216544599624,-1.0475095749285228,1.3958292087422168,0.07476947116217694,-0.2971074435865687,-0.18137966549597204,0.15552872343625238,-1.344624942836419,-0.32687890763562877,-0.6651246631528094
0.9108255733362156,1.659375725665665,1.9624076017959948,0.7775490467851082,-0.35941493924567847,0.5829222017135578,-0.19296952411517532,-1.0475095749285228,1.3958292087422168,0.07476947116217694,-0.10140323293606289,-0.17429693862815002,-0.4684824575754904,-1.2081999098049996,-0.21745966390793262,-2.350088218760095
1.385652254693196,2.1202652418528682,2.042235887265689,0.536905819634775,-0.35941493924567847,0.5829222017135578,-0.19296952411517532,-1.0475095749285228,1.3958292087422168,0.07476947116217694,0.17652040171843011,-0.04254256788076203,-0.07376460245109406,0.9109818055936074,0.25745372829009305,-1.188599370847572
0.24984470149420068,2.32766552413711,0.41373886368392576,-1.248920234480853,0.102881187922112,0.5829222017135578,-0.19296952411517532,-1.0475095749285228,1.3958292087422168,0.07476947116217694,0.18109797950631992,0.037492640757038405,0.10003189790337548,1.3859039771183295,0.6467540047976439,-0.6922874925780332
-0.6816703490344295,0.9680414513848598,0.2700479498384763,0.6888910157297226,-0.35941493924567847,0.5829222017135578,-0.19296952411517532,-1.0475095749285228,1.3958292087422168,0.07476947116217694,0.06768944033818679,0.022595091994181218,0.006525903898732982,0.2498680069873556,0.3293850594733056,-0.34867616058912415
-0.9675436312488578,0.18452927386661375,1.6590601170111563,0.6635601497138977,-0.35941493924567847,0.5829222017135578,-0.19296952411517532,-1.0475095749285228,1.3958292087422168,0.07476947116217694,-0.07005646020940666,-0.2285326152231092,0.2781673831493438,-0.6818343761658325,-0.8896858358624845,-0.08118322124585138
-0.5356690920006124,0.6684632658631773,2.090132858547505,0.6382292836980732,-0.35941493924567847,0.5829222017135578,-0.19296952411517532,-1.0475095749285228,1.3958292087422168,0.07476947116217694,-0.08506955461354235,-0.2950383302715945,0.12442246730907877,-0.9677651490157775,-1.3468983133353254,-0.6722764808446917
0.8189699777526448,1.7745981047124657,1.2120217183808684,-0.4256670889665562,-0.35941493924567847,0.5829222017135578,-0.19296952411517532,-0.9788080317148832,1.3958292087422168,0.07476947116217694,0.334602969659716,-0.09939291253696654,-0.22806131319473386,-0.5358037575037161,-1.2103540892022076,-1.8646826058440493
0.4980780390008762,1.9128649595686265,0.9086742335960304,-1.0842696053779937,0.7706422604978095,0.5829222017135578,-0.19296952411517532,-0.9788080317148832,1.3958292087422168,0.07476947116217694,0.8463036242354969,0.178447229070451,-0.20155710159158233,0.8191077373618586,0.9106791016752392,-2.183143427831088
-0.4544408381422052,1.4289309675720632,0.22215097855665966,-0.9322844092830466,2.0034319329452503,0.5829222017135578,-0.19296952411517532,-0.9788080317148832,1.3958292087422168,0.07476947116217694,0.26858693338360246,0.1830234316751247,0.12437504439749718,0.4981512655367363,1.3860162006922787,-1.152102664118909
-0.6801408959029592,1.0602193546223,0.7490176626566418,0.32159345850026677,-0.35941493924567847,0.5829222017135578,-0.19296952411517532,-0.9788080317148832,1.3958292087422168,0.07476947116217694,-0.019817664185088468,0.06964896238561594,0.20080215064032625,-0.45455916821200065,0.24898770466015452,-0.6381451384664558
-0.4017616393404095,0.5301964110070163,0.6851550342808861,0.18227369541323224,-0.35941493924567847,0.5829222017135578,-0.19296952411517532,-0.9788080317148832,1.3958292087422168,0.07476947116217694,0.14744734397455608,-0.06805555692078451,-0.001392694523822691,-0.6803046154532136,-0.6835286833060471,-0.3200234302463352
-0.9871259357933789,0.8528190723380589,1.4834378889778286,-0.14702756279248663,-0.35941493924567847,0.5829222017135578,-0.19296952411517532,-0.9788080317148832,1.3958292087422168,0.07476947116217694,0.31313614360942627,-0.08306414113276113,0.1936853221085952,-0.4018693753435115,-0.9697092666421484,-0.2277467248689998
-1.2285437767108367,1.7745981047124657,1.0044681761596632,-0.007707799705451849,-0.35941493924567847,0.5829222017135578,-0.19296952411517532,-0.9788080317148832,1.3958292087422168,0.07476947116217694,0.47656446044921175,0.33648230628536036,0.16036709448084735,-0.9873513916657572,-0.5373704813849548,-0.7204086391780892
-0.340921673516804,1.7745981047124657,1.8346823450444834,-0.8942881102593099,-0.35941493924567847,0.5829222017135578,-0.19296952411517532,-0.9101064885012435,1.3958292087422168,0.07476947116217694,0.5463359838366083,0.8480292371704801,-0.26184422120351525,-1.2288177829933544,0.8187247653932159,-1.9069486459240126
-0.7243344294021251,0.06930689481981286,0.6212924059051309,0.3975860565477405,0.7192760241458327,0.5829222017135578,-0.19296952411517532,-0.9101064885012435,1.3958292087422168,0.07476947116217694,0.3140405415614931,0.27048610236366816,-0.17823007588940812,-0.34101717427961736,0.4974878820144071,-1.5074389004251227
-0.8269348752727372,0.5301964110070163,1.0842964616293573,0.004957633302460363,-0.3080487028937018,0.5829222017135578,-0.19296952411517532,-0.9101064885012435,1.3958292087422168,0.07476947116217694,0.3408976431669901,-0.01783185349615359,0.1470371106983441,-0.7245070365067074,-0.45605491074993637,0.7358562254116294
-0.9852185397638176,-0.3224491939393103,-0.4005096481069559,-0.21035472783204792,0.5138110787379256,0.5829222017135578,-0.19296952411517532,-0.9101064885012435,1.3958292087422168,0.07476947116217694,0.43642869112759825,0.14938290537390567,0.17429197967998664,-0.8271281158719634,-0.6819975860801754,1.40137890779213
-0.7516472501838813,-0.3454936697486704,-0.4005096481069559,-0.2990127588874336,0.35971236968199555,-1.7154947899743744,-0.19296952411517532,-0.9101064885012435,1.3958292087422168,0.07476947116217694,0.28695406968713855,0.31502192923938155,0.06238799255524185,-0.9854436120487228,-0.403319084141739,1.190539597483
-1.7285508115619879,-0.3685381455580305,-0.2248874200736283,-0.14702756279248663,-0.35941493924567847,-1.7154947899743744,-0.19296952411517532,-0.9101064885012435,1.2091757131948029,-0.645341073311798,0.5281695644393256,0.4784011493977411,0.05833011581504134,-0.7518253500417995,-0.9893126212970712,0.48234577154962965
-1.9440570936707349,0.023217943201092273,-0.3526126768251392,-0.5776522850615035,-0.25668246654172505,-1.7154947899743744,-0.19296952411517532,-0.9101064885012435,1.2091757131948029,-0.645341073311798,0.15890308710368573,0.5481517122177,-0.03453080474272502,-1.7289253719150843,-1.2309899757050207,0.23877446723881895
-0.9554800328378585,-0.7833387101265138,0.17425400727484297,0.27093172646861796,-0.35941493924567847,-1.7154947899743744,-0.19296952411517532,-0.8414049452876039,1.2091757131948029,-0.645341073311798,0.10802782736651058,0.3159260554947253,-0.005102521830304623,-1.9444749934818608,-0.34241371804849197,-0.3645206556078699
-0.5692013941580254,-0.3685381455580305,0.6372580629990694,0.22026999443696865,-0.35941493924567847,-1.7154947899743744,-0.19296952411517532,-0.8414049452876039,1.2091757131948029,-0.645341073311798,0.21676311195619768,0.34277508876428736,-0.2630365305811582,-0.95569912455106,-0.7262386256712354,-1.2842906769006417
-0.4916472167768015,-0.13809338746442879,0.796914633938458,0.14427739638949538,-0.35941493924567847,-1.7154947899743744,-0.19296952411517532,-0.8414049452876039,1.2091757131948029,-0.645341073311798,0.3469692004775249,0.43827743755256904,-0.17335209191769071,-0.5693428031852052,-0.8289493624786429,-0.3377904253663848
-0.44553118426676186,0.09235137062917295,0.9885025190657246,-0.14702756279248663,-0.35941493924567847,-1.7154947899743744,-0.19296952411517532,-0.8414049452876039,1.2091757131948029,-0.645341073311798,0.5045641300408883,0.2888477208630854,-0.1662726969933646,-0.49177302924696814,-0.9874031749012256,-0.22900969451983627
-0.7886473441957392,0.25366270129469404,0.9246398906899689,0.11894653037367071,-0.35941493924567847,-1.7154947899743744,-0.19296952411517532,-0.8414049452876039,1.2091757131948029,-0.645341073311798,0.3752487156186634,0.5299907503257201,-0.03458030775773962,-0.4456477225578378,-0.7535808065260886,0.24313235410079653
-1.604597697045255,1.6132867740469448,1.2279873754748074,-0.10903126376874978,-0.35941493924567847,-1.7154947899743744,-0.19296952411517532,-0.8414049452876039,1.2091757131948029,-0.645341073311798,0.17562124893291298,0.16083520700047452,0.045417249732721286,-0.7888328849690953,-1.731534495981406,0.6301608799298013
-1.8287734587901077,0.023217943201092273,-0.8315823896433048,-1.0336078733463445,2.3629955874090878,-1.7154947899743744,-0.19296952411517532,-0.8414049452876039,1.2091757131948029,-0.645341073311798,0.1317425776676604,0.10997523106764906,0.030526709258003968,-1.6049473297686245,-1.9472724378021298,0.3146439320490765
-0.558269414248922,-0.5989829036516322,-0.5442005619524053,-1.4768980286232736,6.164097077455364,-1.7154947899743744,-0.19296952411517532,-0.7727034020739643,1.2091757131948029,-0.645341073311798,-0.039165873959950886,0.2186778497048838,-0.22048285937420117,-1.829168174449911,-0.9576327003969591,-0.8973131097890497
-0.49395944637849265,0.16148479805725363,-0.30471570554332256,-0.14702756279248663,3.595785259856529,-1.7154947899743744,-0.19296952411517532,-0.7727034020739643,1.2091757131948029,-0.645341073311798,0.25972512597184616,0.3488448220744237,-0.28695728798614395,-0.5584086247968751,-0.5709388292825832,-1.351857536868357
-0.48099077418521735,-0.18418233908314896,-0.17699044879181164,-0.08370039775292534,-0.35941493924567847,-1.7154947899743744,-0.19296952411517532,-0.7727034020739643,1.2091757131948029,-0.645341073311798,0.4062142122246887,0.5063924074063789,-0.09140390817550977,-0.49408572385031396,-0.4933012845942956,-1.2161101126671805
-0.6012215563576678,-0.16113786327378887,0.28601360693241484,-0.09636583076083756,-0.35941493924567847,-1.7154947899743744,-0.19296952411517532,-0.7727034020739643,1.2091757131948029,-0.645341073311798,0.37838866572548896,0.3771158415621001,0.186305528454854,-0.4811144435881754,-0.4471356793910415,0.8925458494196233
-1.7260352442607354,0.3227961287227747,-0.4005096481069559,-0.7296374811564504,-0.35941493924567847,-1.7154947899743744,5.18216544599624,-0.7727034020739643,1.2091757131948029,-0.645341073311798,0.305794485852653,0.1775483464059185,0.19087957826600777,-0.6013694048095465,-0.7906206740008731,1.3651091323301925
-1.5660055277843106,0.04626241901045278,-0.49630359067058866,-0.6283140170931525,-0.35941493924567847,-1.7154947899743744,5.18216544599624,-0.7727034020739643,1.2091757131948029,-0.645341073311798,0.24337464551453653,0.13368285704932265,0.07755844398893182,-1.7264092987198858,-1.6074481373544478,0.23471573371068724
-1.7880432967606128,-0.39158262136739064,0.3498762353081706,-0.5776522850615035,-0.35941493924567847,-1.7154947899743744,5.18216544599624,-0.7727034020739643,1.2091757131948029,-0.645341073311798,0.29974739130662104,-0.037174250735527374,-0.06008129466362929,-1.5663473994174533,-1.831864878118055,-0.6923589814261953
-1.5411832254567577,-0.11504891165506868,-0.33664701973120015,-0.4763288209982053,-0.35941493924567847,-1.7154947899743744,5.18216544599624,-0.7040018588603246,1.2091757131948029,-0.645341073311798,0.12996274647275013,0.2616269571915027,-0.07508281835280427,-1.788429821368487,-0.5599950979790782,-0.9768695661170019
-0.6563931154406498,-0.4837605246048314,-0.0013682207584846068,-0.12169669677666221,-0.35941493924567847,-1.7154947899743744,-0.19296952411517532,-0.7040018588603246,1.2091757131948029,-0.645341073311798,0.20170989799270106,0.4080720355995653,0.34426626086479184,-1.5415201051930543,-0.4956159997404373,-0.5470536815306757
-0.47355163497760466,0.3227961287227747,1.0363994903475406,-0.24835102685578478,-0.35941493924567847,0.5829222017135578,-0.19296952411517532,-0.7040018588603246,1.2091757131948029,-0.645341073311798,0.26795244966143555,0.38025484837382806,0.8555725435502799,-0.6565520591861129,-0.48263338679872714,0.8011281100486477
-0.5929233890424982,0.6915077416725374,0.9725368619717856,-0.28634732587952144,-0.35941493924567847,0.5829222017135578,-0.19296952411517532,-0.7040018588603246,1.2091757131948029,-0.645341073311798,0.1754937797753113,0.3076824770430582,0.27830110368915056,-0.4736738083301539,-0.6029934117389348,0.4817657953558327
-0.467254796868423,1.1293527820503808,0.07846006471120964,-1.4009054305758002,2.0547981692972277,0.5829222017135578,-0.19296952411517532,-0.7040018588603246,1.2091757131948029,-0.645341073311798,0.1976928079836608,0.24528138870015895,-0.00988121809135201,-0.5930695686888526,-1.729016224556679,-0.46621262559270216
-1.350892659920361,1.2215306852878212,0.3339105782142315,-0.36233992392699493,0.822008496849786,0.5829222017135578,-0.19296952411517532,-0.7040018588603246,1.2091757131948029,-0.645341073311798,0.43183661734314577,0.3016371991483889,0.15725487755497466,-0.4673757038933817,-1.5688144832201716,-0.6908368188745884
-1.7319176712974456,0.6454187900538172,0.22215097855665966,-0.3496744909190827,-0.35941493924567847,0.5829222017135578,-0.19296952411517532,-0.7040018588603246,1.2091757131948029,-0.645341073311798,0.258653825434543,0.13190356054636088,0.3228159794733615,-1.3511912712131684,-1.791090932967659,-0.4137845373990665
-0.8430335482507157,0.9910859271942198,0.6851550342808861,-0.6029831510773278,-0.35941493924567847,0.5829222017135578,-0.19296952411517532,-0.635300315646685,1.2091757131948029,-0.645341073311798,0.09044336973247584,0.20362915798615291,0.48611834076928917,-1.7322929087439187,-1.543965498016595,-0.9963585259540257
-1.4230675973982048,1.0602193546223,-0.4324409622948335,-1.1222659044017302,5.188138586767807,0.5829222017135578,5.18216544599624,-0.635300315646685,1.2091757131948029,-0.645341073311798,0.2714405361926463,0.2698518092513404,0.5558360906715029,-0.8432300263785886,-0.6582242778052743,-1.2366255790418967
-0.29981025330063826,-0.3454936697486704,-0.9433419893008766,-1.0462733063542569,4.777208695951993,0.5829222017135578,-0.19296952411517532,-0.635300315646685,1.2091757131948029,-0.645341073311798,0.05882165320532333,0.17742091554224743,0.3237196803985108,-1.423380723454308,-0.47518625084582555,-0.3532345828354251
0.4026098839615473,-0.7602942343171533,-0.7677197612675493,-0.9576152752988711,3.595785259856529,0.5829222017135578,-0.19296952411517532,-0.635300315646685,1.2091757131948029,-0.645341073311798,0.1705466421076455,0.1996132747801456,0.3505560830155793,-0.299897486338476,-0.5946863242612931,-0.734819691138843
-0.053083161905372225,-0.5068050004141915,-0.09716216332211737,-1.096935038385906,-0.25668246654172505,0.5829222017135578,-0.19296952411517532,-0.635300315646685,1.2091757131948029,-0.645341073311798,0.5318941650180755,0.43368674330617973,0.44601350441419463,0.402663911344334,-0.4688826439144616,-0.8369310623662168
-1.1788181316682225,0.7606411691006181,-0.36857833391907774,-0.856291811235573,-0.3080487028937018,0.5829222017135578,-0.19296952411517532,-0.635300315646685,1.2091757131948029,-0.645341073311798,0.3320928182011307,0.2605559784913341,0.2966540842901318,-0.05312077681459854,-1.3534703785471405,-0.9944602220782532
-1.2604121723666042,0.46106298357893566,-0.4164753052008944,-0.9322844092830466,-0.35941493924567847,0.5829222017135578,-0.19296952411517532,-0.635300315646685,1.2091757131948029,-0.645341073311798,0.17151849228292015,0.09239605610757928,0.5376836722826095,-1.179082137859396,-1.7349049749420158,-0.7620023174758644
-0.42442605716793186,0.46106298357893566,-0.0013682207584846068,-0.754968347172275,-0.35941493924567847,0.5829222017135578,-0.19296952411517532,-0.5665987724330454,0.6992288799489359,-1.1724985789328362,0.241866676644554,0.273338847901275,0.16870179164894059,-1.2606925875527626,-0.8450653408173227,-1.734249186022814
-0.010761661357589209,-0.27636024232058976,-0.8315823896433048,-0.6663103161168892,0.25697989697804213,0.5829222017135578,-0.19296952411517532,-0.5665987724330454,0.6992288799489359,-1.1724985789328362,0.1581824833701924,0.060783839288754526,0.11786574189160867,-0.42453835110584487,-1.4257229008873114,-1.948728195227008
0.6138243408210814,-0.9676945166013949,-0.8156167325493656,-0.48899425400611746,-0.1539499938377716,0.5829222017135578,-0.19296952411517532,-0.5665987724330454,0.6992288799489359,-1.1724985789328362,0.24464179594537339,0.17247526407995126,0.22651722330586166,-0.010790765188257698,-0.3012581048757542,-0.9648634723302659
0.47116415794488337,-1.3364061295511578,-0.5601662190463444,-0.3370090579111705,-0.35941493924567847,0.5829222017135578,-0.19296952411517532,-0.5665987724330454,0.6992288799489359,-1.1724985789328362,0.39499306192513306,0.5337142319703001,0.3566229609271096,0.6139208445530432,0.40191710293515254,-0.5804261422899794
0.1683924814739572,-1.244228226313717,0.014597436335454472,-0.5143251200219421,-0.35941493924567847,0.5829222017135578,-0.19296952411517532,-0.5665987724330454,0.6992288799489359,-1.1724985789328362,0.3534804813039712,0.33397290891951054,0.5140964307860214,0.4712319719563055,-0.05426579278079365,-0.5032416492830534
-1.1678393693536049,-0.4607160487954713,-0.06523084913423978,-1.0842696053779937,-0.3080487028937018,0.5829222017135578,-0.19296952411517532,-0.5665987724330454,0.6992288799489359,-1.1724985789328362,0.23151486535433077,0.17344682229469316,0.38488068081404425,0.16839940649301907,-1.1812108777955308,-0.4573454421544342
-0.9902135745573398,-0.6220273794609924,-0.89544501801906,-0.6663103161168892,0.000148715218158527,0.5829222017135578,-0.19296952411517532,-0.5665987724330454,0.6992288799489359,-1.1724985789328362,0.018563346038141287,0.24377387284999968,0.1854070686537615,-1.1681011676573616,-1.262892628475182,-0.7988260398586804
0.36789070849258104,-0.3454936697486704,-0.7357884470796714,-0.9449498422909588,0.102881187922112,0.5829222017135578,-0.19296952411517532,-0.4978972292194057,0.6992288799489359,-1.1724985789328362,0.20436243394509887,0.1601148197487551,0.14156221504024666,-0.990439651370274,-0.42600786521498524,-1.6108869298083637
0.4343762424021345,-0.16113786327378887,-0.7198227899857326,-0.9322844092830466,0.051514951570135296,0.5829222017135578,-0.19296952411517532,-0.4978972292194057,0.6992288799489359,-1.1724985789328362,0.42980379309194655,0.24654815845717976,-0.029214516042290688,0.3679377536647643,-0.011898798493657041,-1.8339940930713319
0.3597472546444571,-0.8063831859358739,-0.4324409622948335,-0.4256670889665562,-0.35941493924567847,0.5829222017135578,-0.19296952411517532,-0.4978972292194057,0.6992288799489359,-1.1724985789328362,0.4781441871115319,0.39685425632684357,0.269446126145031,0.43443665816833593,0.613358605984536,-0.569546272818882
0.5811639595601513,-1.2672727021230774,-0.6240288474220995,-0.7676337801801872,-0.35941493924567847,0.5829222017135578,-0.19296952411517532,-0.4978972292194057,0.6992288799489359,-1.1724985789328362,0.5635434754980647,0.35535414679995314,0.4158223120579263,0.3597926621248162,0.47054506972785987,-0.5055428569748694
0.19584417601066895,-1.3133616537417976,-0.14505913460393405,-0.6029831510773278,-0.35941493924567847,0.5829222017135578,-0.19296952411517532,-0.4978972292194057,0.6992288799489359,-1.1724985789328362,0.7295804542598584,0.23342517142219762,0.38801821093557576,0.5812538951159605,0.1674479271095917,-0.49263600370131105
-0.8389369566623145,-0.7372497585077932,-0.7677197612675493,-0.5776522850615035,-0.3080487028937018,0.5829222017135578,-0.19296952411517532,-0.4978972292194057,0.6992288799489359,-1.1724985789328362,0.40037038505101125,0.020537626410493497,0.315479979992421,0.19585662171131638,-1.170220313797497,-0.6122936711431355
-0.9848383866733356,-1.1981392746949966,-0.8475480467372436,-0.8816226772513975,-0.35941493924567847,0.5829222017135578,-0.19296952411517532,-0.4978972292194057,0.6992288799489359,-1.1724985789328362,0.4084630439510462,0.2062808970710608,0.25310824713707947,-0.8391326109438592,-0.9924035791360016,-1.7317456098992798
0.36889597766304477,-1.221183750504357,-0.5601662190463444,-0.8182955122118364,-0.35941493924567847,0.5829222017135578,-0.19296952411517532,-0.4291956860057661,0.6992288799489359,-1.1724985789328362,0.38115689123792723,0.4316545297504009,0.3094375459917403,-0.9850633825074352,0.3671606058897083,-1.5724787212627256
0.5124700750910667,-1.3824950811698782,-0.3526126768251392,-0.7169720481485382,-0.35941493924567847,0.5829222017135578,-0.19296952411517532,-0.4291956860057661,0.6992288799489359,-1.1724985789328362,0.44320649705414317,0.4799804014829611,0.13978375557583247,0.3689432250001978,0.43371760880464477,-1.7934580831168554
0.3100135055630978,-0.9216055649826748,-0.5442005619524053,-1.3755745645599755,-0.35941493924567847,0.5829222017135578,-0.19296952411517532,-0.4291956860057661,0.6992288799489359,-1.1724985789328362,0.39238201919345095,0.5653540344522627,0.21147561097779913,0.5125461959418302,0.35900839818923963,-1.5477747416047494
0.15071794132439661,-0.20722681489250946,-0.033299534946362196,-0.61564858408524,-0.1539499938377716,0.5829222017135578,-0.19296952411517532,-0.4291956860057661,0.6992288799489359,-1.1724985789328362,0.3563926351944041,0.731341132845655,0.27766710896879093,0.3100489113223475,0.5806631162597508,-0.6672022390631995
0.18320555921377854,-0.3224491939393103,-0.4164753052008944,-1.5402251936628348,-0.35941493924567847,0.5829222017135578,-0.19296952411517532,-0.4291956860057661,0.6992288799489359,-1.1724985789328362,0.2279301006851978,0.40222996401223055,0.1852796977376848,0.15072131189955318,0.19492913100253853,-0.4852323252982114
-0.8658869375272822,-0.3224491939393103,-0.17699044879181164,-0.61564858408524,-0.35941493924567847,0.5829222017135578,-0.19296952411517532,-0.4291956860057661,0.6992288799489359,-1.1724985789328362,0.13633952033603491,0.41032019173813616,0.2074616169729679,0.18321546322145602,-0.8409643455743357,-0.6040350594379319
-1.1016006402605438,-0.18418233908314896,-0.27278439135544497,-0.9956115743226078,-0.35941493924567847,0.5829222017135578,-0.19296952411517532,-0.4291956860057661,0.6992288799489359,-1.1724985789328362,0.0696322374072753,0.3830222422636398,0.4414249697786616,-0.8660880115931281,-0.9870226131630023,-0.4789655028856053
-0.5388208263437851,-0.27636024232058976,-0.01733387785242312,-0.5776522850615035,-0.35941493924567847,0.5829222017135578,-0.19296952411517532,-0.36049414279212644,0.6992288799489359,-1.1724985789328362,-0.021569668210584474,0.4450532073094662,0.26837565126783636,-1.101849117604042,0.36816695568002317,-1.358391250980763
-0.12800757871204246,0.2767071771040545,-0.17699044879181164,-0.9196189762751342,-0.35941493924567847,0.5829222017135578,-0.19296952411517532,-0.36049414279212644,0.6992288799489359,-1.1724985789328362,-0.05250147476040633,0.3942439979973732,0.10029483674326044,-0.5389561256774061,0.5118953889062038,-1.7375999966494207
0.05210578761524753,0.023217943201092273,-0.5282349048584662,-0.8436263782276607,-0.35941493924567847,0.5829222017135578,-0.19296952411517532,-0.36049414279212644,0.6992288799489359,-1.1724985789328362,0.13953163032631413,0.3582654258291956,0.2811525072031107,-0.12806026131946205,0.30922118752952177,-0.8529529963721909
0.23172517594415123,0.48410745938829575,-0.30471570554332256,-1.1349313374096428,-0.35941493924567847,0.5829222017135578,-0.19296952411517532,-0.36049414279212644,0.6992288799489359,-1.1724985789328362,0.1909688404636414,0.22984148367811874,0.0686974913323252,0.052089326762498354,0.14975438761189008,-1.4302221457841504
0.16693485959505555,0.3458406045321348,-0.3845439910130168,-0.8182955122118364,-0.35941493924567847,0.5829222017135578,-0.19296952411517532,-0.36049414279212644,0.6992288799489359,-1.1724985789328362,0.23336571742243487,0.13827841871693738,0.18033637286958468,0.2317448375044732,0.18227692825215155,-0.3123191320714837
-1.1950538365741694,0.06930689481981286,-0.4164753052008944,-0.8056300792039239,-0.35941493924567847,0.5829222017135578,-0.19296952411517532,-0.36049414279212644,0.6992288799489359,-1.1724985789328362,0.1223301718700128,0.07159117580500028,0.5414054022811526,0.16694149147861517,-0.8679432964755541,0.38675271683659374
-0.7982598392500907,-0.3224491939393103,-0.8156167325493656,-0.8942881102593099,1.38703709672153,0.5829222017135578,-0.19296952411517532,-0.36049414279212644,0.6992288799489359,-1.1724985789328362,-0.14946840914297702,-0.019583331189462126,0.3417580440005183,-1.1953211078518382,-1.1039103810033037,-0.06676813658084488
0.7110473886153093,-0.8985610891733145,-0.89544501801906,-0.8436263782276607,0.000148715218158527,0.5829222017135578,-0.19296952411517532,-0.2917925995784868,0.6992288799489359,-1.1724985789328362,-0.05723958987796331,-0.05050584529179709,0.18130747403196035,-0.7984473131472606,-0.540525603703007,-1.187136965640838
0.8765377537480129,-0.5298494762235516,-1.1668611886160205,-0.9829461413146956,0.20561366062606548,0.5829222017135578,-0.19296952411517532,-0.2917925995784868,0.6992288799489359,-1.1724985789328362,0.1334841135421177,0.14146956974239155,0.25160144047106997,0.7111634444185988,-0.12927075001833954,-1.2683420647902204
1.3383511906985894,-1.1290058472669162,-1.1828268457099593,-0.7802992131880995,1.0274734422576932,0.5829222017135578,-0.19296952411517532,-0.2917925995784868,0.6992288799489359,-1.1724985789328362,0.13050951714135947,0.19289132725578934,0.1679817432906534,0.8766870905427602,0.051036230203442216,-0.4363409187364047
1.424691619547008,-0.8524721375545941,-1.0391359318645097,-1.2615856674887653,-0.25668246654172505,0.5829222017135578,-0.19296952411517532,-0.2917925995784868,0.002628551155655226,-1.3654516177857736,0.33080523763148045,0.2352754674624596,0.254374420964689,1.338593400628506,0.23084870142235975,-0.024648373682504606
1.178186284121192,-0.829427661745234,-0.911410675112999,-0.9322844092830466,-0.35941493924567847,0.5829222017135578,-0.19296952411517532,-0.2917925995784868,0.002628551155655226,-1.3654516177857736,0.27186368331573424,0.12427327890050503,0.40460980999091706,1.4249511929957777,0.16598873835170477,0.59696035901556
0.09553127926009919,-0.39158262136739064,-0.9752733034887542,-0.8056300792039239,-0.35941493924567847,0.5829222017135578,-0.19296952411517532,-0.2917925995784868,0.002628551155655226,-1.3654516177857736,0.13953253620743497,-0.14744364913702704,0.3631292234560322,1.1783962840376534,-1.1974640353654347,0.45498020708320863
-0.14077180810956552,-1.6590287908822001,-0.7357884470796714,-0.6789757491248013,-0.35941493924567847,0.5829222017135578,-0.19296952411517532,-0.2917925995784868,0.002628551155655226,-1.3654516177857736,0.22313769460308683,-0.05524253699795887,0.24125760740669028,0.0955235515043815,-0.8002435020618259,0.15365177921024084
0.8850153150118858,-1.3824950811698782,-0.46437227648271107,-1.2235893684650285,-0.35941493924567847,0.5829222017135578,-0.19296952411517532,-0.22309105636484716,0.002628551155655226,-1.3654516177857736,0.2431975532053184,0.13542386973640536,0.02847021157258447,-0.14082705767131629,0.7106861642507051,-1.1762105367660671
0.9142694214398036,-0.6681163310797129,-1.0391359318645097,-1.058938739362169,1.2843046240175766,0.5829222017135578,-0.19296952411517532,-0.22309105636484716,0.002628551155655226,-1.3654516177857736,0.17402960296262834,0.13245016695564324,0.21412610259898832,0.8851663566892332,0.8763544241990328,-0.9994314465964996
1.1236181075597225,-1.3133616537417976,-0.9752733034887542,-0.6916411821327137,-0.35941493924567847,0.5829222017135578,-0.19296952411517532,-0.22309105636484716,0.002628551155655226,-1.3654516177857736,0.14800482615390664,0.3326857151612419,0.4393937122417814,0.9144263462733416,1.3386642901480774,0.3521990403399947
1.3737868368661943,-1.8433845973570817,-0.8635137038311823,-0.9449498422909588,-0.35941493924567847,0.5829222017135578,-0.19296952411517532,-0.22309105636484716,0.002628551155655226,-1.3654516177857736,0.21069038739982932,0.27376186790367846,0.4876968499233173,1.1238171335260294,1.4250975311348861,0.4183676517595785
0.7462955367954476,-1.1520503230762764,-0.8635137038311823,-0.8689572442434853,0.102881187922112,0.5829222017135578,-0.19296952411517532,-0.22309105636484716,0.002628551155655226,-1.3654516177857736,0.24628130984650948,0.1414704753513701,0.5730303203780388,1.3740361730927775,1.1783272133872247,0.34409440461543456
-0.01221486285172013,-1.0598724198388358,-0.7357884470796714,-0.7296374811564504,-0.35941493924567847,0.5829222017135578,-0.19296952411517532,-0.22309105636484716,0.002628551155655226,-1.3654516177857736,0.16475058941339976,0.22505051731734385,0.7389393330788411,0.7464186811885626,0.0945084023291989,0.5644556628900859
-0.5518296503654142,-1.8894735489758019,-0.7836854183614881,-0.7676337801801872,-0.3080487028937018,0.5829222017135578,-0.19296952411517532,-0.22309105636484716,0.002628551155655226,-1.3654516177857736,0.14583327127468135,0.24510434959252092,0.40998298876976946,-0.01224425892892801,-0.1420487003973435,0.18097261732037567
-0.23376675786838458,-1.2903171779324374,-0.7198227899857326,-1.2109239354571162,-0.35941493924567847,0.5829222017135578,5.18216544599624,-0.15438951315120752,0.002628551155655226,-1.3654516177857736,0.06760403343757299,0.17595717859349938,0.4180694105912325,-0.5519675658426445,0.8848410984659301,-0.8488759323701719
1.05501594607468,-0.6450718552703525,-0.8475480467372436,-1.0209424403384324,-0.35941493924567847,0.5829222017135578,-0.19296952411517532,-0.15438951315120752,0.002628551155655226,-1.3654516177857736,0.17863899064174235,0.1499402200760069,0.39078430295391287,-0.23384070920848993,0.9141266517630663,-0.9940818810972171
1.133733421382008,-1.751206694119641,-0.48033793357665017,-0.7296374811564504,-0.35941493924567847,0.5829222017135578,-0.19296952411517532,-0.15438951315120752,0.002628551155655226,-1.3654516177857736,0.24487053006595436,0.21260694949957465,0.4527860866301357,1.0552011757819206,1.1237003784518942,0.3531995176047632
1.0637318397509063,-0.8985610891733145,-0.2248874200736283,-0.9196189762751342,-0.35941493924567847,0.5829222017135578,-0.19296952411517532,-0.15438951315120752,0.002628551155655226,-1.3654516177857736,0.11344230661808791,0.24818717982009939,0.4020007796112781,1.1339344815916539,1.3741380280664406,0.4960892276514046
1.0612549508164122,-1.1520503230762764,-0.5282349048584662,-0.7296374811564504,-0.35941493924567847,0.5829222017135578,-0.19296952411517532,-0.15438951315120752,0.002628551155655226,-1.3654516177857736,0.187725469597077,0.1666809526197717,0.3660391329255829,1.063918822270661,0.7459722026295662,0.2945977258058705
0.023130902158823505,-1.7051177425009205,-0.7836854183614881,-0.6916411821327137,-0.35941493924567847,0.5829222017135578,-0.19296952411517532,-0.15438951315120752,0.002628551155655226,-1.3654516177857736,0.22407346861597405,0.1477693175692723,0.23767560554508196,1.0614414352206458,-0.013353562115055345,0.1360614898584687
-0.3500924984592538,-1.4285840327885984,-0.6559601616099772,-0.856291811235573,-0.35941493924567847,0.5829222017135578,-0.19296952411517532,-0.15438951315120752,0.002628551155655226,-1.3654516177857736,0.19937554662794185,0.06956358114270621,0.14615561480721292,0.02310861430270414,-0.5535484116345087,0.16839424613887724
1.035919147124392,-1.0368279440294756,-0.6878914757978547,-1.096935038385906,-0.35941493924567847,0.5829222017135578,-0.19296952411517532,-0.08568796993756789,0.002628551155655226,-1.3654516177857736,0.11366036058179473,0.18056518153315804,0.07949974372838875,-0.35018984352367544,-0.2351436156099099,-0.8756974483716102
0.8201476419292565,-1.1981392746949966,-0.7357884470796714,-0.6916411821327137,-0.35941493924567847,0.5829222017135578,-0.19296952411517532,-0.08568796993756789,0.002628551155655226,-1.3654516177857736,0.13255803181296294,0.24677682386209096,-0.011631871832979592,1.036100536363928,1.0550244726805362,-1.110287553696572
1.3960744168918102,-0.8755166133639544,-1.1029985602402652,-1.2235893684650285,-0.20531623018974834,0.5829222017135578,-0.19296952411517532,-0.08568796993756789,0.002628551155655226,-1.3654516177857736,0.05085119143234614,0.11538808371639499,-0.042539838985860785,0.8202856383729915,1.133826565788695,-0.5501903922222805
1.4354357331032577,-1.1290058472669162,-1.007204617676632,-1.00827700733052,-0.3080487028937018,0.5829222017135578,-0.19296952411517532,-0.08568796993756789,0.002628551155655226,-1.3654516177857736,0.22089650492356835,0.18964893075370023,0.14934526461214817,1.3963282352691206,1.0637497355565784,-0.1413354045261372
0.8225497526880036,-0.9676945166013949,-0.8794793609251211,-0.8182955122118364,-0.35941493924567847,0.5829222017135578,-0.19296952411517532,-0.08568796993756789,0.002628551155655226,-1.3654516177857736,0.12363740866212676,0.22598601020759893,0.20074283166985094,1.4356974672503324,1.0612701840761412,0.037919399446657294
0.11261753986945215,-0.7602942343171533,-1.2945864453675313,-0.9322844092830466,0.000148715218158527,0.5829222017135578,-0.19296952411517532,-0.08568796993756789,0.002628551155655226,-1.3654516177857736,0.006446773711180904,0.2012955079007528,0.24310703300792896,0.8226882322089715,0.022030198027981937,0.21668258010979302
-0.20340018793925585,-0.691160806889073,-0.9752733034887542,-1.1855930694412917,-0.35941493924567847,0.5829222017135578,-0.19296952411517532,-0.08568796993756789,0.002628551155655226,-1.3654516177857736,0.04420897541135662,0.11560607217293514,0.13215706346092657,0.1126132482514995,-0.35159440122172725,0.15220110550680133
1.2653842676155755,-0.6450718552703525,-1.2466894740857148,-0.8689572442434853,0.000148715218158527,0.5829222017135578,-0.19296952411517532,-0.016986426723928257,0.002628551155655226,-1.3654516177857736,-0.05299125531201523,0.13449806621815377,-0.13943204015699937,-0.2034680324008514,1.0359071455168654,-1.2032952783725381
1.7432462798500377,-1.2903171779324374,-1.3265177595554092,-1.299581966512502,-0.35941493924567847,0.5829222017135578,-0.19296952411517532,-0.016986426723928257,0.002628551155655226,-1.3654516177857736,0.19959972391140615,0.052815771979784876,-0.047274302399245356,1.2656118035096842,0.8199036955066777,-0.8083927141804859
1.5093537756432667,-1.105961371457556,-1.007204617676632,-1.1729276364333794,-0.35941493924567847,0.5829222017135578,-0.19296952411517532,-0.016986426723928257,0.002628551155655226,-1.3654516177857736,0.1665355156131011,0.22281000092980952,0.14330240869872538,1.74356991633305,1.3964495662538272,0.6937199650867912
1.2715492309123677,-0.552893952032912,-1.0710672460523876,-1.2235893684650285,-0.35941493924567847,0.5829222017135578,-0.19296952411517532,-0.016986426723928257,0.002628551155655226,-1.3654516177857736,0.15319114086915547,0.12558012297616952,0.14033010484380412,1.5096303751013243,1.4358531941375254,0.8584214726214615
1.356399621726875,-1.0368279440294756,-1.2945864453675313,-0.7929646461960117,0.7706422604978095,-1.7154947899743744,-0.19296952411517532,-0.016986426723928257,0.002628551155655226,-1.3654516177857736,0.185217371379214,0.008424694110567685,0.3404714557797709,1.2717780066133415,0.8223083884281399,1.318033542511664
0.3746119035399647,-2.4194964925910862,-1.230723816991776,-0.6789757491248013,-0.35941493924567847,-1.7154947899743744,-0.19296952411517532,-0.016986426723928257,-0.6939717776376255,-1.1724985789328362,0.36321604971207777,0.04617555139490001,0.28157532820324116,1.3566454612921386,0.11161302991223257,1.4039624047818116
-0.05357971846154302,-2.488629920019166,-0.9752733034887542,-0.6916411821327137,-0.35941493924567847,-1.7154947899743744,-0.19296952411517532,-0.016986426723928257,-0.6939717776376255,-1.1724985789328362,0.2834747865454458,-0.05099547870489183,0.14934616979509902,0.37466030038017273,-0.20474440296255197,1.1586321081967792
1.3924659094554257,-1.7972956457383613,-1.0391359318645097,-1.3629091315520632,-0.35941493924567847,-1.7154947899743744,-0.19296952411517532,0.05171511648971138,-0.6939717776376255,-1.1724985789328362,0.24614001655514697,0.2015196178374997,0.23288689300963492,-0.05361743323093032,1.2656189308532753,0.08113789094980943
0.9699128565973107,-0.5989829036516322,-0.6719258187039162,-1.0462733063542569,0.41107860603397234,-1.7154947899743744,-0.19296952411517532,0.05171511648971138,-0.6939717776376255,-1.1724985789328362,0.5714960794573347,0.16846534259689736,0.25293129131435615,1.3927190021427236,1.743994623594104,-0.1540387895395464
0.9739545617414526,-0.3454936697486704,-0.7357884470796714,-1.0336078733463445,-0.35941493924567847,-1.7154947899743744,-0.19296952411517532,0.05171511648971138,-0.6939717776376255,-1.1724985789328362,0.42636563392187,0.1551249767329812,0.18381664937807723,0.9700809716212183,1.5098506953006294,0.8668586231423255
1.2550210438806009,-1.5668508876447595,-0.8635137038311823,-0.754968347172275,-0.35941493924567847,-1.7154947899743744,-0.19296952411517532,0.05171511648971138,-0.6939717776376255,-1.1724985789328362,0.5358574697143733,0.1871415860117438,0.15781193007823835,0.9741234895737327,1.2717905212126648,0.8959732814270791
0.9734686877818147,-0.829427661745234,-0.9912389605826932,-0.6663103161168892,-0.35941493924567847,-1.7154947899743744,-0.19296952411517532,0.05171511648971138,-0.6939717776376255,-1.1724985789328362,0.4997359891107292,0.3650867904756151,0.22044917904810363,1.2552464956753706,1.3567321224406452,1.1043240466012585
0.20799802394411582,-1.4516285085979588,-1.1029985602402652,-1.2109239354571162,-0.35941493924567847,-1.7154947899743744,-0.19296952411517532,0.05171511648971138,-0.6939717776376255,-1.1724985789328362,0.41608256213987704,0.2853694829579789,0.2560126712790179,0.9736375179022608,0.3738890259241948,1.353300274442491
-0.3536811141641604,-0.9907389924107552,-0.9273763322069378,-0.9322844092830466,-0.1539499938377716,-1.7154947899743744,-0.19296952411517532,0.05171511648971138,-0.6939717776376255,-1.1724985789328362,0.3989729525892413,0.24804592897567537,0.17454478724067654,0.20801291384813986,-0.05476288311327786,0.7288000927934343
0.9037927411623228,-1.0598724198388358,-0.7038571328917939,-1.1349313374096428,-0.35941493924567847,-1.7154947899743744,-0.19296952411517532,0.12041665970335103,-0.6939717776376255,-1.1724985789328362,0.2864672038832251,0.57330424931232,0.1556420488341647,-0.3537791809182618,1.3928371798317112,-0.02609464807221347
1.21472665811665,-1.0829168956481958,-0.9752733034887542,-0.6283140170931525,-0.25668246654172505,-1.7154947899743744,-0.19296952411517532,0.12041665970335103,-0.6939717776376255,-1.1724985789328362,0.3575118253642744,0.4282174034625612,0.07747310291211663,0.9039475590798085,0.9698299011498193,-0.563137205928912
1.273615392428356,-1.9355625005945225,-0.8475480467372436,-0.61564858408524,-0.35941493924567847,-1.7154947899743744,-0.19296952411517532,0.12041665970335103,-0.6939717776376255,-1.1724985789328362,0.5559665168731226,0.5376763460215993,0.18842248456431118,1.2149440064964123,0.9738759509480492,-0.24659045202519306
1.013570418442746,-1.5668508876447595,-1.1349298744281426,-1.1602622034254673,-0.35941493924567847,-1.7154947899743744,-0.19296952411517532,0.12041665970335103,-0.6939717776376255,-1.1724985789328362,0.30914891638398495,0.5015657169329197,0.25460297879800764,1.2738445836453856,1.2552445671116053,1.036048897122538
0.775264160040104,-0.39158262136739064,-0.7198227899857326,-0.7676337801801872,0.15424742427408872,-1.7154947899743744,-0.19296952411517532,0.12041665970335103,-0.6939717776376255,-1.1724985789328362,0.21432599189002818,0.41793742089245717,0.1232760481596295,1.0137473132342352,0.9733895546954163,1.1143911428601905
0.2668425544080943,-1.6359843150728401,-1.3424834166493478,-0.6663103161168892,-0.35941493924567847,-1.7154947899743744,-0.19296952411517532,0.12041665970335103,-0.6939717776376255,-1.1724985789328362,0.2564677797363566,0.4008329513632429,0.19750196049580823,0.7753931301772251,0.20709604378441637,1.0447232439755119
-0.06903706728203426,-1.9816514522132427,-1.2626551311796537,-0.8689572442434853,-0.35941493924567847,-1.7154947899743744,-0.19296952411517532,0.12041665970335103,-0.6939717776376255,-1.1724985789328362,0.4549706759432979,0.28836100132204573,0.23382194581381732,0.26686927825975715,-0.3551868745296349,1.0422581618471354
0.8106637063987234,-1.359450605360518,-0.8156167325493656,-1.058938739362169,-0.35941493924567847,-1.7154947899743744,-0.19296952411517532,0.18911820291699066,-0.6939717776376255,-1.1724985789328362,0.18219782673557106,0.3593842797750608,0.20914305871677777,-0.06907789060637365,0.9036387095181301,0.009082631146033367
1.1240391492093555,-0.4376715729861112,-0.9433419893008766,-1.1222659044017302,-0.3080487028937018,0.5829222017135578,-0.19296952411517532,0.18911820291699066,-0.6939717776376255,-1.1724985789328362,0.16374248884533865,0.5577793520762044,0.12349393406735851,0.8107997955726478,1.2149068666669451,-0.36236169239341554
0.9608109159842426,-0.6220273794609924,-1.1508955315220817,-0.8816226772513975,0.9247409695537395,0.5829222017135578,-0.19296952411517532,0.18911820291699066,-0.6939717776376255,-1.1724985789328362,0.24523785861965924,0.3110358998456786,0.14237704070835291,1.1242382598493748,1.273858903760806,1.01704312857718
1.3593844865448603,-0.8524721375545941,-1.5500369588705531,-1.1096004713938181,-0.20531623018974834,0.5829222017135578,-0.19296952411517532,0.18911820291699066,-0.6939717776376255,-1.1724985789328362,0.24173216704723696,0.21624146179156148,0.06073317245959213,0.9609772005595465,1.0135343929413505,0.8023001605490014
1.4151995799777215,-1.912518024785162,-1.0551015889584485,-0.5523214190456788,0.7192760241458327,0.5829222017135578,-0.19296952411517532,0.18911820291699066,-0.6939717776376255,-1.1724985789328362,0.43593255190263286,0.25837058951893,0.23064743063337964,1.3596309263822937,0.7749719658616585,1.3754816142840882
0.11289786593714238,-1.4285840327885984,-1.2786207882735925,-0.9702807083067834,-0.35941493924567847,0.5829222017135578,-0.19296952411517532,0.18911820291699066,-0.6939717776376255,-1.1724985789328362,0.40746602290258704,0.456813852036645,0.13346329275492586,1.4154572445269151,0.2660038295133704,1.4146553034192577
-0.21048753819201313,-0.7372497585077932,-1.007204617676632,-1.1729276364333794,-0.35941493924567847,0.5829222017135578,-0.19296952411517532,0.18911820291699066,-0.6939717776376255,-1.1724985789328362,0.09790928428456243,0.18412294849132335,0.016362977587269196,0.11289363069425094,-0.07023684789939498,0.8046908209533921
1.1394187729309193,-0.8063831859358739,-0.6878914757978547,-0.8056300792039239,1.4384033330735069,0.5829222017135578,-0.19296952411517532,0.2578197461306303,-0.6939717776376255,-1.1724985789328362,0.22833171800825836,0.16567315490248574,0.054096075648954425,-0.21055680795739015,0.8104095651653397,0.09814270496562288
0.6508686386806721,-0.4146270971767507,-0.5122692477645278,-0.7169720481485382,-0.35941493924567847,0.5829222017135578,-0.19296952411517532,0.2578197461306303,-0.6939717776376255,-1.1724985789328362,0.3469129600969717,0.2471440420639711,-0.04302924205958249,1.1396209764949603,1.1241218727026594,-0.21636863311764554
0.9086562695088505,-0.16113786327378887,-0.8635137038311823,-0.754968347172275,0.25697989697804213,0.5829222017135578,-0.19296952411517532,0.2578197461306303,-0.6939717776376255,-1.1724985789328362,0.26963054439136286,0.24363940366168257,0.2093670632249715,0.6509725922177004,0.96071817635357,1.2454144373311185
1.115351619668759,-1.6590287908822001,-0.9912389605826932,-0.754968347172275,0.15424742427408872,0.5829222017135578,-0.19296952411517532,0.2578197461306303,-0.6939717776376255,-1.1724985789328362,0.3037476748081525,0.4377814473763728,0.17632833778311982,0.90881206550772,1.3597201958561587,1.720998582338323
0.7048551662790891,-1.244228226313717,-0.9752733034887542,-0.61564858408524,0.35971236968199555,0.5829222017135578,-0.19296952411517532,0.2578197461306303,-0.6939717776376255,-1.1724985789328362,0.3040258547862662,0.40932347021197363,0.16299424765820972,1.1155489832004424,1.4155952880433114,1.4882209942713442
-0.7023606966953887,-0.4376715729861112,-0.4005096481069559,-0.5776522850615035,-0.35941493924567847,0.5829222017135578,-0.19296952411517532,0.2578197461306303,-0.6939717776376255,-1.1724985789328362,0.2557607786555159,0.09985972777033429,0.19499579528980748,0.7049699767935758,0.11189365731803445,1.251550013550697
-0.978689263088653,-0.06895996003634809,-0.36857833391907774,-0.8056300792039239,-0.35941493924567847,0.5829222017135578,-0.19296952411517532,0.2578197461306303,-0.6939717776376255,-1.1724985789328362,0.11234437422912534,0.2302429803484176,0.37285728858173756,-0.7025288847656066,-0.21183937180304677,1.3359959404833555
0.8407694736262471,-1.1290058472669162,-0.89544501801906,-0.4003362229507318,-0.35941493924567847,0.5829222017135578,-0.19296952411517532,0.32652128934426994,-0.6939717776376255,-1.1724985789328362,0.0959821021544446,0.34878859858944955,0.29317748266048554,-0.9789130223013376,1.139518028838809,0.3588881968709564
1.2342573915054935,-1.866429073166442,-0.7836854183614881,-0.4003362229507318,-0.35941493924567847,0.5829222017135578,-0.19296952411517532,0.32652128934426994,-1.2039186108834923,-0.645341073311799,0.46597671293562853,0.2715293998527057,0.2558714868835536,0.8409116172298727,0.6504427248242325,-0.06726232615684813
1.4634768122763724,-1.8894735489758019,-1.1987925028038982,-0.9069535432672221,-0.35941493924567847,0.5829222017135578,-0.19296952411517532,0.32652128934426994,-1.2039186108834923,-0.645341073311799,0.46998294381700345,0.3056362808958517,0.5809767952002282,1.234478667619481,0.9085074659423031,1.3718903078400784
2.24634500548452,-1.9586069764038827,-1.8214531294675134,-1.299581966512502,-0.35941493924567847,0.5829222017135578,-0.19296952411517532,0.32652128934426994,-1.2039186108834923,-0.645341073311799,0.2733153636180951,0.30591437730390836,0.4359582028891692,1.4637441856334137,1.115425004452437,0.9513514760881411
1.531161007190216,-1.6820732666915605,-1.3265177595554092,-0.9449498422909588,1.3356708603695533,0.5829222017135578,-0.19296952411517532,0.32652128934426994,-1.2039186108834923,-0.645341073311799,0.7210751913059429,0.257663800833392,0.5453656524260229,2.24676981779355,0.7044872855496269,0.9553739152779815
-0.30708841682943644,-0.6450718552703525,-0.9912389605826932,-0.37500535693490733,-0.35941493924567847,0.5829222017135578,-0.19296952411517532,0.32652128934426994,-1.2039186108834923,-0.645341073311799,0.2480875238172572,0.11429048116523392,0.5092720109436667,1.5314419921983704,-0.7042412721747008,1.2351006128936612
-0.25885575674391437,-0.5989829036516322,-1.1828268457099593,-0.8182955122118364,-0.35941493924567847,0.5829222017135578,-0.19296952411517532,0.32652128934426994,-1.2039186108834923,-0.645341073311799,0.02650252317638326,0.09793312459892399,0.42568305635491716,-0.307177113544619,-0.9808668795427115,0.9548903573768311
1.3333694170593866,-0.8985610891733145,-1.2945864453675313,-0.9322844092830466,0.7192760241458327,0.5829222017135578,-0.19296952411517532,0.3952228325579096,-1.2039186108834923,-0.645341073311799,0.05409941455892585,0.4678165826258845,0.4085866333206564,-0.25893475361495794,0.840547694759735,0.19306853042915795
1.3440711685948872,-0.8524721375545941,-0.8635137038311823,-0.9069535432672221,0.20561366062606548,0.5829222017135578,-0.19296952411517532,0.3952228325579096,-1.2039186108834923,-0.645341073311799,0.2572231183091537,0.47182160996649547,0.29616759371768564,1.333610625128163,1.2344585947294813,-0.36593320192562767
0.6762939551643469,-0.6220273794609924,-0.5761318761402829,-0.4003362229507318,-0.35941493924567847,0.5829222017135578,-0.19296952411517532,0.3952228325579096,-1.2039186108834923,-0.645341073311799,0.25772404833334145,0.27521311209627136,0.3671574605264121,1.3443145288427414,1.463924416229265,0.8855465412704775
0.11030420517157101,-0.045915484226988004,-0.25681873426150587,-0.7929646461960117,-0.35941493924567847,0.5829222017135578,-0.19296952411517532,0.3952228325579096,-1.2039186108834923,-0.645341073311799,0.20737231322146266,0.7228384250192337,0.565459201377238,0.6764030218675708,2.247634158084532,1.1949983019513624
0.1471716876402313,-0.29940471812994984,-0.6399945045160387,-0.6789757491248013,-0.35941493924567847,0.5829222017135578,-0.19296952411517532,0.3952228325579096,-1.2039186108834923,-0.645341073311799,0.059837606816404314,0.2499928511730583,0.318831825236637,0.11029944832972297,1.531681368656002,1.253606326111374
-0.5300971969942084,-0.29940471812994984,-0.4005096481069559,-0.6029831510773278,0.35971236968199555,0.5829222017135578,-0.19296952411517532,0.3952228325579096,-1.2039186108834923,-0.645341073311799,-0.004351735016227182,0.02847441848317108,0.22408198154811088,0.14717434504493546,-0.3085440921081136,0.9948009315622733
-1.0749015162314413,-0.5068050004141915,-0.27278439135544497,-0.4509979549823808,0.15424742427408872,0.5829222017135578,-0.19296952411517532,0.3952228325579096,-1.2039186108834923,-0.645341073311799,-0.01882718380533567,0.056063019284186826,0.2661912903729945,-0.5302307419596303,-0.26025958404844457,0.7576306287329306
0.04930510549613513,0.16148479805725363,-0.04926519204030071,-0.261016459863697,-0.35941493924567847,0.5829222017135578,-0.19296952411517532,0.4639243757715492,-1.2039186108834923,-0.645341073311799,-0.08975207229093499,0.25912570117500916,0.4645411987701573,-1.0751446242392804,1.333677161322775,0.2516325614518427
0.46624647988489143,-0.27636024232058976,-0.46437227648271107,-1.4515671626074491,-0.3080487028937018,0.5829222017135578,-0.19296952411517532,0.4639243757715492,-1.2039186108834923,-0.645341073311799,0.1761769334479091,0.25962648071118916,0.19197857783398087,0.04928808141133551,1.3443904167673686,-0.08264599306206462
0.042779512474950446,0.11539584643853305,-0.36857833391907774,-0.4763288209982053,-0.1539499938377716,0.5829222017135578,-0.19296952411517532,0.4639243757715492,-1.2039186108834923,-0.645341073311799,0.15759368109663424,0.2092898721278449,0.1735374636239894,0.4663133049251347,0.6758953723974508,0.7928614329349325
0.6158400362775832,-0.5298494762235516,-0.7677197612675493,-0.704306615140626,0.102881187922112,0.5829222017135578,-0.19296952411517532,0.4639243757715492,-1.2039186108834923,-0.645341073311799,-0.05865998114633204,0.06179948768987098,0.2549700242485842,0.0427611760587325,0.10929720848197141,1.104743081234325
0.9355207896015435,-0.829427661745234,-1.3105521024614704,-0.6663103161168892,0.35971236968199555,0.5829222017135578,-0.19296952411517532,0.4639243757715492,-1.2039186108834923,-0.645341073311799,-0.046211220005520116,-0.0023705705588147378,0.25146703454140257,0.615936945376608,0.14620432186202056,0.9422929225024913
0.2938050596965886,-1.3133616537417976,-1.3744147308372254,-0.38767078994281956,1.4897695694254836,0.5829222017135578,-0.19296952411517532,0.4639243757715492,-1.2039186108834923,-0.645341073311799,0.10153580321817941,-0.01684167067376786,0.4455177475677981,0.935681988198099,-0.5317925968381081,1.3389665770815355
-0.07851474060081355,-1.4977174602166792,-1.1349298744281426,-0.09636583076083756,0.15424742427408872,0.5829222017135578,-0.19296952411517532,0.4639243757715492,-1.2039186108834923,-0.645341073311799,0.14861913221416123,-0.08774525210118728,0.4170731579550707,0.29383720585128076,-1.0771825565979427,1.394515611759229
1.439983203938513,-1.105961371457556,-1.230723816991776,-0.856291811235573,-0.20531623018974834,0.5829222017135578,-0.19296952411517532,0.5326259189851889,-1.2039186108834923,-0.645341073311799,0.10722569776850688,0.17810386398371467,0.10775499725378318,-0.07855746993559957,0.048232537475048715,0.09842169477818885
0.9536789935183587,-1.359450605360518,-0.5761318761402829,-0.4509979549823808,0.051514951570135296,0.5829222017135578,-0.19296952411517532,0.5326259189851889,-1.2039186108834923,-0.645341073311799,0.23647979454197188,0.15952619436154203,0.23807691333837847,1.4402458526061275,0.4656221053816779,-0.22342219946949518
0.8982300552908637,-0.7602942343171533,-0.36857833391907774,-0.6283140170931525,-0.35941493924567847,0.5829222017135578,-0.19296952411517532,0.5326259189851889,-1.2039186108834923,-0.645341073311799,0.22869933050458113,-0.0566625015563244,0.3565667638914789,0.9538438438261722,0.04169992973027931,1.1200493935397353
1.0870629989483491,-1.4746729844073188,-1.1349298744281426,-0.21035472783204792,2.0034319329452503,0.5829222017135578,-0.19296952411517532,0.5326259189851889,-1.2039186108834923,-0.645341073311799,0.21833232293968685,-0.04421748023778867,0.2793439103773499,0.8983837545226735,0.6153764682244109,0.6338280745357081
0.9431525839121779,-1.5438064118353994,-0.8635137038311823,-0.17235842880831106,-0.20531623018974834,0.5829222017135578,-0.19296952411517532,0.5326259189851889,-1.2039186108834923,-0.645341073311799,0.316904187198691,0.10348515723519695,0.31343474644197583,1.0872546734881459,0.9354008642047005,0.8903868862051711
-0.2520071072688936,-0.39158262136739064,-0.8156167325493656,-0.7802992131880995,-0.35941493924567847,0.5829222017135578,-0.19296952411517532,0.5326259189851889,-1.2039186108834923,-0.645341073311799,0.32697437709817717,0.15055434158813963,0.3137127120244994,0.9433153173031069,0.29299531830131625,1.0960969633111406
-0.4189624615884651,-1.3364061295511578,-1.5500369588705531,-0.36233992392699493,1.6438682784814136,0.5829222017135578,-0.19296952411517532,0.5326259189851889,-1.2039186108834923,-0.645341073311799,0.11398660649916852,0.10917334244319327,0.265484834183684,-0.25208472684015004,-0.07972470929737897,0.6875572597658651
1.366619551322121,-1.3364061295511578,-1.3744147308372254,-0.007707799705451849,-0.20531623018974834,0.5829222017135578,-0.19296952411517532,0.6013274621988285,-1.2039186108834923,-0.645341073311799,0.10964838382907983,0.23838860905959003,0.12217896195616187,-0.4190736567682863,1.4404055533025948,-0.7129507025722804
1.3960552618911264,-1.4285840327885984,-1.1987925028038982,-0.704306615140626,-0.35941493924567847,0.5829222017135578,-0.19296952411517532,0.6013274621988285,-1.2039186108834923,-0.645341073311799,0.6742876592489282,0.23061048240761434,0.10582930041873542,1.3668674461695112,0.9535785873867928,-0.9879620690851878
1.2265648169042185,-0.8985610891733145,-1.0551015889584485,-0.2990127588874336,-0.20531623018974834,0.5829222017135578,-0.19296952411517532,0.6013274621988285,-1.2039186108834923,-0.645341073311799,0.517156441687871,0.22024658927036392,0.4755387533195314,1.3963090764162644,0.8980700440056406,0.8228236923322388
0.9664097016646829,-1.751206694119641,-0.592097533234222,0.15694282939740758,-0.3080487028937018,0.5829222017135578,-0.19296952411517532,0.6013274621988285,-1.2039186108834923,-0.645341073311799,0.3118947995409323,0.3187888408434476,0.47954189656591595,1.2267845460005933,1.0871059747171985,1.2144359364615092
0.5777967314592953,-1.8203401215477215,-0.5442005619524053,-0.03303866572127628,-0.35941493924567847,0.5829222017135578,-0.19296952411517532,0.6013274621988285,-1.390572106430907,0.0747694711621766,0.2888457010634727,0.3288560054844293,0.2830258896836896,0.9665771121855259,0.9430408623563299,1.4425627166937867
-0.4985161263486907,-0.9907389924107552,-0.3206813626372616,-1.058938739362169,-0.35941493924567847,0.5829222017135578,-0.19296952411517532,0.6013274621988285,-1.390572106430907,0.0747694711621766,0.18323426467908366,0.11593222008041577,0.730440625200825,0.5778859898476478,-0.2534035725784542,2.2216991426659645
-1.245103274801404,0.4149740319602155,-0.5122692477645278,-1.058938739362169,-0.35941493924567847,0.5829222017135578,-0.19296952411517532,0.6013274621988285,-1.390572106430907,0.0747694711621766,0.07922369376719628,0.11159530068714293,0.25781749318584785,-0.4986433201930576,-0.42053839651216485,1.5099242753539623
0.5257562782572045,-0.6450718552703525,-1.0710672460523876,-0.15969299580039883,-0.25668246654172505,0.5829222017135578,-0.19296952411517532,0.6700290054124681,-1.390572106430907,0.0747694711621766,-0.09956046649788135,0.6760649487427626,0.036403269921906824,-1.245380611286946,1.3669630380077307,-0.31956260213281135
1.2400620934432698,-1.1750947988856366,-1.1349298744281426,-0.46366338799029305,-0.3080487028937018,0.5829222017135578,-0.19296952411517532,0.6700290054124681,-1.390572106430907,0.0747694711621766,0.1153447836605845,0.5189809361060407,0.06397889215397361,0.5258350710339965,1.3964303906623659,-0.27155985694506174
1.0281249036733455,-1.1290058472669162,-0.8475480467372436,-0.46366338799029305,0.8733747332017628,0.5829222017135578,-0.19296952411517532,0.6700290054124681,-1.390572106430907,0.0747694711621766,0.12960617989180065,0.31378095809202783,0.26694604680016,1.2402845369136497,1.2267577509510894,1.313075515934617
0.9239345927460302,-0.8524721375545941,-0.8315823896433048,-0.653644883108977,-0.1539499938377716,0.5829222017135578,-0.19296952411517532,0.6700290054124681,-1.390572106430907,0.0747694711621766,0.17310662598466525,0.2907387839607708,0.2674465907534706,1.028304725449123,0.9663229804807371,1.3237262544821151
0.860382720864174,-0.829427661745234,-1.1029985602402652,-0.1976892948241357,0.4624448423859491,0.5829222017135578,-0.19296952411517532,0.6700290054124681,-1.390572106430907,0.0747694711621766,0.10890757666292467,0.18515907507102508,0.2171336621367136,0.9240934612968561,0.5772922685377665,0.6591321939087567
-0.030257768399035365,-1.0368279440294756,-0.8794793609251211,0.15694282939740758,-0.05121752113381818,0.5829222017135578,-0.19296952411517532,0.6700290054124681,-1.390572106430907,0.0747694711621766,0.1843421285405269,0.08117975072621823,0.06971266193962757,0.8605288087959981,-0.5001775779398616,0.09584039744537687
-0.4627146933411231,-1.4516285085979588,-0.6878914757978547,-0.2990127588874336,-0.3080487028937018,0.5829222017135578,-0.19296952411517532,0.6700290054124681,-1.390572106430907,0.0747694711621766,0.1401148872347459,-0.09755069969756461,0.005572791359082267,-0.030290793000386698,-1.2475672745228827,0.13253214041619724
0.46445843424419614,-0.8063831859358739,-0.36857833391907774,-0.9702807083067834,-0.35941493924567847,0.5829222017135578,-0.19296952411517532,0.7387305486261078,-1.390572106430907,0.0747694711621766,0.09973938527327046,0.11728998922201792,-0.008891501082949569,-0.46283468732714694,0.525195874152514,-0.5415083465702764
0.7398380913728463,0.13844032224789315,-0.08119650622817887,-1.4135708635837123,-0.3080487028937018,0.5829222017135578,-0.19296952411517532,0.7387305486261078,-1.390572106430907,0.0747694711621766,0.05798226885802923,0.13154710108415416,-0.07976172717542752,0.4645248996989635,1.2402695364648442,-1.083715698749475
0.4661739119015299,0.3919295561508554,-0.6399945045160387,-0.8182955122118364,0.15424742427408872,0.5829222017135578,-0.19296952411517532,0.7387305486261078,-1.390572106430907,0.0747694711621766,0.12294659781358455,0.1750344788937187,0.18596232489814546,0.7399599371393869,1.0281045235991901,0.03513206758734743
0.8193987550756229,-1.3364061295511578,-0.8156167325493656,-0.48899425400611746,0.000148715218158527,0.5829222017135578,-0.19296952411517532,0.7387305486261078,-1.390572106430907,0.0747694711621766,0.07144810500964971,0.11085471607222086,0.16739339481183552,0.4662407223479662,0.9238022127005329,0.45008597055529137
0.5817883389093401,-0.4607160487954713,-0.592097533234222,-0.9702807083067834,-0.35941493924567847,0.5829222017135578,-0.19296952411517532,0.7387305486261078,-1.390572106430907,0.0747694711621766,0.08118124023429381,0.18626660611108142,-0.04869359896041672,0.8195366009142337,0.860182025370089,0.028637580689061852
-0.7045469453310534,-0.9676945166013949,-1.1349298744281426,0.2582662934607055,5.13677235041583,0.5829222017135578,-0.19296952411517532,0.7387305486261078,-1.390572106430907,0.0747694711621766,0.07847089535257694,0.14205265143040144,-0.0362544321818926,0.5818784000311529,-0.03141586298700526,0.5989664460777913
-1.1860417771181508,-1.751206694119641,-0.36857833391907774,0.5495712526426875,-0.3080487028937018,0.5829222017135578,-0.19296952411517532,0.7387305486261078,-1.390572106430907,0.0747694711621766,0.08145416200425264,0.10168927896518189,0.11137872119952152,-0.7047155730674846,-0.4643376599768777,0.9171233488077762
-0.42296990875061513,-0.25331576651122967,0.25408229274453725,0.13161196338158293,-0.35941493924567847,0.5829222017135578,-0.19296952411517532,0.8074320918397474,-1.390572106430907,0.0747694711621766,-0.03179204620310278,0.059944707106976726,0.15842576268777517,-1.186307236022794,0.4638321376710825,0.2784665421755275
0.23348780437239836,-0.5989829036516322,-1.0391359318645097,0.24560086045279353,-0.3080487028937018,0.5829222017135578,-0.19296952411517532,0.8074320918397474,-1.390572106430907,0.0747694711621766,0.002538894182786906,0.12488951965910541,0.1170642305014634,-0.4230819098493468,0.7395078157390315,-0.09207848831501994
0.1913044408487672,-1.2903171779324374,-0.1929561058857507,0.3342588915081792,-0.35941493924567847,0.5829222017135578,-0.19296952411517532,0.8074320918397474,-1.390572106430907,0.0747694711621766,0.10366628993592096,0.07340649788946868,0.24621871008269536,0.2335078204066597,0.4655494593909471,1.419181097422044
-0.1145456652511771,0.00017346739173218143,0.509532806247559,-0.21035472783204792,-0.35941493924567847,0.5829222017135578,-0.19296952411517532,0.8074320918397474,-1.390572106430907,0.0747694711621766,0.025128414744255225,0.08313670911263836,0.238444242512736,0.19131597358456,0.8191540036328325,0.9351949964038356
-0.31336573157253306,0.2767071771040545,0.828845948126336,0.11894653037367071,-0.35941493924567847,-1.7154947899743744,-0.19296952411517532,0.8074320918397474,-1.390572106430907,0.0747694711621766,-0.03622478081631661,0.08042717846520957,0.22808522488557872,-0.11459564059629454,0.5812881667890962,0.8800103715470229
-1.462589152557679,0.737596693291258,1.6271288028232787,0.3342588915081792,-0.35941493924567847,-1.7154947899743744,-0.19296952411517532,0.8074320918397474,-1.390572106430907,0.0747694711621766,-0.033563114099544794,0.08340954889219643,0.326581119000535,-0.3134556906890535,-0.7064298709308552,1.0679431884675603
-2.0817413967540954,0.2997516529134146,-0.08119650622817887,-0.3370090579111705,-0.25668246654172505,-1.7154947899743744,-0.19296952411517532,0.8074320918397474,-1.390572106430907,0.0747694711621766,-0.1321393130421621,-0.029802638203551363,0.3366435477220927,-1.4629102266084504,-1.1884422883444994,0.9247187639677348
-0.12806062332931892,-0.29940471812994984,-0.9912389605826932,-0.4763288209982053,0.051514951570135296,-1.7154947899743744,-0.19296952411517532,0.876133635053387,-1.390572106430907,0.0747694711621766,-0.2913496423956591,0.004517988576497109,0.12381992854432863,-2.0821869856099045,-0.4245501515025891,-0.264743853534785
0.2643557196078667,-1.5207619360260392,-0.8475480467372436,0.7268873147534589,-0.25668246654172505,-1.7154947899743744,-0.19296952411517532,0.876133635053387,-1.390572106430907,0.0747694711621766,-0.06608028575826,0.10561500391803093,0.1194850493780241,-0.12811331660429282,0.2326132245981289,-0.4309033669624609
-0.13531115945328137,-0.4607160487954713,0.6691893771869476,-0.37500535693490733,-0.35941493924567847,-1.7154947899743744,-0.19296952411517532,0.876133635053387,-1.390572106430907,0.0747694711621766,0.0026736632775441723,0.027100722856885032,0.6836891526784121,0.26438194334384196,0.19038451582632923,1.3461671538339663
-0.3100795438591842,-0.27636024232058976,-0.30471570554332256,-0.23568559384787235,-0.35941493924567847,-1.7154947899743744,-0.19296952411517532,0.876133635053387,-1.390572106430907,0.0747694711621766,-0.055601963221472456,-0.03423404114693368,0.5266790374351641,-0.13536531084958223,-0.11579436559651432,1.3754625505912446
-1.327401630140283,-0.23027129070186955,-0.3206813626372616,-0.02037323271336406,-0.35941493924567847,-1.7154947899743744,5.18216544599624,0.876133635053387,-1.390572106430907,0.0747694711621766,-0.14312688432190485,-0.031573174040690696,0.3215755921189198,-0.3101688421059003,-0.3148281546866383,1.206780030737711
-1.48546243356572,-0.13809338746442879,-0.7996510754554269,0.18227369541323224,-0.10258375748579489,-1.7154947899743744,-0.19296952411517532,0.876133635053387,-1.390572106430907,0.0747694711621766,-0.29586946917898954,-0.13011975899517392,0.2985442577706533,-1.3276955172622251,-1.4652869399688113,0.9478650199547666
-1.275131685295394,-0.4376715729861112,-0.5122692477645278,-0.6916411821327137,-0.35941493924567847,-1.7154947899743744,-0.19296952411517532,0.876133635053387,-1.2039186108834927,0.7948800156361521,-0.25831401437952334,-0.2892822588233406,0.19301421698627186,-1.4857881075547974,-2.0851047454154923,0.5611044856540011
-0.12069810412443509,-0.4837605246048314,-0.6399945045160387,0.22026999443696865,-0.35941493924567847,-1.7154947899743744,-0.19296952411517532,0.9448351782670267,-1.2039186108834927,0.7948800156361521,-0.16449354086971643,-0.06408057698093243,0.08908380787424572,-1.2754150606537873,-0.12932385165623106,-0.5100778162145982
-0.14795751192352427,-1.105961371457556,0.3019792640263539,0.9042033768642308,-0.35941493924567847,-1.7154947899743744,-0.19296952411517532,0.9448351782670267,-1.2039186108834927,0.7948800156361521,-0.03992477108609701,0.004652717184296917,-0.08956256197253232,-0.12074931675768964,0.26351432147583426,-1.2531061415045326
-0.461200343190963,-0.7142052826984331,0.06249440761727114,0.8788725108484063,-0.35941493924567847,-1.7154947899743744,-0.19296952411517532,0.9448351782670267,-1.2039186108834927,0.7948800156361521,-0.003279271971381157,-0.0536054023127237,0.12517705894746964,-0.14801420656848008,-0.13658218178551773,0.5093120982947806
-0.569502717053391,0.023217943201092273,-0.16102479169787312,-0.5396559860377665,-0.35941493924567847,-1.7154947899743744,-0.19296952411517532,0.9448351782670267,-1.2039186108834927,0.7948800156361521,-0.06714328504284131,-0.1411040294192437,0.1394274638036707,-0.46132003263312793,-0.31153843446698964,1.2202129686118375
-0.18458297832586412,-0.3454936697486704,-0.8635137038311823,0.27093172646861796,0.25697989697804213,-1.7154947899743744,-0.19296952411517532,0.9448351782670267,-1.2039186108834927,0.7948800156361521,-0.11367722517639288,-0.2938007277728514,0.18289438374603922,-0.5696441866782056,-1.329954096950087,1.0092860386375317
-1.3916931797408278,-1.0137834682201154,0.5254984633414976,0.3342588915081792,-0.3080487028937018,-1.7154947899743744,-0.19296952411517532,0.9448351782670267,-1.2039186108834927,0.7948800156361521,-0.20916058914301952,-0.25625655527889846,0.1187448131580263,-0.18464703854665568,-1.488184808741248,0.9055923809041989
-1.7542420878628366,-0.11504891165506868,0.7809489768445195,0.6128984176822488,-0.35941493924567847,-1.7154947899743744,-0.19296952411517532,0.9448351782670267,-1.2039186108834927,0.7948800156361521,-0.32591663707020685,-0.16246426705538838,0.1941212270079529,-1.39199999623489,-1.2776279642286807,0.8423434473653879
-0.6949101381604491,0.5532408868163764,-0.27278439135544497,0.2582662934607055,0.25697989697804213,-1.7154947899743744,-0.19296952411517532,1.0135367214806663,-1.2039186108834927,0.7948800156361521,-0.18722052225748953,-0.03793291987590482,0.14992807199969807,-1.7546218148680608,-0.12195341806916898,-0.044051546901734684
-0.31740485815888925,-0.829427661745234,-0.25681873426150587,1.1321811710066516,-0.3080487028937018,0.5829222017135578,-0.19296952411517532,1.0135367214806663,-1.2039186108834927,0.7948800156361521,-0.08505027763866045,-0.0012984297003405252,0.10958368776865286,-0.6950768278837707,-0.14924212852476357,-0.4744470410723744
-0.49590625750561923,-0.4146270971767507,0.828845948126336,-0.9069535432672221,-0.35941493924567847,0.5829222017135578,-0.19296952411517532,1.0135367214806663,-1.2039186108834927,0.7948800156361521,-0.016186663552394294,-0.06514325692221853,0.06785875390543028,-0.3174956295652207,-0.4628216819673523,0.4483064481503032
-0.5088583532559898,-0.25331576651122967,-0.1929561058857507,0.11894653037367071,2.2088968783531575,0.5829222017135578,-0.19296952411517532,1.0135367214806663,-1.2039186108834927,0.7948800156361521,-0.1920974740460159,-0.11166321745860844,0.13277301431996907,-0.49603292649149905,-0.5712404760867206,0.7223734286485309
-0.2811356010961755,0.3458406045321348,-0.592097533234222,-0.2736818928716092,-0.35941493924567847,0.5829222017135578,-0.19296952411517532,1.0135367214806663,-1.2039186108834927,0.7948800156361521,-0.18080292228201497,-0.20711789657800175,0.08131421182671238,-0.5089876269771223,-0.18590696568193596,0.45001374848817094
-1.3870834551533533,-0.7833387101265138,-0.6878914757978547,1.1321811710066516,-0.35941493924567847,0.5829222017135578,-0.19296952411517532,1.0135367214806663,-1.2039186108834927,0.7948800156361521,0.03445557243243445,-0.32383886897727276,0.09103984564422968,-0.28121907856226147,-1.3943147571200187,0.8015548434807392
-1.6764970972055773,-1.105961371457556,-0.44840661938877197,1.2461700680778616,-0.35941493924567847,0.5829222017135578,-0.19296952411517532,1.0135367214806663,-1.2039186108834927,0.7948800156361521,0.047686682964389084,-0.18518442086648107,0.08833158964753726,-1.3873893446073156,-1.757253389266827,0.5650770659548653
-0.3652208969795523,-0.06895996003634809,1.3078156609445017,1.1575120370224758,-0.35941493924567847,0.5829222017135578,-0.19296952411517532,1.0822382646943058,-1.2039186108834927,0.7948800156361521,-0.06317382178296807,-0.08304486994901454,0.09131255707114251,-1.6768611892802248,-0.6967827046192009,-0.7151265298227119
-0.2500827664310401,0.2767071771040545,1.563266174447523,1.2968318001095105,-0.35941493924567847,0.5829222017135578,-0.19296952411517532,1.0822382646943058,-1.2039186108834927,0.7948800156361521,0.03651582791973193,-0.014201943678593338,-0.021846371354958243,-0.36532128444527334,-0.31887162315524714,-1.1943261774994565
0.01638392153359243,0.6684632658631773,1.6750257741050947,1.3221626661253354,-0.35941493924567847,0.5829222017135578,-0.19296952411517532,1.0822382646943058,-1.2039186108834927,0.7948800156361521,-0.023709074128554927,-0.19005990753468485,0.01245810989367132,-0.2501599990071326,-0.4975649036033327,-0.43489171147087
-0.1962310605681964,2.32766552413711,0.828845948126336,-0.61564858408524,-0.35941493924567847,0.5829222017135578,-0.19296952411517532,1.0822382646943058,-1.2039186108834927,0.7948800156361521,0.10335584455887993,-0.17876874884858213,0.11350756593368028,0.01636027682383162,-0.5105309222831961,0.21843680646081334
-0.9173807364791073,-0.06895996003634809,-0.6719258187039162,1.1828429030383003,0.30834613333001887,0.5829222017135578,-0.19296952411517532,1.0822382646943058,-1.2039186108834927,0.7948800156361521,0.007304502318747303,0.036425078506234755,0.03503022052641477,-0.19629746328019762,-0.2825633782469702,0.17645452211662285
-1.3753834333899355,-0.13809338746442879,-0.7996510754554269,-0.23568559384787235,-0.35941493924567847,0.5829222017135578,-0.19296952411517532,1.0822382646943058,-1.2039186108834927,0.7948800156361521,-0.05423367560811443,0.04965221418468015,-0.026275689623258408,-0.9175921662214404,-1.3897000772827028,-0.12793766116187627
-1.4950973989093392,-0.11504891165506868,-0.7038571328917939,-0.21035472783204792,-0.35941493924567847,0.5829222017135578,-0.19296952411517532,1.0822382646943058,-1.2039186108834927,0.7948800156361521,-0.05108086434360877,-0.06117498615748243,-0.02361607427485017,-1.3756869699073746,-1.6794248261866802,-0.3258099942430926
-0.39159291253545364,0.06930689481981286,-0.2248874200736283,0.9042033768642308,-0.35941493924567847,0.5829222017135578,-0.19296952411517532,1.1509398079079456,-1.2039186108834927,0.7948800156361521,-0.025216212404008547,0.03848471505729601,-0.12211629973264337,-1.4954250105411249,-0.36673906210064283,-1.4695553100421446
-0.2102926728966039,0.11539584643853305,0.014597436335454472,0.5115749536189507,-0.3080487028937018,0.5829222017135578,-0.19296952411517532,1.1509398079079456,-1.2039186108834927,0.7948800156361521,0.09003380978142439,-0.021722094393043623,-0.28120392437982467,-0.3916986035535823,-0.25147716315939794,-2.0857561863339575
-0.3721730571313414,0.3919295561508554,-0.30471570554332256,-0.2736818928716092,2.568460532816995,0.5829222017135578,-0.19296952411517532,1.1509398079079456,-1.2039186108834927,0.7948800156361521,0.10011344058416798,0.10530465180412857,-0.05610818468273572,-0.21036190347353492,0.015275964697293467,-0.14138819629093283
-0.2601594018865557,0.2997516529134146,-0.5761318761402829,-0.31167819189534607,-0.3080487028937018,0.5829222017135578,-0.19296952411517532,1.1509398079079456,-1.2039186108834927,0.7948800156361521,0.1492093829390249,0.009282165041686025,0.012592775120782185,-0.37227484271339656,-0.19756756909697343,0.24915758086757286
-0.6064361369282482,-0.29940471812994984,1.116227775817235,1.448816996204458,-0.35941493924567847,0.5829222017135578,-0.19296952411517532,1.1509398079079456,-1.2039186108834927,0.7948800156361521,0.08389326744948464,-0.05223752575653343,-0.045637937875046775,-0.260238660927562,-0.9194924489814243,-0.14860417064142517
-1.4821766142177726,0.7836856449099782,0.1582883501809039,0.27093172646861796,-0.25668246654172505,0.5829222017135578,-0.19296952411517532,1.1509398079079456,-1.2039186108834927,0.7948800156361521,-0.0064784413380962755,-0.0490856616508387,-0.13309540280110563,-0.6065850340599777,-1.3779874785138944,-0.3225394710921136
-2.1130734523907333,-0.02287100841762791,1.3078156609445017,1.5754713262835804,-0.35941493924567847,0.5829222017135578,-0.19296952411517532,1.1509398079079456,-1.2039186108834927,0.7948800156361521,0.013070038162551463,-0.023228779898198892,-0.2857202676955918,-1.4825016274111258,-1.4978301312460347,-1.3350121979753615
-0.6363190430901234,-0.6450718552703525,-0.5442005619524053,0.29626259248444237,0.7706422604978095,0.5829222017135578,-0.19296952411517532,1.2196413511215851,-1.2039186108834927,0.7948800156361521,-0.1446292500490392,0.09198661919539178,-0.24819375719308445,-2.113525342289356,-0.3931394264056764,-1.4923195589533582
-0.3451762938608489,-0.8063831859358739,-0.6399945045160387,1.2841663671015986,1.1815721513136233,0.5829222017135578,-0.19296952411517532,1.2196413511215851,-1.2039186108834927,0.7948800156361521,-0.016431812049693243,0.10206322190342092,-0.15444559189151483,-0.6364739498330101,-0.2116442970360724,-1.2829914129115065
-0.31183038459470186,0.06930689481981286,-0.3845439910130168,-0.058369531737100924,-0.25668246654172505,0.5829222017135578,-0.19296952411517532,1.2196413511215851,-0.6939717776376265,1.322037521257189,0.06016461653182566,0.15114441499151848,-0.029972828280198933,-0.34527265025041254,-0.3736986955167963,-0.13406077265920086
-0.029021902489573932,-0.06895996003634809,-0.48033793357665017,0.29626259248444237,0.000148715218158527,0.5829222017135578,-0.19296952411517532,1.2196413511215851,-0.6939717776376265,1.322037521257189,0.060729200426572004,0.08584792158813918,0.006644427847865712,-0.31192003494478976,-0.2615646305518969,-0.161190240621956
-0.5461177765078647,-0.5068050004141915,-0.6080631903281605,0.7395527477613714,0.000148715218158527,0.5829222017135578,-0.19296952411517532,1.2196413511215851,-0.6939717776376265,1.322037521257189,0.06460598751156606,-0.004496637981472297,-0.05717036470505209,-0.029054678551726363,-0.6082135977527591,-0.47293990950935727
-1.4184939726197134,-0.7602942343171533,-0.7357884470796714,1.2588355010857741,-0.25668246654172505,0.5829222017135578,-0.19296952411517532,1.2196413511215851,-0.6939717776376265,1.322037521257189,-0.020415603948772013,0.015045968819211542,-0.10366844074937662,-0.5462545432969227,-1.4848954572829771,-0.5807260288427804
-1.8784092226756701,-1.1981392746949966,-0.44840661938877197,1.1955083360462129,-0.35941493924567847,0.5829222017135578,-0.19296952411517532,1.2196413511215851,-0.6939717776376265,1.322037521257189,-0.0058864283547833554,-0.1426059438098354,-0.1990782149044556,-1.4188061788955804,-2.116470481624749,-0.1976411211658996
-1.195855768045074,-0.16113786327378887,-0.6878914757978547,0.536905819634775,-0.35941493924567847,0.5829222017135578,-0.19296952411517532,1.2883428943352249,-0.6939717776376265,1.322037521257189,-0.014706267061067934,-0.014447018529061025,-0.3157442779881364,-1.8788139203512395,-0.6381286267157272,-1.39899728334549
-1.493531477603491,-0.3685381455580305,-0.7357884470796714,0.5242403866268631,0.5138110787379256,0.5829222017135578,5.18216544599624,1.2883428943352249,-0.6939717776376265,1.322037521257189,0.011782815540225292,0.06212639916594108,-0.17715505740837706,-1.1961232005954212,-0.34667291192103833,-1.7598179974387926
-0.6723573350484489,0.11539584643853305,-0.5601662190463444,1.3601589651490718,-0.35941493924567847,0.5829222017135578,-0.19296952411517532,1.2883428943352249,-0.6939717776376265,1.322037521257189,-0.00923462131246641,0.0626908134499605,-0.07506355623484498,-1.493858774320184,-0.3132911572787816,-0.7055356592753739
-0.5396389658921921,-0.6681163310797129,0.22215097855665966,1.7907836874180887,-0.35941493924567847,0.5829222017135578,-0.19296952411517532,1.2883428943352249,-0.6939717776376265,1.322037521257189,0.09260502656967654,0.06656643588133669,-0.006253015900618706,-0.6725194892832717,-0.030178668576407684,-0.32982986716658746
-0.4205456960680069,0.11539584643853305,1.0842964616293573,1.1448466040145635,-0.35941493924567847,0.5829222017135578,-0.19296952411517532,1.2883428943352249,-0.6939717776376265,1.322037521257189,0.04912223446761632,-0.01842961362843263,-0.1820282504901703,-0.539774429758022,-0.547830397765449,-0.5074803880647664
-1.2281573614085946,0.737596693291258,0.6851550342808861,1.7907836874180887,-0.35941493924567847,0.5829222017135578,-0.19296952411517532,1.2883428943352249,-0.6939717776376265,1.322037521257189,0.10561639746397443,-0.003904802849056968,-0.17074240352982628,-0.4206572096446915,-1.4211443596646753,-0.5203707439118204
-1.6274735566110847,0.36888508034149486,0.4616358349657424,1.3094972331174228,-0.35941493924567847,0.5829222017135578,-0.19296952411517532,1.2883428943352249,-0.6939717776376265,1.322037521257189,0.032352532426666074,-0.012721991923872755,0.044350189697683465,-1.2284312899809424,-1.8815539982522287,-0.2937334979876246
0.3632912981362414,0.48410745938829575,2.010304573077811,1.8794417184734744,-0.35941493924567847,0.5829222017135578,-0.19296952411517532,1.3570444375488644,-0.6939717776376265,1.322037521257189,-0.044319459168443806,0.013759132900733486,0.05757110290425947,-1.627827789791322,-1.1982668288771658,-1.3944095323409655
1.0723932153482552,1.5211088708095035,2.1539954869232605,1.8794417184734744,-0.35941493924567847,0.5829222017135578,-0.19296952411517532,1.3570444375488644,-0.6939717776376265,1.322037521257189,0.18544744578993994,-0.007251989951903025,-0.05320396074306179,0.36333741834257144,-1.4962625266441119,-1.682443600722394
0.7013925315402111,2.2815765725183894,1.754854059574789,0.2835971594765299,-0.35941493924567847,0.5829222017135578,-0.19296952411517532,1.3570444375488644,-0.6939717776376265,1.322037521257189,0.1226149737015784,0.0945570635458316,0.046408857329183324,1.072581939716649,-0.6742056582423545,-0.3774179770350043
-0.3056510550474022,1.498064395000144,0.1423226930869654,-1.248920234480853,0.5651773150899024,0.5829222017135578,-0.19296952411517532,1.3570444375488644,-0.6939717776376265,1.322037521257189,0.09243155584040512,0.05108733442350849,-0.013769628893266496,0.7015066457004594,-0.5413446227152063,-0.26282868562304074
-0.22596220018619773,1.1063083062410204,1.0204338332536023,1.0435231399512654,0.7192760241458327,0.5829222017135578,-0.19296952411517532,1.3570444375488644,-0.6939717776376265,1.322037521257189,0.075096369608599,0.10756452560019243,0.11319735981943689,-0.3057394627014956,-0.4221233328986763,0.0023678119516247426
-1.0413323775342531,1.0371748788129405,1.2279873754748074,0.6888910157297226,-0.35941493924567847,0.5829222017135578,-0.19296952411517532,1.3570444375488644,-0.6939717776376265,1.322037521257189,0.16048631008987302,0.0343226702899089,0.017220045136364593,-0.226034581988298,-1.2306031450234367,-0.20923367946173496
-1.4445768213383736,0.8067301207193383,1.4195752606020735,1.6261330583152294,6.009998368399435,0.5829222017135578,-0.19296952411517532,1.3570444375488644,-0.6939717776376265,1.322037521257189,0.08276102114857269,-0.04232628771825333,-0.04427070481217197,-1.041568734609992,-1.630348587456509,-0.9269457872658533
0.5741753312339871,1.1523972578597412,1.6590601170111563,1.7654528214022644,-0.35941493924567847,0.5829222017135578,-0.19296952411517532,1.4257459807625041,-0.6939717776376265,1.322037521257189,0.019390618571300484,0.1873715913041537,-0.04112032344516008,-1.4448942730136611,0.36255625137086916,-1.3827652821087655
1.1998973722993265,1.4289309675720632,1.9943389159838718,1.8794417184734744,-0.35941493924567847,0.5829222017135578,-0.19296952411517532,1.4257459807625041,-0.6939717776376265,1.322037521257189,0.41636820671982966,0.12455799517269471,-0.015275605604893085,0.5742638613395187,1.0724204217492221,-1.5019085964533112
1.3274074230967607,1.6363312498563045,1.9464419447020558,2.0187614815605097,-0.35941493924567847,0.5829222017135578,-0.19296952411517532,1.4257459807625041,-0.6939717776376265,1.322037521257189,0.5887023225275689,0.0943836449301553,0.09988559244342154,1.2001117384309425,0.7010209286317087,-0.4036642827658651
1.0533336213031448,1.0602193546223,1.8346823450444834,0.536905819634775,-0.35941493924567847,0.5829222017135578,-0.19296952411517532,1.4257459807625041,-0.6939717776376265,1.322037521257189,0.30052647254934334,0.0770536664868912,0.10995745479205511,1.327647432176883,-0.3071051852258012,-0.2232282630557689
0.9641284147564039,1.6132867740469448,1.6430944599172173,-0.10903126376874978,-0.10258375748579489,0.5829222017135578,-0.19296952411517532,1.4257459807625041,-0.6939717776376265,1.322037521257189,0.20728044837020565,0.1624179543592058,0.1590155585015653,1.0535185126859379,-0.22733066837375243,-0.3843369977085278
0.026145236208638373,1.7745981047124657,1.9304762876081165,0.29626259248444237,-0.25668246654172505,0.5829222017135578,-0.19296952411517532,1.4257459807625041,-0.6939717776376265,1.322037521257189,0.29797167653105033,0.08471601543351893,0.09374978267780786,0.9642953664983323,-1.0435773325628896,-0.2728572878868033
-0.4004653615057193,1.1293527820503808,0.1263570359930263,0.7395527477613714,0.000148715218158527,0.5829222017135578,-0.19296952411517532,1.4944475239761437,-0.6939717776376265,1.322037521257189,0.02929665656707199,0.4182229796598577,0.02298113743441805,-0.8951018836059369,0.5736669754675494,-1.4890494024118606
0.6581773765374715,0.48410745938829575,1.690991431199034,2.082088646600071,-0.3080487028937018,0.5829222017135578,-0.19296952411517532,1.4944475239761437,-0.6939717776376265,1.322037521257189,0.04130093359572451,0.590505323330759,-0.13459661064265507,-0.40057283682046346,1.2000616400239172,-2.116938888682679
2.2740107203173294,1.5902422982375843,2.457342971708098,1.7274565223785274,-0.35941493924567847,0.5829222017135578,-0.19296952411517532,1.4944475239761437,-0.6939717776376265,1.322037521257189,0.409950225895019,0.3024160463416862,-0.006497975459960633,0.6582827999005043,1.3277087584805995,-0.647223855573378
2.487764688228976,2.5120213306119914,2.3136520578626487,1.0688540059670901,-0.35941493924567847,0.5829222017135578,-0.19296952411517532,1.4944475239761437,-0.6939717776376265,1.322037521257189,0.6995378275218767,0.20919803487437155,0.07003941962597984,2.274441096348563,1.0533403394843548,-0.3574689223034053
0.31511352449497976,2.2815765725183894,0.49356714915362,-1.6542140907340452,0.102881187922112,0.5829222017135578,-0.19296952411517532,1.4944475239761437,0.0026285511556547137,1.5149905601101274,0.4178983946657645,0.29986201782812333,0.07060356839128906,2.4882380513185463,0.9640392412900329,-0.32428196593984476
-1.5935850451140425,0.7145522174818975,-0.6399945045160387,-1.7682029878052556,4.9313074050079235,0.5829222017135578,-0.19296952411517532,1.4944475239761437,0.0026285511556547137,1.5149905601101274,0.06173131845758985,0.1589178653422243,0.07447736760468807,0.31514995589512634,0.025047772353444218,-0.04282157210389202
-2.0906215813977167,-0.02287100841762791,-0.5282349048584662,-0.03303866572127628,10.889790821837224,0.5829222017135578,-0.19296952411517532,1.4944475239761437,0.0026285511556547137,1.5149905601101274,-0.10612541753642182,0.0312677124680604,-0.010478697017956734,-1.5939324631346132,-0.896982517174692,-0.5574525593669694
-0.6806459248632788,0.18452927386661375,-0.46437227648271107,-0.856291811235573,1.0274734422576932,0.5829222017135578,-0.19296952411517532,1.5631490671897834,0.0026285511556547137,1.5149905601101274,-0.09405849526683907,0.04326838320512024,0.004039280821266202,-2.0910689561058264,-0.40202141286576776,-1.4256703225084488
-0.5747265067589151,-0.18418233908314896,0.38180754949604817,1.0435231399512654,0.102881187922112,0.5829222017135578,-0.19296952411517532,1.5631490671897834,0.0026285511556547137,1.5149905601101274,0.03674501237713783,0.41180692690703635,-0.004773760363007077,-0.6808097459775396,0.657759319250642,-1.8833932537598204
-0.40384511403009876,0.46106298357893566,0.1423226930869654,1.1321811710066516,-0.35941493924567847,0.5829222017135578,-0.19296952411517532,1.5631490671897834,0.0026285511556547137,1.5149905601101274,0.027108072511551045,0.7013075314302286,0.021694906885121795,-0.5748690269155866,2.2753296123359186,-1.2040933872055906
-0.37777663156194835,0.00017346739173218143,0.23811663565059815,0.6508947167059856,-0.35941493924567847,0.5829222017135578,-0.19296952411517532,1.5631490671897834,0.0026285511556547137,1.5149905601101274,0.0811044417272905,0.41975270791097613,0.000693668343349938,-0.40395326903102763,2.4893133562993617,-1.5003501395634065
-0.8322290227692376,-0.045915484226988004,-0.27278439135544497,1.7527873883943519,6.112730841103388,0.5829222017135578,-0.19296952411517532,1.5631490671897834,0.0026285511556547137,1.5149905601101274,0.18575470284883874,0.06369263042746037,0.10245482757381166,-0.37787954405258584,0.31432668875595815,-0.6830903606097962
-1.5861750067728515,0.25366270129469404,0.41373886368392576,0.5749021186585119,-0.35941493924567847,0.5829222017135578,-0.19296952411517532,1.5631490671897834,0.0026285511556547137,1.5149905601101274,0.06426507016322432,-0.10411367851173205,0.05900554801617203,-0.8324233280496461,-1.5964236473099818,-0.551004631872355
-1.7055099242979654,0.6684632658631773,0.28601360693241484,2.120084945623807,-0.35941493924567847,0.5829222017135578,-0.19296952411517532,1.5631490671897834,0.0026285511556547137,1.5149905601101274,0.028222860343984756,-0.09205038135345142,0.1154561704978715,-1.5865209345953524,-2.093994475864446,-0.43247905449781865
-0.4556332369347289,1.1063083062410204,0.04652875052333206,1.4741478622202824,-0.35941493924567847,0.5829222017135578,-0.19296952411517532,1.631850610403423,0.0026285511556547137,1.5149905601101274,0.013027436981648067,0.03871383066374321,0.0422487705220919,-1.7058798510062478,-0.6825031579242675,-1.2362410056997406
0.0796009492688949,0.9680414513848598,0.9565712048778464,2.107419512615895,-0.35941493924567847,0.5829222017135578,-0.19296952411517532,1.631850610403423,0.0026285511556547137,1.5149905601101274,0.14569889575806602,0.029079785900888017,-0.03436412934040537,-0.4557518068022551,-0.5764698811349009,-1.633653744985926
1.9205379672305452,0.9680414513848598,2.7447247993989983,2.1960775436712807,-0.35941493924567847,0.5829222017135578,-0.19296952411517532,1.631850610403423,0.0026285511556547137,1.5149905601101274,0.20506478076210535,0.08305993367722943,0.1952256923802985,0.07959001783919938,-0.40540479847447625,0.34762155440084497
0.6200397701773612,2.051131814424788,0.4297045207778648,0.8915379438563183,-0.35941493924567847,0.5829222017135578,-0.19296952411517532,1.631850610403423,0.0026285511556547137,1.5149905601101274,0.12073905253860578,0.1876787560577395,0.13244164579338527,1.9208972580136041,-0.3793082935418244,1.053343332625769
-0.003216432915425797,0.5762853626257365,0.9565712048778464,2.2087429766791935,-0.35941493924567847,0.5829222017135578,-0.19296952411517532,1.631850610403423,0.0026285511556547137,1.5149905601101274,0.17991741731141936,0.06622562095043869,0.10228149053985373,0.6201375238651808,-0.8342492009493098,0.6841111306750397
-0.7890647021913891,0.5071519351976562,0.6691893771869476,2.069423213592158,-0.35941493924567847,0.5829222017135578,-0.19296952411517532,1.631850610403423,0.0026285511556547137,1.5149905601101274,0.2085993837782182,0.03019423883185468,0.08495966467822044,-0.0032440193605768356,-1.589005643505645,-0.3181320919506389
-1.0057755391507937,0.9449969755754992,0.6532237200930086,2.006096048552597,-0.35941493924567847,0.5829222017135578,-0.19296952411517532,1.631850610403423,0.0026285511556547137,1.5149905601101274,0.1607203821809585,0.015003380436436694,0.17028379443219038,-0.789250326897655,-1.7084688407836834,-0.23882309702016477
1.3323748304854528,1.2676196369065422,2.010304573077811,0.9421996758879676,-0.35941493924567847,0.5829222017135578,-0.19296952411517532,1.7005521536170627,0.0026285511556547137,1.5149905601101274,0.020740200006119702,0.1476349824213768,0.09261840900840414,-1.0060047455574677,-0.4572485913183699,-1.0503065770423967
1.6212263469407104,1.8667760079499063,2.71279348521112,-0.3243436249032583,-0.35941493924567847,0.5829222017135578,-0.19296952411517532,1.7005521536170627,0.0026285511556547137,1.5149905601101274,0.30362349591686755,0.20698303289098555,0.029296846520018942,1.3326158385375861,0.07856094793855091,-1.4516288397992727
-0.43818708333177425,0.9680414513848598,0.6532237200930086,0.5495712526426875,4.9313074050079235,0.5829222017135578,-0.19296952411517532,1.7005521536170627,0.0026285511556547137,1.5149905601101274,0.21712913847262402,0.12268263756875215,0.4259684807862498,1.6215254445670857,1.921476891689162,0.557500347878268
-0.4716685510642897,0.16148479805725363,0.5254984633414976,2.1834121106633684,-0.35941493924567847,0.5829222017135578,-0.19296952411517532,1.7005521536170627,0.0026285511556547137,1.5149905601101274,-0.00586217826906915,0.18184322414144263,0.5981697772778414,-0.4383021446851428,0.6195807166521928,1.1802397042057038
-0.3268081216673165,0.46106298357893566,1.1641247470990517,1.5121441612440192,-0.35941493924567847,-1.7154947899743744,-0.19296952411517532,1.7005521536170627,0.0026285511556547137,1.5149905601101274,0.05067125380512874,0.21051657405146895,0.3102160267901605,-0.4717903457186616,-0.004345459264974529,1.3071419415372818
-0.8472922206141343,0.7145522174818975,1.563266174447523,0.8282107788167571,-0.35941493924567847,-1.7154947899743744,-0.19296952411517532,1.7005521536170627,0.0026285511556547137,1.5149905601101274,0.017121746278088514,0.16265195613100325,0.21704186808645068,-0.32690078411988643,-0.7910384806378903,1.0343745916376683
-2.0634712097563694,0.9680414513848598,-0.16102479169787312,1.3981552641728086,-0.25668246654172505,-1.7154947899743744,-0.19296952411517532,1.7005521536170627,0.0026285511556547137,1.5149905601101274,0.0034658819875563462,0.022713826414043695,0.3076631997741075,-0.8474895551836401,-1.0079822721524057,0.9455946074590822
-2.635310970630852,0.8067301207193383,0.1582883501809039,1.8161145534339131,-0.35941493924567847,-1.7154947899743744,5.18216544599624,1.7692536968307022,0.0026285511556547137,1.5149905601101274,-0.16489930712453976,0.3055121393100447,0.16678535197013794,-2.0639131243805284,1.3326815056123082,0.012082596502442425
-1.6374474181206293,0.20757374967597383,1.6111631457293396,2.1834121106633684,-0.35941493924567847,-1.7154947899743744,5.18216544599624,1.7692536968307022,0.0026285511556547137,1.5149905601101274,-0.2776701747238409,0.21904376626063982,0.039195249851080194,-2.6358678852683446,1.6218435246591898,-0.9045672115252269
0.5812100052348703,1.3137085885252624,2.2497894294868934,2.0187614815605097,-0.35941493924567847,-1.7154947899743744,-0.19296952411517532,1.7692536968307022,0.0026285511556547137,1.5149905601101274,-0.05319427021635027,-0.003880560048486218,0.051190275084994796,-1.637803657097394,-0.4397836838727003,-0.41249443864687607
0.7245336141924178,2.8576884677523937,1.9783732588899328,-0.14702756279248663,-0.35941493924567847,-1.7154947899743744,-0.19296952411517532,1.7692536968307022,0.0026285511556547137,1.5149905601101274,0.27462045255826084,0.05263588840893012,0.41955544635188663,0.5812999500507093,-0.473301142700675,0.6411019731836765
-0.3899271642068156,1.6132867740469448,0.6372580629990694,-0.6789757491248013,-0.3080487028937018,-1.7154947899743744,-0.19296952411517532,1.7692536968307022,0.0026285511556547137,1.5149905601101274,0.2411870523473945,0.01909645973184015,0.708919860439628,0.7246523821473052,-0.3282849947556274,2.2492329808826734
-1.8054131987262336,0.9219524997661391,0.1423226930869654,-0.13436212978457443,1.7979669875373439,-1.7154947899743744,-0.19296952411517532,1.7692536968307022,0.0026285511556547137,1.5149905601101274,0.11540477218983772,0.005444697898162662,0.42749748940378757,-0.3900325202341075,-0.8493285910649842,2.4619680288012336
-1.853926553244844,0.09235137062917295,0.8448116052202747,2.158081244647544,-0.3080487028937018,-1.7154947899743744,-0.19296952411517532,1.7692536968307022,0.0026285511556547137,1.5149905601101274,-0.16059328748478804,-0.16286991141103943,0.07160491408172329,-1.8058032165136562,-2.0668149187756355,0.2996734340252751
-1.8348301226599564,1.1523972578597412,0.7809489768445195,2.120084945623807,-0.35941493924567847,-1.7154947899743744,5.18216544599624,-1.7345250070649192,0.6992288799489359,1.3220375212571898,-0.14438068794956951,-0.2756069006992394,-0.09612245334947653,-1.854326327325547,-2.6392693820755166,-1.5999267728616384
-1.1483322113502235,1.1063083062410204,0.22215097855665966,1.9047725844892989,-0.35941493924567847,-1.7154947899743744,-0.19296952411517532,-1.7345250070649192,0.6992288799489359,1.3220375212571898,-0.061447922432195504,-0.051198432620052685,-0.08406483115583255,-1.8352260563470348,-1.640333170425595,-2.094594041014004
-1.0675883579898573,0.6915077416725374,0.09442572180514873,1.5881367592914926,-0.35941493924567847,-1.7154947899743744,-0.19296952411517532,-1.7345250070649192,0.6992288799489359,1.3220375212571898,-0.08096774910274912,0.2765178089652393,0.046637865152248645,-1.14859008666089,0.5807092114315315,-0.6913394404685802
-0.554539346231286,0.5762853626257365,0.509532806247559,2.1707466776554565,-0.3080487028937018,-1.7154947899743744,-0.19296952411517532,-1.7345250070649192,0.6992288799489359,1.3220375212571898,-0.09823514228503606,0.24309445272368554,0.03700835255523666,-1.0678299952827288,0.7241868869232221,-0.5859249178467052
0.17556455576819927,0.7145522174818975,1.6430944599172173,2.158081244647544,-0.35941493924567847,-1.7154947899743744,-0.19296952411517532,-1.7345250070649192,0.6992288799489359,1.3220375212571898,-0.005857466051973153,0.11734995972968364,0.09096310632646545,-0.5546778066427479,-0.39147188747133416,-0.41585808060520413
0.9460457257461298,1.659375725665665,3.3993167402504914,2.1327503786317195,-0.35941493924567847,-1.7154947899743744,-0.19296952411517532,-1.7345250070649192,0.6992288799489359,1.3220375212571898,0.09125885310426125,-0.15856518537375855,0.1955327126336626,0.17557292312949738,-1.8084795068088606,-0.38991386108400966
-1.0109344965463163,1.6363312498563045,0.22215097855665966,-0.46366338799029305,-0.35941493924567847,-1.7154947899743744,-0.19296952411517532,-1.7345250070649192,0.6992288799489359,1.3220375212571898,-0.03113506568240373,-0.14235745638270186,0.07413671300414214,0.9462090409632489,-1.857045011035706,-0.8421999737803969
-0.14975108304518034,1.3137085885252624,0.23811663565059815,0.35958975752400363,-0.35941493924567847,-1.7154947899743744,-0.19296952411517532,-1.6658234638512794,0.6992288799489359,1.3220375212571898,0.012118788152892855,-0.05944960529660339,0.03812228121154694,-1.0111647404467252,-1.8379280526334119,-1.5925520566072802
-0.7001641338285978,0.9449969755754992,0.3339105782142315,1.9427688835130357,-0.35941493924567847,-1.7154947899743744,-0.19296952411517532,-1.6658234638512794,0.6992288799489359,1.3220375212571898,0.06799113426772993,-0.07896356787499681,0.022938569086594095,-0.14980813838681556,-1.1506921864629187,-1.7113181297992217
-0.31934872236283,0.46106298357893566,0.828845948126336,1.119515737998739,-0.35941493924567847,-1.7154947899743744,-0.19296952411517532,-1.6658234638512794,0.6992288799489359,1.3220375212571898,-0.022090075104122447,-0.09622577363494153,0.15550777688186185,-0.7003318801583558,-1.0698615370350304,-0.46739934047216775
1.380868661637978,0.898908023956779,2.2497894294868934,1.7654528214022644,-0.35941493924567847,-1.7154947899743744,-0.19296952411517532,-1.6658234638512794,0.6992288799489359,1.3220375212571898,0.005983568651602713,-0.0038758492470214044,0.21482790811154387,-0.31943988469057805,-0.5562610203034677,0.06528349747516707
0.8220557746896141,2.0280873386154274,1.5313348602596453,-1.6415486577261331,-0.10258375748579489,-1.7154947899743744,-0.19296952411517532,-1.6658234638512794,0.6992288799489359,1.3220375212571898,0.06695554197737628,0.09321129449411313,0.13056717041823504,1.3811194220571392,0.17462771106616484,1.8974451577115778
-1.6125315509820457,1.0141304030035798,0.07846006471120964,-0.50165968701403,1.4384033330735069,-1.7154947899743744,-0.19296952411517532,-1.6658234638512794,0.6992288799489359,1.3220375212571898,0.11674327886897404,-0.029145855051117196,0.1896999259400711,0.8221941548689826,0.9459371141896628,0.6031461607335854
-2.1249550782952396,0.25366270129469404,-0.14505913460393405,1.6261330583152294,3.4930527871525756,-1.7154947899743744,-0.19296952411517532,-1.6658234638512794,0.6992288799489359,1.3220375212571898,-0.04972969641943265,0.014095004581441086,0.2183597869801294,-1.612882779245584,-1.0131467751987215,-0.01713911174981578
-0.8454441314136094,0.6915077416725374,0.07846006471120964,0.8155453458088451,-0.35941493924567847,-1.7154947899743744,-0.19296952411517532,-1.59712192063764,0.6992288799489359,1.3220375212571898,-0.10288239247684502,0.06995056568110598,0.17051768612199594,-2.125409357651943,-0.15103762765596712,-0.799241408396964
-0.35294438336865536,0.2997516529134146,1.0363994903475406,2.082088646600071,-0.35941493924567847,-1.7154947899743744,-0.19296952411517532,-1.59712192063764,0.6992288799489359,1.3220375212571898,0.05551569338808861,-0.02010358174380529,0.030645387821360132,-0.8456410943225605,-0.7020423481000783,-1.0149192305933972
0.6204490241342691,0.18452927386661375,1.579231831541462,2.056757780584246,-0.35941493924567847,-1.7154947899743744,-0.19296952411517532,-1.59712192063764,0.6992288799489359,1.3220375212571898,0.10739438149097882,0.007961628205768082,0.31331066325638063,-0.35304230196228054,-0.3208175769271448,1.3120856703446981
2.488923565770308,1.1523972578597412,3.1279005696535305,2.044092347576334,-0.35941493924567847,-1.7154947899743744,-0.19296952411517532,-1.59712192063764,0.6992288799489359,1.3220375212571898,0.1671627612272838,0.0689152845005144,0.22688296772265046,0.6205468601252332,1.3812274654863144,1.599560292663089
3.2567834475778272,2.5120213306119914,3.1757975409353465,2.0187614815605097,-0.35941493924567847,-1.7154947899743744,-0.19296952411517532,-1.59712192063764,0.6992288799489359,1.3220375212571898,9.082441343764623,0.11868806429835782,0.0040635122172405025,2.4893971619163078,0.8218138794252724,-0.45003634899659806
0.2917683674124135,2.0050428628060675,0.6691893771869476,0.7015564487376345,-0.35941493924567847,-1.7154947899743744,-0.19296952411517532,-1.59712192063764,0.6992288799489359,1.3220375212571898,4.563483654869197,-0.04773489964078082,0.060553373511779474,3.257411464424673,-1.6153905198329586,-0.483358217647965
0.47449049748658395,2.1663541934715886,1.2439530325687458,0.030288499318285013,-0.35941493924567847,-1.7154947899743744,-0.19296952411517532,-1.59712192063764,0.6992288799489359,1.3220375212571898,0.11757945725899237,-0.10087162771274415,0.02702972286528751,0.29180010397746914,-2.1283648797510573,-0.3391883073050319
1.2591253711423653,2.051131814424788,0.5574297775293752,1.600802192299405,-0.35941493924567847,-1.7154947899743744,-0.19296952411517532,-1.5284203774240002,0.6992288799489359,1.3220375212571898,0.339342012517651,0.057478872638793956,0.013384383261338567,0.47455898044255634,-0.8474785152503908,-0.8571913685444248
0.5488465264845223,1.4750199191907833,0.509532806247559,1.7274565223785274,-0.35941493924567847,-1.7154947899743744,-0.19296952411517532,-1.5284203774240002,0.6992288799489359,1.3220375212571898,0.286466251524783,0.1093419754901694,-0.1548510454189584,1.2593516483391483,-0.35444935178114256,-2.067573089456669
0.5919670115800435,0.737596693291258,0.4616358349657424,1.6261330583152294,-0.35941493924567847,-1.7154947899743744,-0.19296952411517532,-1.5284203774240002,0.6992288799489359,1.3220375212571898,0.18400497985310582,0.16909239977569324,-0.2675349995859092,0.5489299628328805,0.6199904105389851,-2.636687011036147
1.3541478040504114,1.2676196369065422,0.9885025190657246,1.702125656362703,-0.35941493924567847,-1.7154947899743744,-0.19296952411517532,-1.5284203774240002,0.6992288799489359,1.3220375212571898,0.19246965287020643,9.081692679061465,-0.04323210049866609,0.5920591196869961,2.490473479582743,-1.6435800632053992
0.5698426174256296,1.7976425805218255,1.2758843467566234,0.6635601497138977,-0.35941493924567847,-1.7154947899743744,5.18216544599624,-1.5284203774240002,0.6992288799489359,1.3220375212571898,0.6107767530561001,4.564092562894677,0.2843299727811077,1.3543931907631794,3.2591587767671006,0.5645014890748042
1.3445242580341288,2.2124431450903086,2.042235887265689,1.6261330583152294,0.5138110787379256,-1.7154947899743744,-0.19296952411517532,-1.5284203774240002,0.6992288799489359,1.3220375212571898,0.09613252854657393,0.11952399148598464,0.25092233996592905,0.5699302761994004,0.29095643666310783,0.707141904676575
2.8417163163328443,2.5581102822307114,2.8245530848686924,1.7527873883943519,-0.35941493924567847,-1.7154947899743744,-0.19296952411517532,-1.5284203774240002,0.6992288799489359,1.3220375212571898,0.204125266530668,0.341219925453191,0.12523700124307144,1.344767709400676,0.47387498493729796,-0.40200647470749235
2.9154538598279562,3.7333785485080804,2.090132858547505,-0.9322844092830466,-0.35941493924567847,-1.7154947899743744,-0.19296952411517532,-1.4597188342103606,0.6992288799489359,1.3220375212571898,1.6945356612204459,0.2883600492497085,-0.15054834446385126,2.8422608609748994,1.2593533063434619,-1.8107451864305324
-0.414421621330369,0.9219524997661391,0.09442572180514873,-0.07103496474501314,9.605634913037806,-1.7154947899743744,-0.19296952411517532,-1.4597188342103606,0.6992288799489359,1.3220375212571898,0.2264447561839552,0.18592955870893343,-0.13434824011203358,2.916013233481677,0.5483109433743822,-1.859027288040326
-0.909165083013035,0.6915077416725374,-0.20892176297968923,0.6255638506901612,-0.35941493924567847,0.5829222017135578,-0.19296952411517532,-1.4597188342103606,0.6992288799489359,1.3220375212571898,-0.007172824403166171,0.194391688792456,-0.051479391557070785,-0.41453190332309486,0.5914777810822718,-1.8400218861044484
-0.804178734461178,0.11539584643853305,0.3339105782142315,1.8034491204260008,-0.3080487028937018,0.5829222017135578,-0.19296952411517532,-1.4597188342103606,1.2091757131948027,0.7948800156361522,-0.11446587038658335,0.6125731223201281,-0.07098417413715194,-0.9093748605438171,1.3544778841598761,-1.1567963652625017
-0.5833709375479709,0.4149740319602155,0.2700479498384763,1.7401219553864395,-0.35941493924567847,0.5829222017135578,-0.19296952411517532,-1.4597188342103606,1.2091757131948027,0.7948800156361522,-0.0566725680395647,0.09808350580037405,-0.08823825919792519,-0.804367398679614,0.5693296041836737,-1.076437400787762
-1.1726830059686557,0.9680414513848598,1.2279873754748074,1.5248095942519313,-0.35941493924567847,0.5829222017135578,-0.19296952411517532,-1.4597188342103606,1.2091757131948027,0.7948800156361522,0.007928141244457006,0.2060438009058064,0.0040682208025921455,-0.5835151961455903,1.3448439932576974,-0.5658339852472226
-1.0902715624526664,0.7145522174818975,0.8448116052202747,1.7527873883943519,-0.35941493924567847,0.5829222017135578,-0.19296952411517532,-1.4597188342103606,1.2091757131948027,0.7948800156361522,0.0566281817515201,1.6960064506407504,0.10110969161532446,-1.1729457783534634,2.843645466732645,0.16078966574197398
0.41266110220462426,1.2445751610971816,0.8448116052202747,1.1828429030383003,-0.35941493924567847,0.5829222017135578,-0.19296952411517532,-1.391017290996721,1.2091757131948027,0.7948800156361522,0.15627367131115572,0.22835658539994932,-0.021189897174533564,-1.0905177614584411,2.9174622748223697,0.9275981148059627
1.2284994719732196,1.4058864917627028,1.5153692031657062,1.6387984913231417,-0.35941493924567847,0.5829222017135578,-0.19296952411517532,-1.391017290996721,1.2091757131948027,0.7948800156361522,0.1957013960957981,-0.005190812441908722,0.022030620560941884,0.41271715094078837,-0.4159926750518318,-1.0200535963292414
2.8321848616659935,1.6363312498563045,2.71279348521112,1.5754713262835804,-0.35941493924567847,0.5829222017135578,-0.19296952411517532,-1.391017290996721,1.2091757131948027,0.7948800156361522,0.1989100014274556,-0.11245162574619337,0.07785990540048965,1.2287195901390051,-0.9112679640516145,-0.16297526216910482
2.107661327077062,2.0741762902341483,1.132193432911174,0.14427739638949538,-0.35941493924567847,0.5829222017135578,-0.19296952411517532,-1.391017290996721,1.2091757131948027,0.7948800156361522,4.376213332746593,-0.05467568550268745,-0.012151877644657517,2.8327274894818872,-0.8061687598232129,-0.7107646102564827
1.1962413457266348,2.0280873386154274,0.7170863484687637,0.32159345850026677,-0.35941493924567847,0.5829222017135578,-0.19296952411517532,-1.391017290996721,1.2091757131948027,0.7948800156361522,0.21837348666674058,0.009905616615520283,0.01590012952362858,2.108058249361723,-0.5851236043043329,-0.33176446538065874
-0.20266824589392177,1.6363312498563045,1.579231831541462,-1.0209424403384324,-0.35941493924567847,0.5829222017135578,-0.19296952411517532,-1.391017290996721,1.2091757131948027,0.7948800156361522,0.2750323498218613,0.0585910267915585,0.07682511124960577,1.1964549766118875,-1.1750691571074625,1.360348341652167
-1.5047301540605658,0.898908023956779,0.1263570359930263,0.4862440876031262,-0.35941493924567847,0.5829222017135578,-0.19296952411517532,-1.391017290996721,1.2091757131948027,0.7948800156361522,0.03256610572441557,0.15820658112974018,0.12657447632413477,-0.20273594315808416,-1.0925691249383647,0.8041991976437302
-0.3429911503213817,1.0832638304316606,0.509532806247559,0.9548651088958796,-0.35941493924567847,0.5829222017135578,-0.19296952411517532,-1.3223157477830814,1.2091757131948027,0.7948800156361522,-0.10599288617413248,0.19762246114671603,-0.039770196877182355,-1.505059702890578,0.41197912579283485,-1.618782964740074
0.29601856737168664,0.46106298357893566,1.3716782893202568,1.4361515631965456,-0.35941493924567847,0.5829222017135578,-0.19296952411517532,-1.3223157477830814,1.2091757131948027,0.7948800156361522,0.11010189884006591,0.20083010255806377,-0.09288192771590509,-0.34308706726697286,1.2286944856886353,-2.128763877387405
-0.41221658605942296,1.3597975401439826,0.4616358349657424,1.0308577069433533,-0.35941493924567847,0.5829222017135578,-0.19296952411517532,-1.3223157477830814,1.2091757131948027,0.7948800156361522,0.1617969130064378,4.3768785000025625,0.06539407944542962,0.29605115867452964,2.8341037661740214,-0.8553520887945679
-0.2655522713096578,0.43801850776957557,0.6053267488111919,0.4735786545952138,-0.35941493924567847,0.5829222017135578,-0.19296952411517532,-1.3223157477830814,1.2091757131948027,0.7948800156361522,-0.059610975045815785,0.220287740631125,0.11723278421800729,-0.4123264246078434,2.1088014008628444,-0.36519998297013384
-0.45149502005637715,0.9449969755754992,0.28601360693241484,1.2841663671015986,-0.35941493924567847,0.5829222017135578,-0.19296952411517532,-1.3223157477830814,1.2091757131948027,0.7948800156361522,0.029884872445019795,0.2769295824878069,0.1769550999739644,-0.2656326148853502,1.1964016833845263,0.6035534638633671
-1.1098686016130996,0.18452927386661375,0.7809489768445195,1.1955083360462129,-0.35941493924567847,0.5829222017135578,-0.19296952411517532,-1.3223157477830814,1.2091757131948027,0.7948800156361522,0.05918532797690178,0.03453617942656095,9.085362604204795,-0.4516127577065083,-0.20401167411192503,2.4631213822182283
-1.1625021231055723,0.46106298357893566,0.5733954346233142,0.7395527477613714,-0.35941493924567847,0.5829222017135578,-0.19296952411517532,-1.3223157477830814,1.2091757131948027,0.7948800156361522,0.026435319517644957,-0.1039811869641468,4.569887713054468,-1.1101187416875424,-1.5074732411825695,3.2273210382385655
-0.570840251812626,1.382842015953343,0.796914633938458,0.7902144797930202,-0.1539499938377716,0.5829222017135578,-0.19296952411517532,-1.2536142045694416,1.2091757131948027,0.7948800156361522,-0.01710796304088001,0.11204867945440793,0.12741001026461146,-1.1627628480607588,-0.34448541944901095,0.2764395583730634
-0.06109916132586332,0.5762853626257365,1.4515065747899512,1.3728243981569843,-0.35941493924567847,0.5829222017135578,-0.19296952411517532,-1.2536142045694416,1.2091757131948027,0.7948800156361522,-0.03847348744008971,0.16372816354807937,0.3490016513035374,-0.5709819904227853,0.2952112053991645,0.4582906906672587
0.26645356054806557,1.0141304030035798,1.4195752606020735,0.1696082624053198,-0.35941493924567847,0.5829222017135578,-0.19296952411517532,-1.2536142045694416,1.2091757131948027,0.7948800156361522,-0.005356778664533046,-0.0576132097608599,0.29616664209323396,-0.06113838829515141,-0.4137852694655948,1.2391853756947233
0.938768298948131,2.0050428628060675,1.690991431199034,0.27093172646861796,-0.35941493924567847,0.5829222017135578,-0.19296952411517532,-1.2536142045694416,1.2091757131948027,0.7948800156361522,0.04087371984938248,0.03185575163582647,0.19378433816378973,0.26648020617099694,-0.2669632970708658,0.5322922801883877
1.1392533768673287,2.2124431450903086,2.090132858547505,-0.15969299580039883,-0.3080487028937018,0.5829222017135578,-0.19296952411517532,-1.2536142045694416,1.2091757131948027,0.7948800156361522,0.07535126155107588,0.06114740480616731,0.20224248738798797,0.9389301506360658,-0.4531059260400887,0.575207219043974
-0.12069699902824724,2.5581102822307114,1.786785373762667,-1.248920234480853,-0.25668246654172505,0.5829222017135578,-0.19296952411517532,-1.2536142045694416,1.2091757131948027,0.7948800156361522,0.05017133081938098,0.028407235013569447,0.6202271948617597,1.1394555471693428,-1.1121872300482591,1.3337548567458861
-1.8093845460794056,1.0602193546223,-0.09716216332211737,-0.5903177180694156,-0.35941493924567847,0.5829222017135578,-0.19296952411517532,-1.2536142045694416,1.2091757131948027,0.7948800156361522,-0.03531800318187372,-0.015122966392843362,0.10597961087601088,-0.12074821143926107,-1.1648773302460482,0.5531882872010162
-0.21456165949115732,0.6223743142444571,0.9725368619717856,1.220839202062037,-0.35941493924567847,0.5829222017135578,-0.19296952411517532,-1.184912661355802,1.2091757131948027,0.7948800156361522,-0.18851345896024116,-0.0364820722205031,0.21388911797142846,-1.8097753625258752,-0.572579448636604,1.3241771841397498
0.5178902035536022,0.7606411691006181,1.7388884024808504,1.1828429030383003,-0.35941493924567847,0.5829222017135578,-0.19296952411517532,-1.184912661355802,1.2091757131948027,0.7948800156361522,-0.0213822268856224,-0.003375312274696809,1.703150841149044,-0.21463174858396797,-0.06229040904576271,2.8142324442934066
0.1867949116494803,1.9359094353779869,1.6750257741050947,0.6255638506901612,-0.35941493924567847,0.5829222017135578,-0.19296952411517532,-1.184912661355802,1.2091757131948027,0.7948800156361522,-0.04684709150009914,0.04284129780114635,0.2361914058110259,0.5179674144209894,0.2656144175021644,2.887618496501398
-0.2592152813721179,1.0602193546223,0.014597436335454472,0.3849206235398281,-0.1539499938377716,0.5829222017135578,-0.19296952411517532,-1.184912661355802,1.3958292087422168,0.07476947116217694,-0.0833365223207395,0.07730848185543807,0.002753876208865985,0.18680553749499804,0.9386518644800558,-0.42638417193027384
-0.06662869431152701,0.6684632658631773,0.38180754949604817,0.6255638506901612,-0.25668246654172505,0.5829222017135578,-0.19296952411517532,-1.184912661355802,1.3958292087422168,0.07476947116217694,-0.006954512918002299,0.05213611560865843,-0.10445647814423689,-0.25929435054547395,1.1393524549817728,-0.9187692960836658
-0.7196687132741948,0.5301964110070163,1.9624076017959948,0.9042033768642308,-0.35941493924567847,0.5829222017135578,-0.19296952411517532,-1.184912661355802,1.3958292087422168,0.07476947116217694,0.09959978949277712,-0.03332753592411138,-0.046707717569227036,-0.06666903329926956,-0.12195231178505166,-0.8142833952689232
-1.4388730515195747,0.9680414513848598,0.09442572180514873,0.9548651088958796,-0.35941493924567847,0.5829222017135578,-0.19296952411517532,-1.184912661355802,1.3958292087422168,0.07476947116217694,0.00929129425180247,-0.18647696914877643,0.017843203418440576,-0.719840382078481,-1.8124551231846104,-0.5945281424609897
-0.6142440098990104,0.7606411691006181,0.1103913788990878,0.24560086045279353,-0.35941493924567847,0.5829222017135578,-0.19296952411517532,-1.1162111181421623,1.3958292087422168,0.07476947116217694,-0.05517174473816962,-0.01939594617510274,0.0665057104049573,-1.4391893561364553,-0.21591787260221057,-1.1810310847889642
-0.5167358472869289,0.20757374967597383,1.148159090005113,1.0055268409275289,-0.35941493924567847,0.5829222017135578,-0.19296952411517532,-1.1162111181421623,1.3958292087422168,0.07476947116217694,-0.07110486134579583,-0.04485316070561785,0.16607440236872237,-0.6143944772354671,0.5173213437668666,-1.0990124792084666
0.13650051043273298,0.6454187900538172,1.2918500038505625,0.9801959749117041,-0.35941493924567847,0.5829222017135578,-0.19296952411517532,-1.1162111181421623,1.3958292087422168,0.07476947116217694,-0.14549552347087147,-0.08133162947271047,0.20547173988257622,-0.5168667052139535,0.18587013908280728,0.39675602304639807
0.5796507145061833,0.7606411691006181,1.6111631457293396,0.9421996758879676,-0.35941493924567847,0.5829222017135578,-0.19296952411517532,-1.1162111181421623,1.3958292087422168,0.07476947116217694,-0.049801991928305006,-0.0049725665412754,0.2086778723157949,0.13650102180701898,-0.26061949514970595,1.2087054637148427
0.5113480340895139,0.6915077416725374,1.3397469751323792,0.9168688098721428,-0.35941493924567847,0.5829222017135578,-0.19296952411517532,-1.1162111181421623,1.3958292087422168,0.07476947116217694,0.12135049647918786,0.10154972512166553,4.382761721704691,0.5797403457403743,-0.06782588603457235,2.8047464240567006
-0.034318996909256945,0.6223743142444571,2.345583372050527,0.8788725108484063,-0.35941493924567847,0.5829222017135578,-0.19296952411517532,-1.1162111181421623,1.3958292087422168,0.07476947116217694,0.15827104590973357,0.011268360108222077,0.22812635688741048,0.5114239292918721,-0.7215678941050367,2.083676540045893
-1.2066569782379737,1.2445751610971816,0.38180754949604817,-0.045704098729188486,-0.35941493924567847,0.5829222017135578,-0.19296952411517532,-1.1162111181421623,1.3958292087422168,0.07476947116217694,0.10057908373538697,-0.05317531307446374,0.2847415525921097,-0.03435283824523357,-1.4415453451720937,1.1766011051390677
-1.7182332651363386,1.175441733669101,0.07846006471120964,-0.5649868520535912,-0.35941493924567847,0.5829222017135578,5.18216544599624,-1.0475095749285228,1.3958292087422168,0.07476947116217694,-0.04269211383825017,-0.06910364309941362,0.04246217921714958,-1.206926582969063,-0.6160298638412803,-0.21564018008536256
-0.6041994222330949,0.6915077416725374,0.014597436335454472,0.5242403866268631,0.20561366062606548,0.5829222017135578,-0.19296952411517532,-1.0475095749285228,1.3958292087422168,0.07476947116217694,-0.12864658656203498,-0.14347195698821022,-0.09599002413019482,-1.7186057505760455,-0.5184168842714514,-1.511495434296391
-0.49135252445859945,0.2767071771040545,0.1423226930869654,0.3849206235398281,-0.35941493924567847,0.5829222017135578,-0.19296952411517532,-1.0475095749285228,1.3958292087422168,0.07476947116217694,-0.01905711564034675,-0.04780717343083702,0.11993821486127249,-0.6043478695496185,0.13552167361147816,-0.35529419488141134
-0.3550632211365275,0.8528190723380589,0.06249440761727114,-0.09636583076083756,-0.35941493924567847,0.5829222017135578,-0.19296952411517532,-1.0475095749285228,1.3958292087422168,0.07476947116217694,0.14309910799487496,0.12329389782104237,0.1715933872563408,-0.49147827766457564,0.579148244534347,0.28066949852731193
-0.33744982964299075,0.20757374967597383,0.6372580629990694,0.04295393232619722,-0.35941493924567847,0.5829222017135578,-0.19296952411517532,-1.0475095749285228,1.3958292087422168,0.07476947116217694,0.1785172305454329,0.1602033556825839,-0.04964385992110424,-0.35516156583968234,0.5107721417602514,-0.4241896475964812
-0.7477517861026495,0.875863548147419,1.8506480021384224,0.05561936533410944,-0.35941493924567847,0.5829222017135578,-0.19296952411517532,-1.0475095749285228,1.3958292087422168,0.07476947116217694,0.10544526115288932,0.1025287251674166,0.03978301238622765,-0.3375446321995598,-0.035481457138069154,-0.2782244506410235
-1.738832626544055,2.535065806421352,0.4297045207778648,-0.15969299580039883,-0.35941493924567847,0.5829222017135578,-0.19296952411517532,-1.0475095749285228,1.3958292087422168,0.07476947116217694,-0.0340380518826255,-0.04069943127062785,0.06906088581677515,-0.7479291025620495,-1.2090796498928118,-0.4632808495991589
-0.6812378880574652,0.36888508034149486,1.2120217183808684,0.3975860565477405,-0.35941493924567847,0.5829222017135578,-0.19296952411517532,-0.9788080317148832,1.3958292087422168,0.07476947116217694,-0.13330114030467657,-0.12662808179024354,0.036336118057579365,-1.739209254624758,-1.7212058586501466,-1.1185161034246023
-0.7419212985870247,0.875863548147419,-0.1929561058857507,-0.653644883108977,-0.3080487028937018,0.5829222017135578,-0.19296952411517532,-0.9788080317148832,1.3958292087422168,0.07476947116217694,-0.018453061083301747,-0.017071533433295136,-0.007173605336034234,-0.6814018282186687,-0.6059744786883363,-1.1708987320429955
-0.7080276299744167,-0.0920044358457086,0.7490176626566418,0.4609132215873018,-0.35941493924567847,0.5829222017135578,-0.19296952411517532,-0.9788080317148832,1.3958292087422168,0.07476947116217694,-0.05391785454632149,0.14503597567921106,-0.028522663150397757,-0.7420974425044158,-0.49300627549489867,-0.5820571878564751
-0.4305608145021006,0.16148479805725363,1.2279873754748074,0.5495712526426875,-0.35941493924567847,0.5829222017135578,-0.19296952411517532,-0.9788080317148832,1.3958292087422168,0.07476947116217694,-0.06642344951843632,0.18044345801567885,0.004568522306157246,-0.7081969576950178,-0.3565704672058061,-0.07474592542609423
-0.11540064133936041,0.8297745965286983,1.4355409176960119,0.5242403866268631,-0.35941493924567847,0.5829222017135578,-0.19296952411517532,-0.9788080317148832,1.3958292087422168,0.07476947116217694,-0.017567347426040904,0.10739344070140298,0.05076339059579012,-0.4306743421722992,-0.33893814209622625,0.2512454218433399
-0.6300535160397551,1.981998386996707,0.6053267488111919,-1.1729276364333794,-0.35941493924567847,0.5829222017135578,-0.19296952411517532,-0.9788080317148832,1.3958292087422168,0.07476947116217694,-0.006642631216378382,-0.03204796914428058,0.08521436017338721,-0.11545078862471053,-0.7496811549934366,0.9203553779635943
-1.6168440046935348,1.4289309675720632,0.796914633938458,-0.38767078994281956,2.9793904236328084,0.5829222017135578,-0.19296952411517532,-0.9788080317148832,1.3958292087422168,0.07476947116217694,-0.06025206644966524,-0.13128123722476628,0.060053835820776065,-0.6302071627518716,-1.7418273634593637,1.1198847858842274
-0.6171224171170492,-0.20722681489250946,-0.30471570554332256,-0.3496744909190827,0.9761072059057163,0.5829222017135578,-0.19296952411517532,-0.9101064885012435,1.3958292087422168,0.07476947116217694,-0.31497121538468764,-0.016467660344643885,-0.025369610849773714,-1.6171961002144208,-0.6830957574526793,-0.13405967283077297
-0.2987699894173833,-0.4607160487954713,0.3498762353081706,-0.08370039775292534,-0.05121752113381818,0.5829222017135578,-0.19296952411517532,-0.9101064885012435,1.3958292087422168,0.07476947116217694,-0.06937682625339263,-0.05192179957282746,-0.17844699763421015,-0.6172734633164866,-0.7438443999618706,-1.814697603210124
-0.22991218234630273,-0.06895996003634809,1.579231831541462,0.3975860565477405,-0.35941493924567847,0.5829222017135578,-0.19296952411517532,-0.9101064885012435,1.3958292087422168,0.07476947116217694,-0.11967402865333729,-0.06442363764880421,-0.011444574970583637,-0.29885701325262864,-0.7099142971561068,-0.2274769002933775
-0.3247106490925157,1.1293527820503808,0.22215097855665966,-0.058369531737100924,-0.35941493924567847,-1.7154947899743744,-0.19296952411517532,-0.9101064885012435,1.3958292087422168,0.07476947116217694,-0.05908460698227968,-0.015582212771022074,-0.03688981360509678,-0.22998535851079638,-0.43214921714167887,0.5014835195069777
-1.7530043801263913,0.13844032224789315,0.4616358349657424,-0.045704098729188486,-0.35941493924567847,-1.7154947899743744,5.18216544599624,-0.9101064885012435,1.3958292087422168,0.07476947116217694,-0.0008217525716841873,-0.004660778534286802,-0.0733511217221999,-0.3248028897322098,-0.11665026074613935,0.17196648889004446
-1.5601801973842537,0.36888508034149486,0.31794492112029243,0.2582662934607055,-0.35941493924567847,-1.7154947899743744,5.18216544599624,-0.9101064885012435,1.3958292087422168,0.07476947116217694,-0.0804444928262519,-0.05825410856980886,0.002972019439578145,-1.7533838582220151,-0.6318563645011788,-0.27191766779533993
-1.6243207171717178,0.3227961287227747,1.1641247470990517,-0.46366338799029305,-0.35941493924567847,-1.7154947899743744,5.18216544599624,-0.9101064885012435,1.2091757131948029,-0.645341073311798,0.015578716739417988,-0.3128967354849624,0.1094441995757722,-1.5605208975125107,-1.6197076092412586,-0.08024910029655395
-1.6654877605629488,0.7606411691006181,0.07846006471120964,-0.03303866572127628,-0.35941493924567847,-1.7154947899743744,5.18216544599624,-0.8414049452876039,1.2091757131948029,-0.645341073311798,-0.04417665955438807,-0.06737612713851752,0.01920530583258578,-1.624674316299197,-0.6189113652196403,-0.7301762154937035
-0.5513091500583898,0.4149740319602155,-0.09716216332211737,-0.09636583076083756,-0.35941493924567847,-1.7154947899743744,-0.19296952411517532,-0.8414049452876039,1.2091757131948029,-0.645341073311798,-0.13701758719884516,-0.11765821939249362,-0.0452080509646567,-1.6658496386015196,-0.30021672275488126,-1.4459522586458404
-0.36026896093756644,0.3919295561508554,0.030563093429393548,0.24560086045279353,-0.35941493924567847,-1.7154947899743744,-0.19296952411517532,-0.8414049452876039,1.2091757131948029,-0.645341073311798,0.005167940000221203,-0.05708699982735675,-0.06112888778866603,-0.5514469608602436,-0.23128489658979867,-0.6252540494004403
-0.244080252274658,0.3919295561508554,-0.27278439135544497,-0.7169720481485382,-0.35941493924567847,-1.7154947899743744,-0.19296952411517532,-0.8414049452876039,1.2091757131948029,-0.645341073311798,0.08519867748813069,0.0011583514181980864,-0.13546221642045791,-0.36036835254264643,-0.32618526749067184,-0.5282106875934397
-0.3599403790027707,0.5071519351976562,0.1263570359930263,0.0176230663103728,-0.35941493924567847,-1.7154947899743744,-0.19296952411517532,-0.8414049452876039,1.2091757131948029,-0.645341073311798,0.05963984960902549,-0.07844046879369813,-0.039842436667313214,-0.24415627771327028,-1.7560143510493629,0.12191183045534103
-1.0996619331721722,-0.4146270971767507,0.19021966436878207,0.1696082624053198,-0.35941493924567847,-1.7154947899743744,-0.19296952411517532,-0.8414049452876039,1.2091757131948029,-0.645341073311798,0.04996816730459949,0.017553893745821673,0.13117814311395842,-0.3600397045282783,-1.5629828908478445,0.5629496311555009
-1.4950881897743933,0.04626241901045278,1.5153692031657062,0.004957633302460363,-0.35941493924567847,-1.7154947899743744,-0.19296952411517532,-0.8414049452876039,1.2091757131948029,-0.645341073311798,0.0436184587590442,-0.04218353100366138,0.16807023757431916,-1.099910020631377,-1.6271923588543329,0.4949725351821888
-0.1592655929037295,0.9910859271942198,0.8448116052202747,-0.13436212978457443,-0.35941493924567847,-1.7154947899743744,-0.19296952411517532,-0.7727034020739643,1.2091757131948029,-0.645341073311798,-0.1705254130924579,-0.13499656763427223,0.11042273906827932,-1.495415799554173,-1.6684036549945864,-0.048093416393894584
0.11480452523591085,0.737596693291258,1.3397469751323792,-1.1096004713938181,-0.35941493924567847,-1.7154947899743744,-0.19296952411517532,-0.7727034020739643,1.2091757131948029,-0.645341073311798,0.0982110271721795,0.007146244583282623,-0.03273803821860152,-0.15932456166383518,-0.5530273518126988,-1.214843110312086
0.0795876881145731,1.498064395000144,1.1002621187232964,-0.4763288209982053,-0.35941493924567847,-1.7154947899743744,-0.19296952411517532,-0.7727034020739643,1.2091757131948029,-0.645341073311798,-0.02517263094112651,0.08715293945912399,-0.11862626512545395,0.11480067343233194,-0.361781802946653,-1.7239808211606014
-0.07279513106990407,0.9910859271942198,0.9725368619717856,-0.9196189762751342,-0.35941493924567847,-1.7154947899743744,-0.19296952411517532,-0.7727034020739643,1.2091757131948029,-0.645341073311798,-0.035556644975676975,0.06160178989216361,-0.009121255707610026,0.07957675401798901,-0.2454681965660521,-0.6152573421612373
-0.5344947431125783,0.06930689481981286,0.8767429194081522,-0.03303866572127628,-0.35941493924567847,-1.7154947899743744,-0.19296952411517532,-0.7727034020739643,1.2091757131948029,-0.645341073311798,-0.014080343605395644,0.05193301312769626,0.15290999279641748,-0.07283671016083276,-0.361452867800825,-0.5029483617008558
-1.158833940474752,0.43801850776957557,-0.6878914757978547,-1.4642325956153615,-0.35941493924567847,-1.7154947899743744,-0.19296952411517532,-0.7727034020739643,1.2091757131948029,-0.645341073311798,-0.07795166495953658,0.04558521214396158,0.18830081830950635,-0.5346291724478828,-1.101969589890646,-0.3673087206861338
-1.2333848347680976,-0.4376715729861112,-0.20892176297968923,-1.2362548014729406,2.773925478224901,-1.7154947899743744,-0.19296952411517532,-0.7727034020739643,1.2091757131948029,-0.645341073311798,-0.33517614778322113,-0.1684943271998153,0.11528516608294462,-1.1590939277389274,-1.4978209122116763,-0.34977928850766454
-0.38089521301932244,0.3458406045321348,0.09442572180514873,-0.9576152752988711,0.41107860603397234,-1.7154947899743744,-0.19296952411517532,-0.7040018588603246,1.2091757131948029,-0.645341073311798,-0.3838474215291041,0.1001613800091904,-0.024090646019487096,-1.2336598146131046,-0.16056236519137038,-0.7581254222486917
0.016807910106405928,0.36888508034149486,-0.6080631903281605,-0.7296374811564504,-0.20531623018974834,0.5829222017135578,-0.19296952411517532,-0.7040018588603246,1.2091757131948029,-0.645341073311798,-0.08118300436950242,-0.023185211527938995,-0.12327723156535995,-0.38099875267325584,0.11380236619113399,-1.7444819897656851
-0.005881924933557188,-1.244228226313717,-0.16102479169787312,-0.058369531737100924,-0.35941493924567847,0.5829222017135578,-0.19296952411517532,-0.7040018588603246,1.2091757131948029,-0.645341073311798,0.056767831381993115,-0.033566106025809186,-0.008517666700365224,0.016784350662999197,0.07854767252907535,-0.6919285818993176
-0.030631659277753964,-0.13809338746442879,0.3019792640263539,-0.21035472783204792,-0.35941493924567847,0.5829222017135578,-0.19296952411517532,-0.7040018588603246,1.2091757131948029,-0.645341073311798,0.027405607832272538,-0.012096256506388058,-0.043955127156260994,-0.005910047423311276,-0.07399895143945283,-0.7523227274349156
-0.18717553399524656,-0.6220273794609924,-0.033299534946362196,-0.12169669677666221,-0.35941493924567847,0.5829222017135578,-0.19296952411517532,-0.7040018588603246,1.2091757131948029,-0.645341073311798,0.11298733460586358,-0.07594838981541284,-0.05645108396378821,-0.030664759070546988,-0.5361948701238589,-0.7185906227779423
-0.9861475572969505,0.06930689481981286,0.38180754949604817,-0.4256670889665562,-0.35941493924567847,0.5829222017135578,-0.19296952411517532,-0.7040018588603246,1.2091757131948029,-0.645341073311798,0.13065043516362812,-0.3330955979737741,-0.007632635669882653,-0.18724011559275403,-1.1612052044813044,-0.4424464329788002
-1.2673731732879305,-0.0920044358457086,-0.0013682207584846068,-0.261016459863697,-0.35941493924567847,0.5829222017135578,-0.19296952411517532,-0.7040018588603246,1.2091757131948029,-0.645341073311798,-0.04038640784581328,-0.38175225003066277,0.003283660771417272,-0.9863728164122163,-1.2358362376853609,-0.1287885617597266
-0.22578906844925575,0.06930689481981286,1.0363994903475406,-0.21035472783204792,-0.35941493924567847,0.5829222017135578,-0.19296952411517532,-0.635300315646685,1.2091757131948029,-0.645341073311798,-0.02529635900208929,-0.07917875847536023,-0.050284457230551964,-1.2676549883683486,-0.3824302273361936,-0.6409881949663849
-0.2373796856895398,0.48410745938829575,0.6691893771869476,-1.198258502449204,-0.35941493924567847,0.5829222017135578,-0.19296952411517532,-0.635300315646685,1.2091757131948029,-0.645341073311798,-0.05403204860767721,0.05873063446887706,-0.3048072920288598,-0.2258614154336441,0.01570040903905114,-1.6230748618960575
-1.0468766451358267,0.9449969755754992,-0.04926519204030071,-0.8816226772513975,-0.20531623018974834,0.5829222017135578,5.18216544599624,-0.635300315646685,1.2091757131948029,-0.645341073311798,0.06927126333221113,0.02937723183687413,-0.05940218450707798,-0.23745436360862066,-0.007013816569013848,-0.6281187358595554
-0.2392314585440424,0.06930689481981286,-0.46437227648271107,-0.856291811235573,-0.35941493924567847,0.5829222017135578,-0.19296952411517532,-0.635300315646685,1.2091757131948029,-0.645341073311798,-0.016109886955218734,0.11493324838560001,-0.10966062244070911,-1.0471141171932297,-0.0317901557818649,-0.31128382690632456
-0.13152473152978394,0.00017346739173218143,-0.4164753052008944,-0.7423029141643627,-0.35941493924567847,0.5829222017135578,-0.19296952411517532,-0.635300315646685,1.2091757131948029,-0.645341073311798,0.023826146288116055,0.1325910426437107,-0.04911789753375078,-0.23930650886448032,-0.1885023082338806,-0.24275425045004975
-0.9025934443171323,-0.8985610891733145,-0.33664701973120015,-0.37500535693490733,-0.35941493924567847,0.5829222017135578,-0.19296952411517532,-0.635300315646685,1.2091757131948029,-0.645341073311798,-0.010061292973652857,-0.0383944179519868,0.00910005321721032,-0.13157812145531714,-0.9883331910870756,-0.33710083293874293
-1.1483421572159644,-0.25331576651122967,-0.3845439910130168,-0.6409794501010647,-0.35941493924567847,0.5829222017135578,-0.19296952411517532,-0.635300315646685,1.2091757131948029,-0.645341073311798,-0.07604636442166685,-0.02330890241886105,-0.07046132113855759,-0.9028019002564663,-1.2698611121643084,-1.758586189593566
0.050611329196565275,-0.6450718552703525,-0.12909347750999497,-0.2990127588874336,-0.35941493924567847,0.5829222017135578,-0.19296952411517532,-0.5665987724330454,1.2091757131948029,-0.645341073311798,-0.12296925011462198,-0.05203595932832017,0.025487882552134876,-1.1486000345267975,-0.22715735052785846,-1.5666811589816372
0.13095550610036427,-1.0137834682201154,0.47760149205968094,-0.2990127588874336,-0.35941493924567847,0.5829222017135578,-0.19296952411517532,-0.5665987724330454,0.6992288799489359,-1.1724985789328362,-0.012034979087421646,0.07123031017276603,-0.034221439783183115,0.05059456780029004,-0.23876042716851467,-1.630515934465887
-0.15825848190627423,-0.3224491939393103,0.44567017787180335,-0.9449498422909588,-0.35941493924567847,0.5829222017135578,-0.19296952411517532,-0.5665987724330454,0.6992288799489359,-1.1724985789328362,-0.04412060420286775,-0.014125190146430044,-0.12699081416343333,0.13095490234482582,-1.049127560006669,-1.6714867432609728
-0.2583625154763189,0.6684632658631773,0.6372580629990694,-1.299581966512502,-0.35941493924567847,0.5829222017135578,-0.19296952411517532,-0.5665987724330454,0.6992288799489359,-1.1724985789328362,-0.09793965140387241,0.025798845624621616,0.015085129483936633,-0.1583172481310089,-0.2406141905968508,-0.5626191867368555
-0.2942689326222419,-0.02287100841762791,-0.5122692477645278,-0.8689572442434853,1.2329383876656,0.5829222017135578,-0.19296952411517532,-0.5665987724330454,0.6992288799489359,-1.1724985789328362,-0.21446807805306778,-0.008078413266683059,0.0950541866262331,-0.25844141315392366,-0.13279168361964225,-0.37248964582565364
-1.029339505279625,0.11539584643853305,0.19021966436878207,-1.0336078733463445,0.30834613333001887,0.5829222017135578,-0.19296952411517532,-0.5665987724330454,0.6992288799489359,-1.1724985789328362,-0.19943836793541175,-0.07404366166264344,0.06951505714535003,-0.2943550512710576,-0.9046892611350654,-0.25685478418314983
-1.1068881571798839,-0.39158262136739064,0.20618532146272056,-0.46366338799029305,-0.35941493924567847,0.5829222017135578,-0.19296952411517532,-0.5665987724330454,0.6992288799489359,-1.1724985789328362,-0.16782507975736238,-0.12095245091249127,0.059850828885781304,-1.0295734505250513,-1.150702143020025,-0.3721626301715029
-0.19229839158179224,0.09235137062917295,-0.14505913460393405,-1.0716041723700815,-0.35941493924567847,0.5829222017135578,-0.19296952411517532,-0.4978972292194057,0.6992288799489359,-1.1724985789328362,-0.14115386139297487,-0.010051506451146594,0.053506014112668025,-1.10713769787112,0.04954016530812529,-1.1083580880151898
0.14824142075530386,0.4149740319602155,-0.4005096481069559,-0.5143251200219421,-0.3080487028937018,0.5829222017135578,-0.19296952411517532,-0.4978972292194057,0.6992288799489359,-1.1724985789328362,-0.24138346950496195,-0.042127492492134204,-0.16047281530087443,-0.19236400341317128,0.12997070864495078,-1.5018994312163654
0.1367922558277588,-0.829427661745234,-0.3206813626372616,-0.9069535432672221,-0.35941493924567847,0.5829222017135578,-0.19296952411517532,-0.4978972292194057,0.6992288799489359,-1.1724985789328362,0.17531054192854004,-0.0959303715243284,0.10805650758568255,0.14824429328901953,-0.1595541715941815,-0.1724444183698295
0.5638784132706108,-0.5989829036516322,-1.214758159897837,-0.7802992131880995,1.6952345148333903,0.5829222017135578,-0.19296952411517532,-0.4978972292194057,0.6992288799489359,-1.1724985789328362,0.38656525510471346,-0.2124237910269601,-0.015232057730601848,0.1367928258735934,-0.25976581256832415,0.10031926543500837
0.9284765381003227,-0.9676945166013949,-0.8475480467372436,-1.3882399975678879,4.417645041488156,0.5829222017135578,-0.19296952411517532,-0.4978972292194057,0.6992288799489359,-1.1724985789328362,-0.1332347672750737,-0.1973985960931097,-0.02560806872038969,0.5639648726112462,-0.2957108275229641,0.0652702995339655
-0.7065954253079579,-0.13809338746442879,-0.5601662190463444,-0.7169720481485382,1.7979669875373439,0.5829222017135578,-0.19296952411517532,-0.4978972292194057,0.6992288799489359,-1.1724985789328362,-0.12687242392753548,-0.16579480509136685,-0.0041483193116744815,0.9286363200604846,-1.0315715685015583,-0.08638614295403735
-0.8940230549730187,0.3227961287227747,-0.6719258187039162,-0.48899425400611746,0.667909787793856,0.5829222017135578,-0.19296952411517532,-0.4978972292194057,0.6992288799489359,-1.1724985789328362,-0.1349924104527763,-0.13913159922038681,-0.06797041451471966,-0.7067644650045932,-1.1092035817692334,-0.5458849305156194
0.6646226659019528,-1.105961371457556,-0.7198227899857326,-0.8182955122118364,-0.35941493924567847,0.5829222017135578,-0.19296952411517532,-0.4291956860057661,0.6992288799489359,-1.1724985789328362,-0.11211671296458241,-0.23933109663164542,-0.3249966523203186,-0.8942297873615326,-0.19363067266552325,-1.167248034863591
0.8130418734066137,-0.6220273794609924,-0.9273763322069378,-1.2742511004966774,-0.35941493924567847,0.5829222017135578,-0.19296952411517532,-0.4291956860057661,0.6992288799489359,-1.1724985789328362,0.25864988578075454,0.17723773274328158,-0.373630414716434,0.6647293854469121,0.14727520489283064,-1.2414435607984442
0.9234564544597523,-0.5068050004141915,-0.9752733034887542,-0.8942881102593099,0.15424742427408872,0.5829222017135578,-0.19296952411517532,-0.4291956860057661,0.6992288799489359,-1.1724985789328362,0.14790737738986984,0.38842898136476156,-0.07119926350490612,0.8131784408425554,0.13581373261988694,-0.39301757692261635
0.8024797323568562,0.023217943201092273,-0.8635137038311823,-0.9829461413146956,-0.35941493924567847,0.5829222017135578,-0.19296952411517532,-0.4291956860057661,0.6992288799489359,-1.1724985789328362,0.35840912299576955,-0.1312148841347648,0.06664525240631503,0.9236152268544292,0.5633589887732465,0.0027897794605118
0.4780544327098396,0.16148479805725363,-0.4324409622948335,-0.8436263782276607,-0.3080487028937018,0.5829222017135578,-0.19296952411517532,-0.4291956860057661,0.6992288799489359,-1.1724985789328362,0.23684019456724073,-0.12485445214475932,0.037305658563046754,0.8026141756901303,0.9283490404449918,-0.019791897930786718
-0.11806613335749716,-0.23027129070186955,-0.7836854183614881,-1.0336078733463445,0.30834613333001887,0.5829222017135578,-0.19296952411517532,-0.4291956860057661,0.6992288799489359,-1.1724985789328362,0.13410163761761304,-0.13297199928618147,0.12282142679806565,0.4781236323921158,-0.7084805529330408,-0.0444236555216476
-0.6273596598859896,0.04626241901045278,-0.6719258187039162,-1.6415486577261331,-0.35941493924567847,0.5829222017135578,-0.19296952411517532,-0.4291956860057661,0.6992288799489359,-1.1724985789328362,0.11371263109542062,-0.11010317405154615,0.1404709142593975,-0.11811681668745033,-0.8961096590018509,-0.20022131867028267
0.23443450344462063,0.23061822548533392,-0.592097533234222,-1.2235893684650285,0.25697989697804213,0.5829222017135578,-0.19296952411517532,-0.36049414279212644,0.6992288799489359,-1.1724985789328362,-0.009532082333350924,0.26055204002108545,-0.030434109252679194,-0.6275127648493247,0.6642115370158325,-0.9953848111811321
0.4463322781169874,0.3227961287227747,-0.5442005619524053,-1.4009054305758002,-0.35941493924567847,0.5829222017135578,-0.19296952411517532,-0.36049414279212644,0.6992288799489359,-1.1724985789328362,0.026151474096876244,0.14984280058725738,-0.015355690433333508,0.23445470986509395,0.8127902885974728,-1.275269884091201
0.62534570536659,0.04626241901045278,-0.8156167325493656,-1.0336078733463445,0.822008496849786,0.5829222017135578,-0.19296952411517532,-0.36049414279212644,0.6992288799489359,-1.1724985789328362,0.09762895192260172,0.3602813078428916,-0.04406923320731728,0.4463950983054775,0.9233235604367663,-0.2386507905656254
0.6401620983949909,0.2997516529134146,-0.6878914757978547,-1.2109239354571162,-0.35941493924567847,0.5829222017135578,-0.19296952411517532,-0.36049414279212644,0.6992288799489359,-1.1724985789328362,0.31507312890040234,0.23874890081448344,0.07913904785900414,0.6254445261061594,0.8022167937137133,-0.2501861577829334
0.5225526043929454,-0.5068050004141915,-0.8794793609251211,-0.653644883108977,-0.35941493924567847,0.5829222017135578,-0.19296952411517532,-0.36049414279212644,0.6992288799489359,-1.1724985789328362,0.16082195389914652,0.13604120829703156,-0.006176298475796139,0.6402638987898982,0.4774427512331295,-1.055824416291966
-0.40377475623913,-1.4746729844073188,0.014597436335454472,-0.6029831510773278,-0.35941493924567847,0.5829222017135578,-0.19296952411517532,-0.36049414279212644,0.6992288799489359,-1.1724985789328362,0.10862059943059382,0.11565832698359839,0.033728955739253,0.5226307528939065,-0.11931861805018404,-0.2520291036275679
-1.0918500081820353,-0.9907389924107552,0.04652875052333206,-0.8436263782276607,-0.35941493924567847,0.5829222017135578,-0.19296952411517532,-0.36049414279212644,0.6992288799489359,-1.1724985789328362,-0.037919924453686256,-0.007549361610373107,-0.0001323661952087413,-0.40388289709073344,-0.6291596125713154,-0.14483579181966524
-0.11083733079199767,0.2997516529134146,0.014597436335454472,-1.096935038385906,-0.35941493924567847,0.5829222017135578,-0.19296952411517532,-0.2917925995784868,0.6992288799489359,-1.1724985789328362,-0.20307179723665308,0.02812347486485436,-0.06606658240759745,-1.09209652462163,0.2335609413299398,-0.9122289830006628
0.1678307242423846,0.48410745938829575,-0.4005096481069559,-0.8309609452197485,-0.1539499938377716,0.5829222017135578,-0.19296952411517532,-0.2917925995784868,0.6992288799489359,-1.1724985789328362,-0.07467142364224155,0.09957947962504383,-0.11295330424779365,-0.11088656037135794,0.44568649672855154,-1.1568062637184027
0.5131998069440143,-0.8985610891733145,-0.8475480467372436,-0.856291811235573,-0.35941493924567847,0.5829222017135578,-0.19296952411517532,-0.2917925995784868,0.6992288799489359,-1.1724985789328362,0.020170484210160204,0.31695833262661166,-0.0021045311729059393,0.16783753628908332,0.6248923554868359,0.036432064795437744
0.7584814325185063,-0.4607160487954713,-0.89544501801906,-0.8942881102593099,0.9247409695537395,0.5829222017135578,-0.19296952411517532,-0.2917925995784868,0.6992288799489359,-1.1724985789328362,0.024649123268115653,0.16275349733529754,-0.034165427633981844,0.5132760745477296,0.6397246754817638,0.11639325798681653
1.1050484394936204,-1.728162218310281,-1.1349298744281426,-0.6409794501010647,-0.35941493924567847,0.5829222017135578,-0.19296952411517532,-0.2917925995784868,0.002628551155655226,-1.3654516177857736,0.08748076920560847,0.11056782505279378,-0.0879429960540066,0.7586070275599786,0.5219887564806898,-0.17144210805766952
0.17396879686513936,-1.866429073166442,-1.0870329031463264,-0.6409794501010647,-0.3080487028937018,0.5829222017135578,-0.19296952411517532,-0.2917925995784868,0.002628551155655226,-1.3654516177857736,0.17628362697979633,-0.03592867553395586,-0.20438161328928084,1.1052437310010435,-0.40533436505199727,-0.27106896685435383
0.02305023013672205,-1.6820732666915605,-1.0551015889584485,-0.7802992131880995,-0.35941493924567847,0.5829222017135578,-0.19296952411517532,-0.2917925995784868,0.002628551155655226,-1.3654516177857736,0.16375728302901713,-0.20103093384960324,-0.1893634866924522,0.17397684331084592,-1.0941492674270086,-0.3068042256977315
1.0697844516013737,-1.6359843150728401,-0.9593076463948154,-0.6789757491248013,-0.35941493924567847,0.5829222017135578,-0.19296952411517532,-0.22309105636484716,0.002628551155655226,-1.3654516177857736,0.09299039611318889,-0.07266913393911158,-0.15777456313482233,0.023027926057030534,-0.11208204484197348,-1.0383708722753906
0.8922117014223828,-0.9446500407920349,-0.8635137038311823,-0.7423029141643627,0.051514951570135296,0.5829222017135578,-0.19296952411517532,-0.22309105636484716,0.002628551155655226,-1.3654516177857736,0.3276146592337428,0.022144281770522637,-0.13112390049712527,1.069972651333521,0.1668855660138663,-1.1155498661401517
0.823201759442026,-1.3824950811698782,-0.20892176297968923,-0.6663103161168892,-0.25668246654172505,0.5829222017135578,-0.19296952411517532,-0.22309105636484716,0.002628551155655226,-1.3654516177857736,0.21155581762373088,0.02662157536816067,-0.2312762608282839,0.8923641903312621,0.5126259051885854,-0.20531975667731053
0.5682343340990345,-0.8985610891733145,-0.4164753052008944,-1.1349313374096428,-0.3080487028937018,0.5829222017135578,-0.19296952411517532,-0.22309105636484716,0.002628551155655226,-1.3654516177857736,0.2149839673279857,0.08943434559694087,0.18509660111382453,0.8233403700850153,0.7581711976510108,0.13359677433957357
0.6663952401959368,0.18452927386661375,-1.0870329031463264,-1.4389017295995368,-0.20531623018974834,0.5829222017135578,-0.19296952411517532,-0.22309105636484716,0.002628551155655226,-1.3654516177857736,0.06621759412471134,0.1782105254630271,0.3961884985503198,0.5683216694384856,1.1051107488147716,0.12220218516172239
-0.0465995625395297,-0.06895996003634809,-0.7677197612675493,-0.8436263782276607,0.41107860603397234,0.5829222017135578,-0.19296952411517532,-0.22309105636484716,0.002628551155655226,-1.3654516177857736,0.4065825953684491,0.16568794464173658,-0.12321090968999523,0.6665023162150019,0.1730302367929345,0.547252513146808
-0.28193569074008973,-1.728162218310281,-0.8156167325493656,-0.6789757491248013,-0.35941493924567847,0.5829222017135578,-0.19296952411517532,-0.22309105636484716,0.002628551155655226,-1.3654516177857736,0.25067017461834185,0.09494231731769512,-0.11685346985264451,-0.04663587356248484,0.02194943928702838,0.9101126757648224
-0.5484023787047201,-1.4516285085979588,-0.44840661938877197,-0.7296374811564504,-0.3080487028937018,0.5829222017135578,5.18216544599624,-0.15438951315120752,0.002628551155655226,-1.3654516177857736,-0.03171277353481676,0.32949609526821255,-0.12496719823768858,-0.2820193291084529,1.0698088536968127,-0.7171652451284652
0.47125588092892234,-0.8524721375545941,-0.6080631903281605,-1.00827700733052,-0.25668246654172505,0.5829222017135578,-0.19296952411517532,-0.15438951315120752,0.002628551155655226,-1.3654516177857736,-0.18529591037927046,0.21347211973332994,-0.10210913123712358,-0.548539604939415,0.8920452206732067,-0.9036994468913995
0.7890307116849125,-0.4837605246048314,-1.007204617676632,-0.9576152752988711,-0.35941493924567847,0.5829222017135578,-0.19296952411517532,-0.15438951315120752,0.002628551155655226,-1.3654516177857736,-0.009422186975595699,0.21689923956236384,0.2683717146503713,0.4713237133863238,0.822961096060556,0.6475165392158199
0.7131385989783467,-0.691160806889073,-0.9433419893008766,-0.8689572442434853,1.0788396786096697,0.5829222017135578,-0.19296952411517532,-0.15438951315120752,0.002628551155655226,-1.3654516177857736,0.04106484634661241,0.06817755834009553,0.15771455641876306,0.7891624503486926,0.5677195920237074,0.7952282637232666
0.8947077453575543,-0.4607160487954713,-1.0231702747705709,-1.299581966512502,0.822008496849786,0.5829222017135578,-0.19296952411517532,-0.15438951315120752,0.002628551155655226,-1.3654516177857736,-0.05603342602280267,0.40844030807468396,0.3680540666032651,0.7132550753351481,0.6659860167487037,0.9051165218020883
0.25686279905217707,-1.0829168956481958,-1.1668611886160205,-0.9576152752988711,0.20561366062606548,0.5829222017135578,-0.19296952411517532,-0.15438951315120752,0.002628551155655226,-1.3654516177857736,-0.03664395775730385,0.25257472610135623,0.24657883234470956,0.8948607362341271,-0.047775223832686675,0.7847164701678296
-0.005828880316279667,-0.829427661745234,-1.1668611886160205,-1.2109239354571162,3.647151496208506,0.5829222017135578,-0.19296952411517532,-0.15438951315120752,0.002628551155655226,-1.3654516177857736,0.01874359812767274,-0.02972338935014036,0.1439194568433522,0.2568875159220287,-0.28336432795182864,0.46183763736446026
1.300626153583958,-0.4837605246048314,-1.3424834166493478,-1.1096004713938181,1.4897695694254836,0.5829222017135578,-0.19296952411517532,-0.08568796993756789,0.002628551155655226,-1.3654516177857736,-0.1381215313201039,-0.1832603871748216,0.12354616429567095,-0.005856992138479465,-0.5501174558085179,-0.13144134794070286
1.691932243212317,-1.9816514522132427,-0.9433419893008766,-0.7169720481485382,-0.25668246654172505,0.5829222017135578,-0.19296952411517532,-0.08568796993756789,0.002628551155655226,-1.3654516177857736,0.26535618403506134,-0.007439499267076296,0.0003964365781133234,1.300860776808528,0.4706368913100457,-0.6383071798556204
1.5059637088877555,-1.6820732666915605,-0.8156167325493656,-0.8436263782276607,-0.3080487028937018,0.5829222017135578,-0.19296952411517532,-0.08568796993756789,0.002628551155655226,-1.3654516177857736,0.2457135405452841,0.04303236688068436,0.0360524913988039,1.6922455601699986,0.788753315939987,0.21937899281862125
1.6707070289938117,-1.751206694119641,-0.8475480467372436,-0.704306615140626,-0.35941493924567847,0.5829222017135578,-0.19296952411517532,-0.08568796993756789,0.002628551155655226,-1.3654516177857736,0.09496334856950701,-0.054036735495196456,0.10747488094627249,1.5062396265853817,0.7127796225722969,0.43026669557880975
1.431592208543109,-1.6820732666915605,-0.8635137038311823,-0.7802992131880995,-0.35941493924567847,0.5829222017135578,-0.19296952411517532,-0.08568796993756789,0.002628551155655226,-1.3654516177857736,0.4987528179827571,-0.03465309215994753,0.324751471913891,1.6710160774481728,0.894543947745099,0.6084268036510535
0.8325582405449401,-1.2903171779324374,-1.214758159897837,-1.3629091315520632,-0.35941493924567847,0.5829222017135578,-0.19296952411517532,-0.08568796993756789,0.002628551155655226,-1.3654516177857736,0.4184663038948333,0.020717824349192417,0.1706191795580279,1.4318531697369792,0.2560133463622877,0.6231725700649895
0.3673241625108375,-0.5989829036516322,-1.1668611886160205,-1.1349313374096428,-0.35941493924567847,0.5829222017135578,-0.19296952411517532,-0.08568796993756789,0.002628551155655226,-1.3654516177857736,0.15558701980281378,-0.13610018011170152,0.11845805710140155,0.8326987328259777,-0.006960714931121242,0.5061236956668101
1.5550914968898115,-0.7372497585077932,-1.2466894740857148,-0.8689572442434853,-0.35941493924567847,0.5829222017135578,-0.19296952411517532,-0.016986426723928257,0.002628551155655226,-1.3654516177857736,0.12602317375673933,0.26725632358788093,-0.027969526799526995,0.36737109374761445,1.3008987002887802,-0.4157880581949565
1.6191638690786923,-0.7372497585077932,-1.007204617676632,-1.0209424403384324,-0.35941493924567847,0.5829222017135578,-0.19296952411517532,-0.016986426723928257,0.002628551155655226,-1.3654516177857736,0.32782457564622586,0.24761958108655188,-0.1929941156799379,1.5553772944465554,1.692625426638867,-1.1005834008206115
2.006517029623769,-1.5668508876447595,-1.4702086734008588,-1.096935038385906,-0.3080487028937018,0.5829222017135578,-0.19296952411517532,-0.016986426723928257,0.002628551155655226,-1.3654516177857736,0.18380491769832832,0.09691467706511132,-0.06469270130630501,1.6194625519298143,1.5064569843734474,-0.12424700354939319
2.179305450016754,-1.4516285085979588,-1.5660026159644918,-1.198258502449204,-0.35941493924567847,0.5829222017135578,-0.19296952411517532,-0.016986426723928257,0.002628551155655226,-1.3654516177857736,0.18435605581531914,0.5005828411664897,0.0300761111100361,2.006893611252967,1.6713773962547986,0.15309269975667678
1.3499683302475105,-1.2672727021230774,-1.2626551311796537,-1.0842696053779937,-0.3080487028937018,-1.7154947899743744,-0.19296952411517532,-0.016986426723928257,0.002628551155655226,-1.3654516177857736,0.2677583573857279,0.42032044653033035,0.034551298444145916,2.1797167803150876,1.4320055379586423,0.4968154810268212
0.33371781890847274,-0.5068050004141915,-0.9912389605826932,-1.2362548014729406,-0.25668246654172505,-1.7154947899743744,-0.19296952411517532,-0.016986426723928257,0.002628551155655226,-1.3654516177857736,-0.005307578552784487,0.1575201359033389,0.09733451951691167,1.3502128764458967,0.8323276349664084,0.7409279009267878
0.2540510659711347,-1.866429073166442,-0.911410675112999,-0.7423029141643627,-0.25668246654172505,-1.7154947899743744,-0.19296952411517532,-0.016986426723928257,-0.6939717776376255,-1.1724985789328362,-0.052242943103506675,0.12796517134585295,0.18606893620045276,0.33375799173104564,0.36659345089611756,1.0858428962185585
1.4623032001191376,-2.1199183070694034,-0.9273763322069378,-0.6663103161168892,-0.35941493924567847,-1.7154947899743744,-0.19296952411517532,0.05171511648971138,-0.6939717776376255,-1.1724985789328362,0.03138902416227608,0.3297059486181895,0.17355224640566919,0.2540752173865287,1.55563758257253,0.1592015134843783
1.0973282374875246,-1.728162218310281,-0.9752733034887542,-1.00827700733052,-0.35941493924567847,-1.7154947899743744,-0.19296952411517532,0.05171511648971138,-0.6939717776376255,-1.1724985789328362,0.0631129517939976,0.1857295566562733,0.10283990010985693,1.4625703374565404,1.619778829724784,0.009002343670413106
0.5684807705501342,-0.27636024232058976,-0.5282349048584662,-1.096935038385906,-0.35941493924567847,-1.7154947899743744,-0.19296952411517532,0.05171511648971138,-0.6939717776376255,-1.1724985789328362,-0.11949013407408161,0.18628052920188043,0.3372833363869663,1.097521976421317,2.007548377767835,1.0507470043043672
0.36813603984748433,0.25366270129469404,-0.27278439135544497,-1.502228894639098,-0.25668246654172505,-1.7154947899743744,-0.19296952411517532,0.05171511648971138,-0.6939717776376255,-1.1724985789328362,-0.18041074769225643,0.26965777528429563,0.22131394227783532,0.5685681554492646,2.1805225380627364,0.8740207058995934
0.2488534302088485,0.20757374967597383,-0.8315823896433048,-0.8056300792039239,-0.35941493924567847,-1.7154947899743744,-0.19296952411517532,0.05171511648971138,-0.6939717776376255,-1.1724985789328362,-0.21466684264574504,-0.003326126943509289,0.22473944987900316,0.36818313435710615,1.3502939176076785,0.8053397197290046
-0.08452351696894828,-0.4607160487954713,-1.1987925028038982,-1.0336078733463445,-0.05121752113381818,-1.7154947899743744,-0.19296952411517532,0.05171511648971138,-0.6939717776376255,-1.1724985789328362,-0.21283313111504676,-0.050247391302260365,0.07608773213940186,0.24887653635208265,0.3329509819622621,0.5515876702211655
-0.46432445012929885,-0.5298494762235516,-1.0391359318645097,-1.0716041723700815,-0.1539499938377716,-1.7154947899743744,-0.19296952411517532,0.05171511648971138,-0.6939717776376255,-1.1724985789328362,-0.2751686483321332,0.03335945147999793,0.41619041128577716,-0.08456745470057854,0.2531985907926693,0.6492806640227369
0.958469217150736,-0.3454936697486704,-1.0551015889584485,-0.8309609452197485,-0.05121752113381818,-1.7154947899743744,-0.19296952411517532,0.12041665970335103,-0.6939717776376255,-1.1724985789328362,-0.2536415036080161,0.0650738486974153,0.2603981535167831,-0.4644447678459633,1.4627495424909216,-0.06031544316302083
1.4350250056847584,-0.5298494762235516,-1.4223117021190421,-1.1729276364333794,-0.35941493924567847,-1.7154947899743744,-0.19296952411517532,0.12041665970335103,-0.6939717776376255,-1.1724985789328362,0.010909937940820222,-0.11747438005833714,-0.021767159782767682,0.9586350307979661,1.0973822479333222,-0.2945297737732867
1.6647472452235788,-1.1520503230762764,-1.4063460450251033,-1.096935038385906,-0.35941493924567847,-1.7154947899743744,-0.19296952411517532,0.12041665970335103,-0.6939717776376255,-1.1724985789328362,0.1217490466309886,-0.17837669207482554,-0.17523192884431385,1.4352866572323677,0.5679662933830814,-0.55972627134795
1.834635524840059,-1.6820732666915605,-1.4542430163069198,-0.9069535432672221,-0.35941493924567847,-1.7154947899743744,-0.19296952411517532,0.12041665970335103,-0.6939717776376255,-1.1724985789328362,0.019962592476175916,-0.21262249590733004,0.0005062472386152123,1.6650550951337673,0.36740620096495635,0.45507149284316617
1.449756306306285,-1.3364061295511578,-1.0391359318645097,-0.6789757491248013,-0.3080487028937018,-1.7154947899743744,-0.19296952411517532,0.12041665970335103,-0.6939717776376255,-1.1724985789328362,0.2598860072371071,-0.2107893352551612,0.05095436979026144,1.834977540185668,0.247995367802058,0.7713315581352901
0.2671987637477183,-1.6590287908822001,-0.7836854183614881,-0.5903177180694156,-0.35941493924567847,-1.7154947899743744,-0.19296952411517532,0.12041665970335103,-0.6939717776376255,-1.1724985789328362,0.20232415178399216,-0.27310612580914845,-0.046069068144458124,1.4500209203966972,-0.08573994483407785,0.6958012070919569
-0.10317164686477172,-1.2903171779324374,-1.0551015889584485,-0.61564858408524,-0.35941493924567847,-1.7154947899743744,-0.19296952411517532,0.12041665970335103,-0.6939717776376255,-1.1724985789328362,0.05087624398001515,-0.25158544821011075,-0.026694543501140082,0.2672255592349713,-0.46594914718233066,0.8765048517208069
1.2216497174020111,-0.8524721375545941,-1.2466894740857148,-1.2869165335045898,-0.35941493924567847,-1.7154947899743744,-0.19296952411517532,0.18911820291699066,-0.6939717776376255,-1.1724985789328362,-0.09379466966014789,0.012886517528794564,0.0286503247403525,-0.10321933483437666,0.9583739602974933,0.2417003774807171
0.7737424425819841,-0.5759384278422721,-0.46437227648271107,-0.6916411821327137,-0.35941493924567847,0.5829222017135578,-0.19296952411517532,0.18911820291699066,-0.6939717776376255,-1.1724985789328362,0.0656060251245548,0.1236923282415125,-0.12809390746590577,1.2218684580457686,1.4354420252052358,-0.019739106165990006
0.8834880720728073,-1.244228226313717,-0.8315823896433048,-0.5523214190456788,-0.05121752113381818,0.5829222017135578,-0.19296952411517532,0.18911820291699066,-0.6939717776376255,-1.1724985789328362,-0.06708190928463972,0.02193645249079617,0.2750728443056236,0.7738711066936415,1.6654112059808752,1.2804883326766456
0.9513943913214968,-0.6681163310797129,-0.44840661938877197,-0.7802992131880995,-0.35941493924567847,0.5829222017135578,-0.19296952411517532,0.18911820291699066,-0.6939717776376255,-1.1724985789328362,-0.05727564146513176,0.2617877901252604,0.2554453395622485,0.8836388066134874,1.8354821079763368,1.6699291488692216
1.095053949521803,-1.0137834682201154,-1.3265177595554092,-0.9449498422909588,0.7706422604978095,0.5829222017135578,-0.19296952411517532,0.18911820291699066,-0.6939717776376255,-1.1724985789328362,0.0358549934821876,0.2042432272450246,0.10481133199553927,0.9515587821836735,1.4501891613227194,1.4848470872476445
0.37307360963895414,-1.1290058472669162,-1.0231702747705709,-0.9449498422909588,-0.3080487028937018,0.5829222017135578,-0.19296952411517532,0.18911820291699066,-0.6939717776376255,-1.1724985789328362,0.0758402411740363,0.052840817001237037,0.5082895975537447,1.0952472310842054,0.2663604217622637,1.6488051107614388
-0.4919824292887586,-0.829427661745234,-0.89544501801906,-0.5269905530298543,-0.35941493924567847,0.5829222017135578,-0.19296952411517532,0.18911820291699066,-0.6939717776376255,-1.1724985789328362,0.09825770952390174,-0.09178663500451686,0.42806496094055685,0.37312169712008775,-0.10440812064391501,1.4108301001284476
1.0166842111499492,-0.7372497585077932,-0.7996510754554269,-0.9829461413146956,-0.3080487028937018,0.5829222017135578,-0.19296952411517532,0.2578197461306303,-0.6939717776376255,-1.1724985789328362,-0.05086137768782663,0.06756617306580089,0.16538828006832829,-0.492108309171942,1.2218373679345276,0.8146516004637766
0.8916267371707559,-0.691160806889073,-0.7677197612675493,-0.9576152752988711,-0.20531623018974834,0.5829222017135578,-0.19296952411517532,0.2578197461306303,-0.6939717776376255,-1.1724985789328362,0.007133556532968021,-0.0650818996023519,0.13584721912081732,1.016861732141691,0.7734486126246434,0.35163519496321977
1.064103152071835,-0.7602942343171533,-0.7517541041736105,-0.6789757491248013,1.2329383876656,0.5829222017135578,-0.19296952411517532,0.2578197461306303,-0.6939717776376255,-1.1724985789328362,-0.0670905811890183,-0.05527857775460955,0.337493091015149,0.8917791084402171,0.8833122138083089,1.5337406934663145
1.2354542106827826,-0.8985610891733145,-0.8475480467372436,-0.7296374811564504,-0.35941493924567847,0.5829222017135578,-0.19296952411517532,0.2578197461306303,-0.6939717776376255,-1.1724985789328362,-0.024057235762607532,0.03782407914579957,0.1935844301985554,1.06429020926447,0.9512915293437174,1.597507646197182
0.68182864526557,-0.552893952032912,-0.14505913460393405,-0.5523214190456788,-0.35941493924567847,0.5829222017135578,-0.19296952411517532,0.2578197461306303,-0.6939717776376255,-1.1724985789328362,0.0557412504579873,0.0777973145804971,0.19413514354888026,1.2356757274834638,1.0951055152087288,1.9830143760840557
-0.2889291078164216,-0.7372497585077932,-0.28875004844938346,-0.6789757491248013,-0.35941493924567847,0.5829222017135578,-0.19296952411517532,0.2578197461306303,-0.6939717776376255,-1.1724985789328362,-0.061029660398609104,0.1002080483367301,0.2774731662815917,0.6819388250243716,0.3723490784253468,2.1549791505918567
-0.6858752400497733,-0.18418233908314896,-0.9273763322069378,-0.5903177180694156,0.15424742427408872,0.5829222017135578,-0.19296952411517532,0.2578197461306303,-0.6939717776376255,-1.1724985789328362,-0.17258722016959455,-0.0488662409326286,0.004617684498976252,-0.28901415259810553,-0.49363685744486197,1.3295953056113687
1.0724900954478642,-0.7833387101265138,-1.2466894740857148,-0.9322844092830466,-0.25668246654172505,0.5829222017135578,-0.19296952411517532,0.32652128934426994,-0.6939717776376255,-1.1724985789328362,-0.402066137087156,0.009111270610965326,-0.042281506581429,-0.6860401128070945,1.0166515328378545,0.31818904569888545
0.6376612657096485,-0.7602942343171533,-0.6719258187039162,-0.5649868520535912,-0.35941493924567847,0.5829222017135578,-0.19296952411517532,0.32652128934426994,-0.6939717776376255,-1.1724985789328362,-0.1560536422005532,-0.06509056890154102,0.041286004841421794,1.0726788392993607,0.8914596276109079,0.2389020473370774
0.9680824489358784,-0.39158262136739064,-0.89544501801906,-0.41300165595864397,0.051514951570135296,0.5829222017135578,-0.19296952411517532,0.32652128934426994,-1.2039186108834923,-0.645341073311799,-0.14910331644696437,-0.022070151433344287,0.07298548258198966,0.6377625631738192,1.0641214470218128,1.4413946988976898
0.6011934596975467,-1.5438064118353994,-0.6878914757978547,-0.37500535693490733,-0.35941493924567847,0.5829222017135578,-0.19296952411517532,0.32652128934426994,-1.2039186108834923,-0.645341073311799,-0.005669061307995834,0.05770436194746363,-0.10947686959051356,0.9682501958550827,1.2356567004343981,1.07815949478394
0.653892918596212,-0.8755166133639544,-0.3206813626372616,-1.058938739362169,-0.35941493924567847,0.5829222017135578,-0.19296952411517532,0.32652128934426994,-1.2039186108834923,-0.645341073311799,-0.09149357731921771,-0.059031468916136434,-0.17035053119223978,0.6012874232922235,0.6814360120454908,0.5518329319617814
-0.34085131572583743,-0.829427661745234,-0.8156167325493656,-0.754968347172275,0.051514951570135296,0.5829222017135578,-0.19296952411517532,0.32652128934426994,-1.2039186108834923,-0.645341073311799,-0.0004843792563394607,-0.17055551487459145,-0.20458022469245674,0.6539974803319952,-0.29036526264189216,0.35244320225217435
-1.1752575117335475,-0.23027129070186955,-0.44840661938877197,-0.43833252197446865,-0.35941493924567847,0.5829222017135578,-0.19296952411517532,0.32652128934426994,-1.2039186108834923,-0.645341073311799,-0.2777605899449271,-0.39996549237274426,-0.2027479264182711,-0.34094680233932534,-0.6877380943930658,0.23372918760607014
0.4666502083608236,-0.5068050004141915,-1.0551015889584485,-0.7802992131880995,-0.35941493924567847,0.5829222017135578,-0.19296952411517532,0.3952228325579096,-1.2039186108834923,-0.645341073311799,-0.3375652145562147,-0.15402690387716234,-0.26503540114110347,-1.1755208018651395,1.072517405990649,-0.09805862211602341
0.8093946876034678,-0.9907389924107552,-0.89544501801906,-0.6409794501010647,-0.35941493924567847,0.5829222017135578,-0.19296952411517532,0.3952228325579096,-1.2039186108834923,-0.645341073311799,0.034096865367410405,-0.147078666121149,-0.2435248475639421,0.46671711459300785,0.6372211545120061,-0.4760491244901257
0.8159136500474888,-0.4607160487954713,-0.7038571328917939,-0.9449498422909588,-0.10258375748579489,0.5829222017135578,-0.19296952411517532,0.3952228325579096,-1.2039186108834923,-0.645341073311799,-0.03153786820506568,-0.003687501103074442,0.02082270201963995,0.8095305215709718,0.96799752588119,0.9399623860524602
1.0908240096594102,-1.3824950811698782,-0.7996510754554269,-0.7676337801801872,0.20561366062606548,0.5829222017135578,-0.19296952411517532,0.3952228325579096,-1.2039186108834923,-0.645341073311799,0.0820907549185827,-0.08948623395136214,0.13157638609988917,0.816050795012967,0.600714147223011,1.4142465338515648
0.07445709485467705,-0.5068050004141915,-0.06523084913423978,-0.36233992392699493,-0.35941493924567847,0.5829222017135578,-0.19296952411517532,0.3952228325579096,-1.2039186108834923,-0.645341073311799,0.026455721993343635,0.0014956233807876394,0.029868379599915854,1.0910164405584382,0.6534702557067851,1.6428737360209762
-0.06453601048689502,-0.8063831859358739,-0.911410675112999,-0.9196189762751342,2.3116293510571113,0.5829222017135578,-0.19296952411517532,0.3952228325579096,-1.2039186108834923,-0.645341073311799,-0.17203849795414447,-0.27569728875803573,0.2696068834177816,0.0744451289685364,-0.34234328462601515,1.8119521941104761
-0.4149903775045012,-1.4285840327885984,-0.89544501801906,-0.5396559860377665,0.822008496849786,0.5829222017135578,-0.19296952411517532,0.3952228325579096,-1.2039186108834923,-0.645341073311799,-0.11940776870573239,-0.33548394702995743,0.21208939135865654,-0.06457592862480478,-1.1776464303520684,1.4289076134761478
0.4919046032999418,-0.8524721375545941,-0.8794793609251211,-0.7676337801801872,-0.35941493924567847,0.5829222017135578,-0.19296952411517532,0.4639243757715492,-1.2039186108834923,-0.645341073311799,-0.24643353816562144,0.036066479202991754,0.06075820569905723,-0.4151007738771147,0.4660262678478471,0.25198707281682126
0.015378283997733827,-0.5068050004141915,-0.592097533234222,-0.1850238618162235,-0.3080487028937018,0.5829222017135578,-0.19296952411517532,0.4639243757715492,-1.2039186108834923,-0.645341073311799,0.002343047167429269,-0.029548536564963084,-0.08380120888169973,0.49197658832509117,0.8091391822310634,-0.11661786031748364
0.12799974214880266,-0.02287100841762791,-0.3206813626372616,-0.5776522850615035,-0.35941493924567847,0.5829222017135578,-0.19296952411517532,0.4639243757715492,-1.2039186108834923,-0.645341073311799,-0.08305610192707157,0.08404595056304974,0.07547663448048844,0.015354437048922948,0.8156651522710924,1.2018883604761381
0.7567957924583839,-0.6681163310797129,-0.911410675112999,-0.6916411821327137,-0.3080487028937018,0.5829222017135578,-0.19296952411517532,0.4639243757715492,-1.2039186108834923,-0.645341073311799,-0.0937489243481412,0.02842763136001299,-0.05710903624965061,0.12799854397343352,1.0908710283482597,0.7561161649803539
0.31862331000476685,-0.8985610891733145,-0.7198227899857326,-0.31167819189534607,-0.35941493924567847,0.5829222017135578,-0.19296952411517532,0.4639243757715492,-1.2039186108834923,-0.645341073311799,0.1269158913774314,-0.1700069575047466,-0.04731032620115997,0.7569210485086866,0.07341156410857597,0.8653386602475903
-0.3163119180237624,-0.6220273794609924,-1.0551015889584485,-0.5396559860377665,0.20561366062606548,0.5829222017135578,-0.19296952411517532,0.4639243757715492,-1.2039186108834923,-0.645341073311799,-0.014857568381039986,-0.1173920394339633,0.04574853220215867,0.31866044724142223,-0.06573095266748001,0.9329212844228485
-0.08522377959007724,-1.1290058472669162,-1.3584490737432866,-0.6789757491248013,2.0034319329452503,0.5829222017135578,-0.19296952411517532,0.4639243757715492,-1.2039186108834923,-0.645341073311799,-0.33067980265108826,-0.244379648164692,0.08570296293574271,-0.31640246963402735,-0.4165620426136701,1.0758960478683328
1.330069599826319,-1.4055395569792384,-1.2786207882735925,-1.0336078733463445,0.15424742427408872,0.5829222017135578,-0.19296952411517532,0.5326259189851889,-1.2039186108834923,-0.645341073311799,-0.23311510596211737,0.004322200396956344,0.10810315395893354,-0.08526785814824017,0.49130781014341585,0.35735723569188915
1.293665152662634,-0.691160806889073,-1.2786207882735925,-0.8816226772513975,-0.05121752113381818,0.5829222017135578,-0.19296952411517532,0.5326259189851889,-1.2039186108834923,-0.645341073311799,0.18372143364430166,-0.08105129332215903,-0.04090100594954329,1.3303101442843221,0.014269246145607251,-0.5035752639078054
1.1328069824066553,-0.6681163310797129,-1.0231702747705709,-0.7802992131880995,-0.10258375748579489,0.5829222017135578,-0.19296952411517532,0.5326259189851889,-1.2039186108834923,-0.645341073311799,0.31939225319406045,-0.09174090343518986,0.01704923109990412,1.293898375992944,0.12701176737800424,0.9978998814776692
0.8171826688427489,-1.3824950811698782,-0.7038571328917939,-0.4509979549823808,-0.35941493924567847,0.5829222017135578,-0.19296952411517532,0.5326259189851889,-1.2039186108834923,-0.645341073311799,0.20362145949901528,0.12885762077879473,-0.05711770147052137,1.1330078563045023,0.7564837456024536,0.8734385300489353
0.6885653116596726,-1.5668508876447595,-0.7996510754554269,0.004957633302460363,-0.35941493924567847,0.5829222017135578,-0.19296952411517532,0.5326259189851889,-1.2039186108834923,-0.645341073311799,0.08122750415162708,-0.012873247790322126,-0.014117522196292902,0.8173200690146473,0.31784024712977654,1.0450927863290749
-0.32364128434284123,-1.7742511699290011,-0.8315823896433048,0.030288499318285013,-0.35941493924567847,0.5829222017135578,-0.19296952411517532,0.5326259189851889,-1.2039186108834923,-0.645341073311799,0.14459397388148534,-0.32860060362116833,0.06561946267664502,0.6886768461978691,-0.3177775081578637,1.2156270506547
-0.6946228131502025,-1.5438064118353994,-0.911410675112999,-0.2990127588874336,-0.35941493924567847,0.5829222017135578,-0.19296952411517532,0.5326259189851889,-1.2039186108834923,-0.645341073311799,0.31344319836753215,-0.2310652170476314,-0.05106145188146331,-0.3237333099276041,-0.0864409602065212,0.6646405013118958
0.7673888762015514,-1.105961371457556,-1.1987925028038982,-0.28634732587952144,0.5651773150899024,0.5829222017135578,-0.19296952411517532,0.6013274621988285,-1.2039186108834923,-0.645341073311799,0.20881104155087019,0.18564609768229448,-0.16253303332639046,-0.6947894450909384,1.3303737969322773,-0.30148985470831235
1.37756737094332,-2.2351406861162046,-1.4702086734008588,-0.37500535693490733,-0.3080487028937018,0.5829222017135578,-0.19296952411517532,0.6013274621988285,-1.2039186108834923,-0.645341073311799,0.2051930257362778,0.32127615938093523,-0.39183508896101654,0.7675162625772617,1.2939302165996558,-0.6965438286146753
1.1174325158006626,-2.488629920019166,-1.2626551311796537,0.10628109736575851,-0.35941493924567847,0.5829222017135578,-0.19296952411517532,0.6013274621988285,-1.2039186108834923,-0.645341073311799,0.32416888322649917,0.20554014522646405,-0.1460121979214609,1.3778174674553871,1.1328991309324608,1.0534397509184168
1.3915247358641685,-1.5668508876447595,-0.592097533234222,-1.2109239354571162,-0.35941493924567847,0.5829222017135578,-0.19296952411517532,0.6013274621988285,-1.2039186108834923,-0.645341073311799,0.3125690211135717,0.08318295913149397,-0.1390672288409212,1.117630297811611,0.8169355352053729,0.620683658320565
0.7074237781976125,-0.6220273794609924,-0.7038571328917939,-0.9956115743226078,0.051514951570135296,0.5829222017135578,-0.19296952411517532,0.6013274621988285,-1.2039186108834923,-0.645341073311799,0.1421726853745066,0.14653039248236008,0.004256480341488411,1.3917776392764578,0.688179920057709,0.9495297935932165
-0.333013236792455,-0.25331576651122967,-1.1189642173342038,-0.9196189762751342,0.20561366062606548,0.5829222017135578,-0.19296952411517532,0.6013274621988285,-1.390572106430907,0.0747694711621766,0.34507758244948755,0.31532889175294904,-0.08150189001150507,0.7075391052735995,-0.32511475322123634,0.5843896866330971
-0.18136899023047334,-1.5207619360260392,-1.2945864453675313,-0.43833252197446865,0.41107860603397234,0.5829222017135578,-0.19296952411517532,0.6013274621988285,-1.390572106430907,0.0747694711621766,0.1972747678664167,0.2107281682384802,0.009437166516174537,-0.3331071471266361,-0.6964950707472893,0.6368379383480021
0.7797766361625724,-1.5207619360260392,-1.1668611886160205,0.004957633302460363,-0.35941493924567847,0.5829222017135578,-0.19296952411517532,0.6700290054124681,-1.390572106430907,0.0747694711621766,0.4632039668229065,0.20711123933815873,-0.2676253451232431,-0.1814324041011873,0.7670882164416485,-0.3531645604251796
0.5398300466437385,-1.8894735489758019,-0.14505913460393405,0.004957633302460363,-0.35941493924567847,0.5829222017135578,-0.19296952411517532,0.6700290054124681,-1.390572106430907,0.0747694711621766,0.48236115709305866,0.3260513544314349,-0.3273838778199605,0.7799065137826104,1.3779226260503206,-1.183593318428937
-0.18842318759743848,-0.8063831859358739,-0.033299534946362196,-0.02037323271336406,-0.35941493924567847,0.5829222017135578,-0.19296952411517532,0.6700290054124681,-1.390572106430907,0.0747694711621766,0.3221708861944768,0.31445497711689335,0.04399175909113573,0.5399116697301082,1.1175081374555533,0.45048777454289746
-0.3239658142582611,0.5071519351976562,0.030563093429393548,-0.653644883108977,-0.35941493924567847,0.5829222017135578,-0.19296952411517532,0.6700290054124681,-1.390572106430907,0.0747694711621766,0.2576387271203564,0.14410983137215544,-0.021592389253988428,-0.18848802010471247,1.3918949945205126,0.7915984632840961
0.2003028707850658,-0.6681163310797129,-0.8475480467372436,0.004957633302460363,0.5138110787379256,0.5829222017135578,-0.19296952411517532,0.6700290054124681,-1.390572106430907,0.0747694711621766,0.4774704200070543,0.34695377232102503,0.09194865935809361,-0.3240579051077137,0.7070586586122404,0.7980863512117782
-0.8042225699435106,-1.7051177425009205,-0.46437227648271107,0.19493912842114422,-0.3080487028937018,0.5829222017135578,-0.19296952411517532,0.6700290054124681,-1.390572106430907,0.0747694711621766,0.6590058161708936,0.19919536024935344,0.036356504808922725,0.20031621315291545,-0.3344967801048011,1.071686271235364
-0.9596480873134239,-0.691160806889073,-0.36857833391907774,-0.9322844092830466,-0.35941493924567847,0.5829222017135578,-0.19296952411517532,0.6700290054124681,-1.390572106430907,0.0747694711621766,0.2395891850523864,0.4650446694938552,-0.16198473401565122,-0.804411242977495,-0.1826895226916382,0.060164162727907367
0.16708404758114062,0.4149740319602155,-0.3845439910130168,-0.5649868520535912,-0.35941493924567847,0.5829222017135578,-0.19296952411517532,0.7387305486261078,-1.390572106430907,0.0747694711621766,-0.09520296822512621,0.48419610461406826,-0.10939456770182909,-0.9598680172445196,0.779489292696174,-0.07816639185347374
-0.7196521368312934,-0.5759384278422721,0.6053267488111919,0.3849206235398281,-0.35941493924567847,0.5829222017135578,-0.19296952411517532,0.7387305486261078,-1.390572106430907,0.0747694711621766,0.10561997694076881,0.3240539576321364,-0.2363224373596174,0.16709070946719667,0.5392847712169637,-0.4269502169639173
-0.584203443346895,0.023217943201092273,-0.30471570554332256,0.14427739638949538,-0.35941493924567847,0.5829222017135578,-0.19296952411517532,0.7387305486261078,-1.390572106430907,0.0747694711621766,-0.09747093952593877,0.2595411851301661,0.012262413819214312,-0.7198238023019689,-0.18975130300845644,0.475621787118272
-0.2198513866028838,-1.0368279440294756,-0.11312782041605646,0.44824778857938935,-0.35941493924567847,0.5829222017135578,-0.19296952411517532,0.7387305486261078,-1.390572106430907,0.0747694711621766,0.033958711994031235,0.4793068367897273,-0.07307091745082873,-0.5843478693658527,-0.32543963199194714,0.001366968077381386
-0.7110603822941116,-0.16113786327378887,0.36584189240210907,0.44824778857938935,-0.35941493924567847,0.5829222017135578,-0.19296952411517532,0.7387305486261078,-1.390572106430907,0.0747694711621766,0.04426788912937358,0.6607876965936179,-0.0837554988259801,-0.21992253948791388,0.19939261867641433,0.11345158353737977
-0.9011954976326599,-0.3224491939393103,-1.0710672460523876,-1.058938739362169,-0.3080487028937018,0.5829222017135578,-0.19296952411517532,0.7387305486261078,-1.390572106430907,0.0747694711621766,-0.3553957736141699,0.2414970654555361,0.13673924871671908,-0.7112303199173132,-0.8062126424267483,0.7392502959566111
-0.5772070793473805,-1.4055395569792384,-1.0231702747705709,0.08095023134993408,0.15424742427408872,0.5829222017135578,-0.19296952411517532,0.7387305486261078,-1.390572106430907,0.0747694711621766,-0.5204750758656542,-0.09319451049234836,-0.004924945073811194,-0.9014036724374903,-0.9618052353465499,0.3031664891292488
-0.19571056026117406,-1.1290058472669162,-0.36857833391907774,0.5115749536189507,-0.35941493924567847,0.5829222017135578,-0.19296952411517532,0.8074320918397474,-1.390572106430907,0.0747694711621766,0.017433054825217526,0.10756810400165033,-0.32050377255824797,-0.5773500983603755,0.16613808670826974,-0.3287421368461172
-0.0915335104881741,-0.13809338746442879,-0.01733387785242312,-0.8436263782276607,-0.35941493924567847,0.5829222017135578,-0.19296952411517532,0.8074320918397474,-1.390572106430907,0.0747694711621766,-0.07054460451939419,-0.09546180045551644,-0.22301426978102018,-0.19577685829779878,-0.721551299843193,-0.09875554673322173
0.2153505972832607,-0.7142052826984331,-0.911410675112999,0.18227369541323224,0.41107860603397234,0.5829222017135578,-0.19296952411517532,0.8074320918397474,-1.390572106430907,0.0747694711621766,0.04807695911401875,0.03592836733326563,0.19350101048637372,-0.09157885796673582,-0.5859570050101326,1.3097914282329595
0.32938178981152594,-1.7972956457383613,-0.48033793357665017,0.4862440876031262,-0.1539499938377716,0.5829222017135578,-0.19296952411517532,0.8074320918397474,-1.390572106430907,0.0747694711621766,0.17299957002490562,0.04623444741422129,0.3290672674230403,0.21536696582883766,-0.22121328593638562,1.2735605133756671
-0.03626433457478794,-0.7602942343171533,-0.24085307716756738,0.24560086045279353,-0.35941493924567847,-1.7154947899743744,-0.19296952411517532,0.8074320918397474,-1.390572106430907,0.0747694711621766,0.2888764923940748,-0.35330914948084086,0.21338569922798611,0.32942109063561587,-0.7129503095502738,1.1134691200236517
-0.9675480516336274,-1.105961371457556,-0.49630359067058866,0.6382292836980732,-0.35941493924567847,-1.7154947899743744,-0.19296952411517532,0.8074320918397474,-1.390572106430907,0.0747694711621766,0.25179658435945323,-0.5183388590664434,0.09108607390558252,-0.03629856712850209,-0.9032898117197997,0.7993493208626189
-0.9969892876835998,-0.27636024232058976,-1.0710672460523876,-0.38767078994281956,-0.3080487028937018,-1.7154947899743744,-0.19296952411517532,0.8074320918397474,-1.390572106430907,0.0747694711621766,0.032341719834474654,0.019407674756519326,0.15440370657763153,-0.96776957028951,-0.5789531202290745,0.671345055440936
-0.09791138898486611,-1.61293983926348,-0.8794793609251211,0.32159345850026677,-0.35941493924567847,-1.7154947899743744,-0.19296952411517532,0.876133635053387,-1.390572106430907,0.0747694711621766,0.0025113390993831823,-0.06854355458381305,0.3231227975818475,-0.9972167271284341,-0.19704650927516557,-0.33603656562484474
0.2897099415697744,-0.691160806889073,-1.0870329031463264,-0.31167819189534607,-0.35941493924567847,-1.7154947899743744,-0.19296952411517532,0.876133635053387,-1.390572106430907,0.0747694711621766,0.1147705181696903,0.05004237308863197,0.21857128162640044,-0.09795801908867066,-0.09275747378597751,-0.7052497038827317
-0.1198195526507994,-1.1981392746949966,-0.44840661938877197,0.7775490467851082,-0.35941493924567847,-1.7154947899743744,-0.19296952411517532,0.876133635053387,-1.390572106430907,0.0747694711621766,0.31479688224019153,0.17492745509541344,0.21495605424626313,0.28974126417445933,0.2144565208143742,0.7497928847081777
-0.7357025539421674,-0.552893952032912,0.6053267488111919,0.7775490467851082,-0.35941493924567847,-1.7154947899743744,-0.19296952411517532,0.876133635053387,-1.390572106430907,0.0747694711621766,0.33250801924948,0.2907695660411268,0.33384021606754594,-0.11987058860268603,0.3286102918260087,1.3570627875125991
-0.9019274396779929,-0.20722681489250946,-0.8315823896433048,-0.5649868520535912,-0.35941493924567847,-1.7154947899743744,5.18216544599624,0.876133635053387,-1.390572106430907,0.0747694711621766,0.15920685092739442,0.253700797449579,0.3222492940634647,-0.7358774472369785,-0.03742888595546303,1.0981679402509326
-0.85089814949273,-1.4055395569792384,-1.0231702747705709,0.29626259248444237,-0.05121752113381818,-1.7154947899743744,-0.19296952411517532,0.876133635053387,-1.390572106430907,0.0747694711621766,0.08631728124753318,0.03431186094600642,0.15198428417755905,-0.9021357616802566,-0.969713691778636,1.3709536206244355
-1.0777254053706145,-1.105961371457556,-0.6240288474220995,0.6508947167059856,-0.3080487028937018,-1.7154947899743744,-0.19296952411517532,0.876133635053387,-1.390572106430907,0.0747694711621766,0.05379323686340486,0.004490441771115076,0.3547328007845973,-0.8510962092336868,-0.9991865758538856,0.6901136276541895
-0.47136575470734243,-1.5898953634541197,0.4616358349657424,0.8535416448325815,-0.35941493924567847,-1.7154947899743744,-0.19296952411517532,0.9448351782670267,-1.2039186108834927,0.7948800156361521,0.05958030104494448,0.11671589625036889,0.20704389904266998,-1.0779690812775589,-0.0991422082196803,-0.34536384395767616
-0.4719871871333486,-0.045915484226988004,0.8607772623142137,-0.15969299580039883,-0.35941493924567847,-1.7154947899743744,-0.19296952411517532,0.9448351782670267,-1.2039186108834927,0.7948800156361521,0.2542691127409073,0.31668216895565593,0.4727681441849742,-0.47148748846775856,0.2888957981038223,-0.19444245347255765
-0.3959101549971115,0.7145522174818975,-0.36857833391907774,-0.4763288209982053,-0.35941493924567847,-1.7154947899743744,-0.19296952411517532,0.9448351782670267,-1.2039186108834927,0.7948800156361521,0.20463552796147158,0.33438798523431307,0.4919105698515013,-0.4721090458671265,-0.12107392219159598,0.7621215948353306
-0.4104027548408899,-0.16113786327378887,-0.9273763322069378,-0.2736818928716092,-0.35941493924567847,-1.7154947899743744,-0.19296952411517532,0.9448351782670267,-1.2039186108834927,0.7948800156361521,0.3423532267374855,0.16113887956829825,0.3318437589082192,-0.396016714235631,-0.7376189704418478,0.5233187800015808
-0.6106148740003486,-0.5759384278422721,0.014597436335454472,0.9928614079196165,-0.35941493924567847,-1.7154947899743744,-0.19296952411517532,0.9448351782670267,-1.2039186108834927,0.7948800156361521,0.14484790171521622,0.08827120717068923,0.267361335298244,-0.4105122286182178,-0.9040225405704255,-0.2014630249714156
-1.3170218299624123,-0.7602942343171533,0.5414641204354367,1.018192273935441,-0.35941493924567847,-1.7154947899743744,-0.19296952411517532,0.9448351782670267,-1.2039186108834927,0.7948800156361521,0.20743560590167726,0.05575693356971948,0.48702360209667184,-0.6107646114982994,-0.852938396157476,-0.33635954857473965
-1.5020473488687325,-0.29940471812994984,0.6851550342808861,0.8282107788167571,-0.35941493924567847,-1.7154947899743744,-0.19296952411517532,0.9448351782670267,-1.2039186108834927,0.7948800156361521,0.16576103897576352,0.061542259217496974,0.668419087442145,-1.3173136296514047,-1.080009481292916,0.1854100584390248
-0.5097597433842914,0.43801850776957557,1.2439530325687458,1.018192273935441,-0.35941493924567847,-1.7154947899743744,-0.19296952411517532,1.0135367214806663,-1.2039186108834927,0.7948800156361521,0.06750977385682032,0.2561725830409181,0.24932570416034733,-1.5023763581723706,-0.47299802085105,-0.8143270217967753
-0.7685857962687385,-1.1981392746949966,0.04652875052333206,1.1448466040145635,-0.35941493924567847,0.5829222017135578,-0.19296952411517532,1.0135367214806663,-1.2039186108834927,0.7948800156361521,-0.0476158536626862,0.1467842440317958,-0.0874746454161606,-0.8337047605540944,-0.41196948845880704,-0.7301597180672024
-0.7667436009145777,-0.6681163310797129,0.36584189240210907,1.170177470030388,-0.35941493924567847,0.5829222017135578,-0.19296952411517532,1.0135367214806663,-1.2039186108834927,0.7948800156361521,0.04950631332900766,0.20935314579384814,0.043853712193694244,-0.7687673025582461,-0.6123968267822032,-0.5953566798807012
-1.7887800275561179,-0.25331576651122967,0.7170863484687637,1.0815194389750022,-0.35941493924567847,0.5829222017135578,-0.19296952411517532,1.0135367214806663,-1.2039186108834927,0.7948800156361521,0.07233515516557378,0.16769109862568196,0.054154943961685825,-0.7669247367288146,-1.3195631389465787,-0.23274141239382362
-2.2062212737896183,0.18452927386661375,1.1002621187232964,0.9421996758879676,-0.35941493924567847,0.5829222017135578,-0.19296952411517532,1.0135367214806663,-1.2039186108834927,0.7948800156361521,-0.038965319418800375,0.06946934987915522,-0.3452006947198439,-1.7891667003244682,-1.5047875520939331,-0.7216089186082312
-0.9426056621864078,1.820687056331186,1.132193432911174,0.6002329846743364,-0.35941493924567847,0.5829222017135578,-0.19296952411517532,1.0822382646943058,-1.2039186108834927,0.7948800156361521,-0.18156694516983332,0.06328280531823974,-0.5101527689994758,-2.2066918962098945,-0.5114332813659775,-0.9108377000326118
-0.5138920664162789,1.9359094353779869,0.4297045207778648,-1.0842696053779937,-0.3080487028937018,0.5829222017135578,-0.19296952411517532,1.0822382646943058,-1.2039186108834927,0.7948800156361521,-0.0022887614904326913,0.15884020055235173,0.027340791484366602,-0.9428221647952869,-0.326771598075723,-0.5883936660698529
-0.609457101555217,1.0371748788129405,0.3498762353081706,0.05561936533410944,0.9761072059057163,0.5829222017135578,-0.19296952411517532,1.0822382646943058,-1.2039186108834927,0.7948800156361521,0.07677633649005117,-0.04562169191880937,-0.06056906275679445,-0.5140223524438653,-0.8355317530089347,-0.20871566026968053
-0.5936671187805542,0.7145522174818975,0.04652875052333206,-0.5269905530298543,0.15424742427408872,0.5829222017135578,-0.19296952411517532,1.0822382646943058,-1.2039186108834927,0.7948800156361521,0.3432676201784261,0.05147129790099412,0.05796107826486045,-0.6096066062189793,-0.7705375607980525,-0.10503520047754279
-0.952191634932119,0.2767071771040545,1.116227775817235,1.0561885729591778,-0.35941493924567847,0.5829222017135578,-0.19296952411517532,1.0822382646943058,-1.2039186108834927,0.7948800156361521,0.6933289857745717,0.0742932815602465,0.18278741029518564,-0.5938134479949094,-0.768693385165447,0.20038605560499115
-1.5836660700487628,0.023217943201092273,-0.6878914757978547,-0.61564858408524,0.9247409695537395,0.5829222017135578,-0.19296952411517532,1.0822382646943058,-1.2039186108834927,0.7948800156361521,0.1782717436593529,-0.03697375644441557,0.2985750253701245,-0.9524100653310347,-1.7918284557161515,0.3138736855363245
-1.6530163816566394,-0.9216055649826748,-0.1929561058857507,1.018192273935441,1.0788396786096697,0.5829222017135578,-0.19296952411517532,1.0822382646943058,-1.2039186108834927,0.7948800156361521,0.1351506049556488,-0.1795325422107647,0.2615236951246707,-1.5840114933107616,-2.2097184328076263,-0.05002948104587603
-1.102966907520808,-0.6220273794609924,1.0523651474414797,1.3981552641728086,-0.35941493924567847,0.5829222017135578,-0.19296952411517532,1.1509398079079456,-1.2039186108834927,0.7948800156361521,0.019708798647472887,-0.0003082167858020462,0.04223796626325395,-1.6533757516346683,-0.944744490367056,-0.9768739654307315
-0.8563131208396954,0.3227961287227747,-0.25681873426150587,0.2582662934607055,-0.35941493924567847,0.5829222017135578,-0.19296952411517532,1.1509398079079456,-1.2039186108834927,0.7948800156361521,0.03781845525998077,0.07873312867735481,0.01243057604719632,-1.103215659627909,-0.5155700464622707,-1.0061748613301769
-0.6955731958764036,-0.552893952032912,-0.7836854183614881,0.6382292836980732,-0.35941493924567847,0.5829222017135578,-0.19296952411517532,1.1509398079079456,-1.2039186108834927,0.7948800156361521,0.0921196915709101,0.34514435379380637,0.12460323604769809,-0.8565122695601525,-0.6112378097829521,-0.11138267697525792
-0.6225613322148618,-1.1981392746949966,-0.14505913460393405,1.3094972331174228,-0.35941493924567847,0.5829222017135578,-0.19296952411517532,1.1509398079079456,-1.2039186108834927,0.7948800156361521,0.1114740348991443,0.6951005549259316,0.3244754381592464,-0.6957400189441538,-0.5954308534758896,0.2743909446114155
-0.7160723618959346,-0.4607160487954713,-0.33664701973120015,1.1448466040145635,-0.35941493924567847,0.5829222017135578,-0.19296952411517532,1.1509398079079456,-1.2039186108834927,0.7948800156361521,0.2888581611835118,0.1801980448780879,0.3421729250500151,-0.6227134722090151,-0.954340767609061,-0.13318640905477847
-1.686430438521373,-0.06895996003634809,-0.12909347750999497,0.7395527477613714,-0.35941493924567847,0.5829222017135578,-0.19296952411517532,1.1509398079079456,-1.2039186108834927,0.7948800156361521,0.25493561823059274,0.13708986050721056,0.16900532135937954,-0.7162433074548561,-1.5864940097856581,-0.7461336262315926
-1.859559965272673,-0.5298494762235516,-0.7198227899857326,1.0308577069433533,-0.35941493924567847,0.5829222017135578,-0.19296952411517532,1.1509398079079456,-1.2039186108834927,0.7948800156361521,0.1555540979727795,0.02168273490613087,0.09617192826854597,-1.6867965282437218,-1.6559188699081087,-0.9115661530648936
-0.7859516462149887,-0.5759384278422721,-0.5442005619524053,1.3854898311648967,-0.35941493924567847,0.5829222017135578,-0.19296952411517532,1.2196413511215851,-1.2039186108834927,0.7948800156361521,0.24699065576150656,0.03978695106585413,0.06367295043211314,-1.8599608722624577,-1.1052781169403827,-0.8607801087220858
-0.5455998547586237,-0.7602942343171533,0.7649833197505803,1.4108206971807211,-0.35941493924567847,0.5829222017135578,-0.19296952411517532,1.2196413511215851,-1.2039186108834927,0.7948800156361521,0.5050270875227155,0.09407187435005868,0.06945555447583564,-0.7861366448691621,-0.8583591883588978,-1.0865261270058852
-0.4760730961252222,0.3227961287227747,-0.14505913460393405,0.2582662934607055,-0.35941493924567847,0.5829222017135578,-0.19296952411517532,1.2196413511215851,-1.2039186108834927,0.7948800156361521,0.559188671841048,0.11342040330017918,0.2639943179082271,-0.5457365173908669,-0.697446475092844,-0.48305686465726233
-0.11154459235568724,0.2767071771040545,2.2178581152990153,-0.058369531737100924,-0.35941493924567847,0.5829222017135578,-0.19296952411517532,1.2196413511215851,-0.6939717776376265,1.322037521257189,0.3385664889692348,0.29075124033757527,0.2143989861395633,-0.47619577655700135,-0.6243561269103813,-0.4836753348462191
-0.29991265888121343,1.0832638304316606,1.786785373762667,-0.15969299580039883,-0.35941493924567847,0.5829222017135578,-0.19296952411517532,1.2196413511215851,-0.6939717776376265,1.322037521257189,0.17930433791074804,0.2568388883008739,0.3520105447558815,-0.1115939641691047,-0.7179676768082691,-0.4079609458450574
-1.9895730589478353,0.23061822548533392,0.07846006471120964,0.6635601497138977,-0.3080487028937018,0.5829222017135578,-0.19296952411517532,1.2196413511215851,-0.6939717776376265,1.322037521257189,-0.003601594820277696,0.15748722396358944,0.1546574387070988,-0.2999999125133574,-1.6893688454046034,-0.42238446252805567
-1.7999871764173392,-0.552893952032912,0.07846006471120964,0.6382292836980732,-0.35941493924567847,0.5829222017135578,-0.19296952411517532,1.2196413511215851,-0.6939717776376265,1.322037521257189,-0.03805709229667282,0.24889631263536513,0.21719690603674055,-1.990000112261344,-1.8626844787320522,-0.6216422128256737
-1.0204191688076498,0.6684632658631773,1.3078156609445017,0.14427739638949538,0.35971236968199555,0.5829222017135578,-0.19296952411517532,1.2883428943352249,-0.6939717776376265,1.322037521257189,0.09184767619714823,0.5068552258078041,0.17555445804127714,-1.8003761030028542,-0.7879220782641421,-1.3246818761114085
-1.4858495855987595,1.0832638304316606,0.1582883501809039,-0.8689572442434853,0.7706422604978095,0.5829222017135578,5.18216544599624,1.2883428943352249,-0.6939717776376265,1.322037521257189,0.2021439353911871,0.561000539053276,0.07737891597799575,-1.0206513201260299,-0.5473119192732578,-1.5088254174699587
-1.0666033489162674,-0.11504891165506868,-0.5122692477645278,0.44824778857938935,8.835141367758155,0.5829222017135578,-0.19296952411517532,1.2883428943352249,-0.6939717776376265,1.322037521257189,0.29167592848924057,0.34044463488540716,0.07119528176747168,-1.4861753374461668,-0.47771042245254197,-0.5212678373038682
-0.8424032750551628,-0.8985610891733145,-0.5442005619524053,1.018192273935441,0.41107860603397234,0.5829222017135578,-0.19296952411517532,1.2883428943352249,-0.6939717776376265,1.322037521257189,0.12934548871997867,0.18123032892038354,0.16670772371629117,-1.066844788118582,-0.11279006668053083,-0.3376837420083604
-0.6157421519716704,-0.829427661745234,-0.06523084913423978,0.0176230663103728,-0.35941493924567847,0.5829222017135578,-0.19296952411517532,1.2883428943352249,-0.6939717776376265,1.322037521257189,0.09974426956394243,-0.0016206557179012553,-0.03765798327638148,-0.8425996264317482,-0.3013606205377946,-0.8434750415439974
-1.5221715189133516,-0.5989829036516322,-0.01733387785242312,1.600802192299405,-0.35941493924567847,0.5829222017135578,-0.19296952411517532,1.2883428943352249,-0.6939717776376265,1.322037521257189,0.17886907676696195,-0.03606580216935968,0.05938933086483554,-0.6158929205924556,-1.9928373307267366,-0.7788601210911043
-1.9347893886286824,-0.5298494762235516,-0.12909347750999497,1.8287799864418257,-0.3080487028937018,0.5829222017135578,-0.19296952411517532,1.2883428943352249,-0.6939717776376265,1.322037521257189,0.05830111896249849,0.09379994069440055,0.0822005783258077,-1.5225045752944786,-1.803047651766215,-0.7770267070928916
-0.493986705417926,-0.16113786327378887,1.563266174447523,0.35958975752400363,-0.35941493924567847,0.5829222017135578,-0.19296952411517532,1.3570444375488644,-0.6939717776376265,1.322037521257189,-0.022453077942927925,0.20406306499232818,-0.02901411607016954,-1.9352054246550974,-1.0226416430628131,-1.7941913020723494
-0.05005704016283545,1.2215306852878212,1.6111631457293396,0.4735786545952138,-0.35941493924567847,0.5829222017135578,-0.19296952411517532,1.3570444375488644,-0.6939717776376265,1.322037521257189,0.20872768755731733,0.2935681611374694,-0.1715058375789402,-0.49411298837168494,-1.488572376945582,-2.2096426941015896
-0.32247688132054386,0.737596693291258,-0.49630359067058866,-0.9449498422909588,1.2329383876656,0.5829222017135578,-0.19296952411517532,1.3570444375488644,-0.6939717776376265,1.322037521257189,0.25790068600591437,0.13128648822845057,0.007634174934264585,-0.050094046502905595,-1.0688754691202966,-0.9520504710830107
-0.901491295047054,0.48410745938829575,-0.36857833391907774,1.1575120370224758,-0.3080487028937018,0.5829222017135578,-0.19296952411517532,1.3570444375488644,-0.6939717776376265,1.322037521257189,0.32257557039339646,0.10169416178852882,0.08663833679542178,-0.322568672737674,-0.8444343901059891,-0.525380462425233
-0.991550372585784,-0.7602942343171533,-0.2248874200736283,1.9174380174972114,-0.35941493924567847,0.5829222017135578,-0.19296952411517532,1.3570444375488644,-0.6939717776376265,1.322037521257189,0.13683527196781628,0.18079519853654238,0.35292423346629936,-0.9016995293383157,-0.6175296163503399,-0.6204899592371196
-2.2371414969115677,-0.4607160487954713,-0.36857833391907774,1.9301034505051233,-0.35941493924567847,0.5829222017135578,-0.19296952411517532,1.3570444375488644,-0.6939717776376265,1.322037521257189,0.14699768731150611,0.06026346142338242,0.7027158038975685,-0.9917767182359024,-1.524933354730376,-0.6047752439734966
-2.1233747907388825,-0.4146270971767507,0.9885025190657246,1.9554343165209482,-0.35941493924567847,0.5829222017135578,-0.19296952411517532,1.3570444375488644,-0.6939717776376265,1.322037521257189,0.030522197640836534,-0.020466475530305277,0.18805552062218236,-2.237618337552952,-1.937994770387474,-0.9615907495224163
-0.5073259532013402,0.875863548147419,1.6750257741050947,1.6261330583152294,-0.35941493924567847,0.5829222017135578,-0.19296952411517532,1.4257459807625041,-0.6939717776376265,1.322037521257189,0.07856722841838167,0.21064483928590277,0.14496761573365927,-2.1238287522913644,-0.49564328808213115,-1.5900550794543495
-0.18669408042038804,2.5120213306119914,1.148159090005113,-1.1602622034254673,-0.35941493924567847,0.5829222017135578,-0.19296952411517532,1.4257459807625041,-0.6939717776376265,1.322037521257189,0.20085098004095822,0.2598030653187626,0.029614781372197647,-0.5074549187486821,-0.051236418091361674,-1.659074812782373
-1.0495848675401052,0.16148479805725363,0.44567017787180335,1.2081737690541248,5.855899659343504,0.5829222017135578,-0.19296952411517532,1.4257459807625041,-0.6939717776376265,1.322037521257189,0.2510134606602508,0.324458520256952,0.047710480723859826,-0.1867585651950243,-0.3239490985172426,-1.1116473082495353
-1.0009138526312555,-0.4376715729861112,-0.6399945045160387,0.7142218817455469,1.2329383876656,0.5829222017135578,-0.19296952411517532,1.4257459807625041,-0.6939717776376265,1.322037521257189,0.1683743220693546,0.13877402141638925,0.10196986662670841,-1.0498228842354187,-0.9035859271033183,-0.8661692680449687
-0.5364957039531691,-0.13809338746442879,-0.9433419893008766,-1.4135708635837123,1.1815721513136233,0.5829222017135578,-0.19296952411517532,1.4257459807625041,-0.6939717776376265,1.322037521257189,-0.01814189332171543,0.1489333837954626,0.121309293403839,-1.0011420813269467,-0.9937418141631413,-0.7061955563353183
-1.4375528299340288,-0.11504891165506868,-0.5601662190463444,0.14427739638949538,1.4384033330735069,0.5829222017135578,-0.19296952411517532,1.4257459807625041,-0.6939717776376265,1.322037521257189,0.11295330487208576,0.03249288536817648,0.29855670828757574,-0.5366305356923272,-2.2406718938004753,-0.6335317247984853
-1.8141482474031425,0.25366270129469404,-0.25681873426150587,0.7395527477613714,-0.1539499938377716,0.5829222017135578,-0.19296952411517532,1.4257459807625041,-0.6939717776376265,1.322037521257189,0.2493241754998291,0.080523482590902,0.2646603097166665,-1.4378688690473358,-2.126782893455543,-0.7265970071624579
-0.7600931320235512,0.06930689481981286,-0.28875004844938346,1.3728243981569843,-0.35941493924567847,0.5829222017135578,-0.19296952411517532,1.4944475239761437,-0.6939717776376265,1.322037521257189,0.2971766025401059,0.2027704980681576,0.16535538361141836,-1.8145400218552517,-0.5089968749663328,-1.6923295918993189
-0.8220658214452424,0.6454187900538172,-0.06523084913423978,1.0941848719829146,-0.3080487028937018,0.5829222017135578,-0.19296952411517532,1.4944475239761437,-0.6939717776376265,1.322037521257189,0.2630087246795968,0.2529179090142251,0.2567214704953018,-0.760272930393169,-0.1880203371177449,-1.8646338467835095
-1.0446760302496536,0.6454187900538172,0.06249440761727114,0.42291692256356495,-0.35941493924567847,0.5829222017135578,-0.19296952411517532,1.4944475239761437,-0.6939717776376265,1.322037521257189,0.2433479411483646,0.17030359664401798,0.5145590314627212,-0.8222580828518812,-1.0518386936301283,-0.7961431917005307
-0.609863776954335,0.5301964110070163,-0.27278439135544497,0.8155453458088451,-0.20531623018974834,0.5829222017135578,-0.19296952411517532,1.4944475239761437,-0.6939717776376265,1.322037521257189,0.15030059506973995,-0.016156586063213005,0.5686788730039088,-1.0449130597517138,-1.0031153595351046,-0.5569371064412562
-0.7980926013595129,0.7145522174818975,0.06249440761727114,1.6894602233547906,-0.35941493924567847,0.5829222017135578,-0.19296952411517532,1.4944475239761437,-0.6939717776376265,1.322037521257189,0.2961043829553555,0.11489922887494038,0.34822672545747907,-0.6100133634026802,-0.5381979819087632,-0.48774176717339063
-1.4837370100426506,-0.29940471812994984,1.8027510308566057,2.044092347576334,-0.35941493924567847,0.5829222017135578,-0.19296952411517532,1.4944475239761437,0.0026285511556547137,1.5149905601101274,0.21549387250422147,0.25122913134416347,0.18908731904472098,-0.7982800416242546,-1.4402237044067945,-0.124950893746672
-2.3547130492776387,0.13844032224789315,-0.14505913460393405,0.536905819634775,2.3116293510571113,0.5829222017135578,-0.19296952411517532,1.4944475239761437,0.0026285511556547137,1.5149905601101274,-0.06717535781237775,0.299067182691101,0.006322353415831781,-1.4840623370398924,-1.817223945276363,-0.3124210495062973
-0.9723673761324243,0.3919295561508554,0.509532806247559,-0.15969299580039883,-0.35941493924567847,0.5829222017135578,-0.19296952411517532,1.5631490671897834,0.0026285511556547137,1.5149905601101274,-0.44189995489242057,0.2649095694496417,-0.028106588926132228,-2.3552135341827043,-0.7620357673148045,-1.994027195516377
-0.6738610026020749,0.4149740319602155,0.014597436335454472,1.714791089370615,-0.35941493924567847,0.5829222017135578,-0.19296952411517532,1.5631490671897834,0.0026285511556547137,1.5149905601101274,-0.06700298843591,0.24525469235643862,0.10169806089742556,-0.9725898639800622,-0.8240750746338552,-1.8053450288233206
-0.4891592768803774,0.4149740319602155,0.7649833197505803,2.082088646600071,-0.35941493924567847,0.5829222017135578,-0.19296952411517532,1.5631490671897834,0.0026285511556547137,1.5149905601101274,0.10826731534085855,0.15223529930331337,0.21190931386010314,-0.6740234592324298,-1.0469245795569226,-1.029493057162271
1.0747094969693254,0.6684632658631773,2.409446000426282,2.107419512615895,-0.35941493924567847,0.5829222017135578,-0.19296952411517532,1.5631490671897834,0.0026285511556547137,1.5149905601101274,0.05902188306473227,0.29799528521958274,0.30137230391693703,-0.48928458901261584,-0.6116449223401191,-1.4927048655144717
2.636294773718365,3.111177701655356,2.8085874277747536,1.5754713262835804,-0.35941493924567847,0.5829222017135578,-0.19296952411517532,1.5631490671897834,0.0026285511556547137,1.5149905601101274,0.3682290265556673,0.21740899155430157,0.1391669735486724,1.0748986871542565,-0.80007608439792,-1.075457087044267
0.027462142505603648,2.5581102822307114,1.579231831541462,-0.46366338799029305,-0.35941493924567847,0.5829222017135578,-0.19296952411517532,1.5631490671897834,0.0026285511556547137,1.5149905601101274,0.7903820387317676,-0.06517532005654256,0.10958856829496197,2.6367980069970693,-1.4864575304642824,-0.8523257275557675
-1.3779516769430673,1.0141304030035798,-0.04926519204030071,-0.36233992392699493,-0.05121752113381818,0.5829222017135578,-0.19296952411517532,1.5631490671897834,0.0026285511556547137,1.5149905601101274,0.2723088506646232,-0.43978734341300396,0.18865239336026743,0.027440725684924117,-2.3583698303799956,-0.6267450501464376
-0.741221035965898,0.9680414513848598,0.030563093429393548,1.7527873883943519,-0.35941493924567847,0.5829222017135578,-0.19296952411517532,1.631850610403423,0.0026285511556547137,1.5149905601101274,0.005794904171262135,-0.06500300246280455,0.06817735826950955,-1.3782557299479266,-0.9745381968378991,-1.528853659848752
-0.47525974532698295,0.3227961287227747,0.509532806247559,2.1454158116396322,-0.35941493924567847,0.5829222017135578,-0.19296952411517532,1.631850610403423,0.0026285511556547137,1.5149905601101274,0.1265834804422566,0.11021464709568438,-0.012514600714198597,-0.7413970390567562,-0.6757109421720275,-1.9395046673763763
0.6520621425693858,1.0141304030035798,2.106098515641444,1.866776285465562,-0.35941493924567847,0.5829222017135578,-0.19296952411517532,1.631850610403423,0.0026285511556547137,1.5149905601101274,0.3147009566269465,0.06098400899566475,0.21848799187445386,-0.4753822621895963,-0.49081067027263353,-0.5055699860762223
-0.4330785919957382,1.2215306852878212,0.1103913788990878,-1.096935038385906,3.8012502052644357,0.5829222017135578,-0.19296952411517532,1.631850610403423,0.0026285511556547137,1.5149905601101274,0.9616613296170635,0.3700982613346125,0.2676230922899409,0.6521663361263855,1.0747391932704842,-0.06375643972115407
-0.798560793780055,1.1063083062410204,0.36584189240210907,-0.12169669677666221,3.90398267796839,0.5829222017135578,-0.19296952411517532,1.631850610403423,0.0026285511556547137,1.5149905601101274,0.17987300783608517,0.7921244514742836,0.33224813121370844,-0.4331926260043645,2.6380031050546546,-0.33487771306568503
-1.3473014656576707,1.2906641127159018,0.7011206913748251,0.35958975752400363,10.222029749261527,0.5829222017135578,-0.19296952411517532,1.631850610403423,0.0026285511556547137,1.5149905601101274,0.10836756704460862,0.2742069015166278,0.14665098435914664,-0.7987483282007793,0.02636609426637423,-0.9111320874432414
-1.602679618419153,0.9680414513848598,0.49356714915362,0.20760456142905664,0.6165435514418792,0.5829222017135578,-0.19296952411517532,1.631850610403423,0.0026285511556547137,1.5149905601101274,0.17805139319985824,0.007773020403487137,0.15680556744600196,-1.347599354742237,-1.3805584828151396,-1.0007618723912435
-0.5938280944593729,0.9219524997661391,0.22215097855665966,1.0815194389750022,0.15424742427408872,0.5829222017135578,-0.19296952411517532,1.7005521536170627,0.0026285511556547137,1.5149905601101274,0.17657563904647144,0.12852530970559062,0.04041984639029007,-1.6030288654067228,-0.7431433845894294,-2.2404155270541897
-0.5436784608439432,1.175441733669101,0.06249440761727114,0.8155453458088451,-0.35941493924567847,0.5829222017135578,-0.19296952411517532,1.7005521536170627,0.0026285511556547137,1.5149905601101274,0.17621139826524268,0.3165862721601175,0.08842784846865828,-0.5939744560467922,-0.4768961973382048,-2.127191122727872
-0.07053962973946819,1.1984862094784614,1.0363994903475406,0.24560086045279353,-0.35941493924567847,0.5829222017135578,-0.19296952411517532,1.7005521536170627,0.0026285511556547137,1.5149905601101274,0.20286956546031956,0.9633522871103175,0.21061735500116457,-0.5438147370736643,0.6516375116767855,-0.518845648484394
-0.6618928108290956,1.2215306852878212,0.1263570359930263,0.0176230663103728,-0.35941493924567847,0.5829222017135578,-0.19296952411517532,1.7005521536170627,0.0026285511556547137,1.5149905601101274,0.3071767059978016,0.1817988280074798,0.2607411749853247,-0.07058075523709886,-0.43466970113465053,-0.19974216008287143
-1.3842278865899749,0.875863548147419,0.07846006471120964,-0.6409794501010647,-0.10258375748579489,-1.7154947899743744,-0.19296952411517532,1.7005521536170627,0.0026285511556547137,1.5149905601101274,-0.031423631894814126,0.11031486868209579,0.17816572705615974,-0.6620528605925139,-0.8005447801045855,-1.0585197291723631
-2.073084809906914,0.5762853626257365,-0.20892176297968923,1.6641293573389662,2.157530642001181,-1.7154947899743744,-0.19296952411517532,1.7005521536170627,0.0026285511556547137,1.5149905601101274,-0.108723388590132,0.17997776061566684,-0.008206738758324256,-1.3845332017739314,-1.349875323909614,-1.010080718706093
-1.9100717020740898,-0.02287100841762791,1.0363994903475406,2.2340738426950173,-0.35941493924567847,-1.7154947899743744,-0.19296952411517532,1.7005521536170627,0.0026285511556547137,1.5149905601101274,-0.0820704239134999,0.1785024498042475,0.12278742329128267,-2.0735286578771275,-1.6055279968787437,-0.54787635319874
-0.626655713610883,0.6223743142444571,2.2018924582050774,2.2340738426950173,-0.35941493924567847,-1.7154947899743744,-0.19296952411517532,1.7692536968307022,0.0026285511556547137,1.5149905601101274,-0.11129540651835636,0.17813831844722347,0.2590531917708278,-1.9104827672424467,-0.5955920021964362,-1.4446383302775945
-1.6703940192956115,0.9680414513848598,0.5574297775293752,2.221408409687106,-0.35941493924567847,-1.7154947899743744,5.18216544599624,1.7692536968307022,0.0026285511556547137,1.5149905601101274,0.13936731735010985,0.20478847706968892,0.30686873855320734,-0.626808677006883,-0.5453884599451866,-1.8194385969763487
-1.5359008656529856,0.3919295561508554,0.5414641204354367,2.2340738426950173,-0.35941493924567847,-1.7154947899743744,5.18216544599624,1.7692536968307022,0.0026285511556547137,1.5149905601101274,-0.1946252049136648,0.30906428194546653,0.27272719415633295,-1.6707568840088738,-0.07174102554494644,-0.770407939581646
0.6545430835232493,1.0602193546223,2.71279348521112,1.8541108524576502,-0.35941493924567847,-1.7154947899743744,-0.19296952411517532,1.7692536968307022,0.0026285511556547137,1.5149905601101274,-0.015174160344985872,-0.02943433457326684,0.2530815633521815,-1.5362366830786676,-0.66372988512277,-0.8320852182893561
0.9552939074221003,2.3737544757558298,2.5531369142717315,0.5622366856505999,-0.35941493924567847,-1.7154947899743744,-0.19296952411517532,1.7692536968307022,0.0026285511556547137,1.5149905601101274,0.18349720297027425,-0.10671086909018773,0.16010592962614353,0.6546477760106528,-1.3868414391095458,-1.053634291271906
-0.9264097407434179,2.1663541934715886,0.5574297775293752,-1.1349313374096428,-0.05121752113381818,-1.7154947899743744,-0.19296952411517532,1.7692536968307022,0.0026285511556547137,1.5149905601101274,0.3373237477598846,-0.08006591142324092,0.3057973453368828,0.9554590824976777,-2.076438853120711,-0.6208946961005515
-1.565615428828093,1.5211088708095035,0.36584189240210907,-0.6029831510773278,-0.20531623018974834,-1.7154947899743744,-0.19296952411517532,1.7692536968307022,0.0026285511556547137,1.5149905601101274,0.09845106380583632,-0.10928211433992352,0.22524896206713851,-0.9266229862664674,-1.9132505134141822,-0.8082262734775906
-1.288011581427812,1.3137085885252624,0.49356714915362,2.107419512615895,-0.1539499938377716,-1.7154947899743744,-0.19296952411517532,-1.7345250070649192,0.0026285511556547137,1.5149905601101274,0.0377470023843795,0.1413053061286356,-0.057202412755842064,-1.5659572220102633,-0.6284549095851294,-1.490602360159595
-1.6157724297514728,0.898908023956779,0.9246398906899689,2.158081244647544,-0.35941493924567847,-1.7154947899743744,5.18216544599624,-1.7345250070649192,0.6992288799489359,1.3220375212571898,0.04362300414976246,-0.19258687902844104,-0.43163820651627177,-1.2882975470017313,-1.673315187738168,-2.3574266406761546
-1.0604531202353926,1.5671978224282237,0.28601360693241484,1.4741478622202824,-0.35941493924567847,-1.7154947899743744,-0.19296952411517532,-1.7345250070649192,0.6992288799489359,1.3220375212571898,-0.007280944476087097,-0.013189744644588757,-0.05703017622586613,-1.616124309772946,-1.5386774599099042,-0.9816703172280952
-0.15287961036829334,0.9910859271942198,1.4515065747899512,1.6387984913231417,-0.35941493924567847,-1.7154947899743744,-0.19296952411517532,-1.7345250070649192,0.6992288799489359,1.3220375212571898,0.10229463108540246,0.1854219343710239,0.11810504529061108,-1.0606933225940518,0.6541211195323335,-0.6845868604979594
0.9152956874379415,1.4750199191907833,3.5430076540959408,1.613467625307317,-0.35941493924567847,-1.7154947899743744,-0.19296952411517532,-1.7345250070649192,0.6992288799489359,1.3220375212571898,0.3848745312382368,0.33920226701692235,0.06889756687293966,-0.15293729487339092,0.9551952372514825,-0.5007655688703471
-1.738826364332295,1.336753064334622,0.1263570359930263,-0.22302016083996012,-0.25668246654172505,-1.7154947899743744,-0.19296952411517532,-1.7345250070649192,0.6992288799489359,1.3220375212571898,0.3337915494214265,0.10040134453170786,0.37786640188296866,0.9154528186590231,-0.9285311590255704,1.0556485730218441
-2.0082175051896787,0.6915077416725374,0.2700479498384763,2.056757780584246,0.000148715218158527,-1.7154947899743744,-0.19296952411517532,-1.7345250070649192,0.6992288799489359,1.3220375212571898,0.032341135905272406,0.03971551965592747,0.7996940572710407,-1.7392029911536337,-1.568423964924847,2.6097901027614867
-0.8096533810025791,1.2676196369065422,0.4297045207778648,1.9680997495288601,-0.35941493924567847,-1.7154947899743744,-0.19296952411517532,-1.6658234638512794,0.6992288799489359,1.3220375212571898,-0.11005708099846034,0.04558975616916617,0.28202015245800405,-2.00864830800036,-1.2905217056791987,0.013393225385387699
-0.5465520793118153,1.175441733669101,0.5893610917172534,1.8034491204260008,-0.35941493924567847,-1.7154947899743744,-0.19296952411517532,-1.6658234638512794,0.6992288799489359,1.3220375212571898,0.045068588620176375,-0.005298900033697377,0.01571161044855,-0.809843146201514,-1.6186348824035768,-1.3853212833876183
-1.1331861312908345,1.0371748788129405,0.014597436335454472,1.7401219553864395,-0.20531623018974834,-1.7154947899743744,-0.19296952411517532,-1.6658234638512794,0.6992288799489359,1.3220375212571898,0.20435744233098768,0.1042437571374579,0.13640709397337772,-0.546688933441474,-1.0627186292158841,-0.7516258028177194
-0.9419853348565905,0.43801850776957557,0.1582883501809039,1.4108206971807211,-0.35941493924567847,-1.7154947899743744,-0.19296952411517532,-1.6658234638512794,0.6992288799489359,1.3220375212571898,0.0994794227784963,0.386738765420857,0.3243795864766581,-1.1334409606443503,-0.15416951800744055,-0.4869322934465237
-0.08369837847798284,0.2997516529134146,1.5951974886354006,2.1327503786317195,-0.35941493924567847,-1.7154947899743744,-0.19296952411517532,-1.6658234638512794,0.6992288799489359,1.3220375212571898,0.13612659343822472,0.3356711298116872,0.970841341802406,-0.9422017127143487,0.9151540209517155,0.6350158892436036
-0.901445617737731,1.4058864917627028,0.6851550342808861,1.7654528214022644,-0.35941493924567847,-1.7154947899743744,-0.19296952411517532,-1.6658234638512794,0.6992288799489359,1.3220375212571898,0.29591431676791113,0.03431127719222656,0.1896555506914837,-0.0837421502698797,-1.741821094516003,-0.4449522087591996
-1.4006337763096812,0.6454187900538172,1.6111631457293396,2.107419512615895,-0.35941493924567847,-1.7154947899743744,-0.19296952411517532,-1.6658234638512794,0.6992288799489359,1.3220375212571898,0.07654657330570078,-0.1080441608343438,0.11820521972955103,-0.9016538428430431,-2.011501818922829,-0.8086922341238055
1.9306635952839668,1.6363312498563045,1.8985449734202384,2.082088646600071,-0.35941493924567847,-1.7154947899743744,-0.19296952411517532,-1.59712192063764,0.6992288799489359,1.3220375212571898,-0.03369240413603519,0.04703490636110503,0.1878353399885937,-1.4009423908052028,-0.8116492913672624,-1.3548171751822073
2.33039235973194,1.7976425805218255,1.5951974886354006,0.9675305419037921,-0.35941493924567847,-1.7154947899743744,-0.19296952411517532,-1.59712192063764,0.6992288799489359,1.3220375212571898,0.8734076341530689,0.20627590695651646,0.1863607232110337,1.9310249223846112,-0.5482651674256855,-1.608977994257731
1.1866553729809237,1.8898204837592667,1.0044681761596632,0.35958975752400363,-0.35941493924567847,-1.7154947899743744,-0.19296952411517532,-1.59712192063764,0.6992288799489359,1.3220375212571898,1.1484566157948648,0.101429394567619,0.1859967631531617,2.330834074410341,-1.135529825038041,-0.6049354523152729
1.7937020251109996,2.097220766043508,1.9304762876081165,-1.096935038385906,-0.35941493924567847,-1.7154947899743744,-0.19296952411517532,-1.59712192063764,0.6992288799489359,1.3220375212571898,0.7921320518421429,0.13806555578603497,0.21263438468019133,1.1868670760761397,-0.9441234962128234,-0.5550248714053249
1.033890927244369,2.465932378993271,1.3237813180384401,-1.5275597606549227,-0.3080487028937018,-1.7154947899743744,-0.19296952411517532,-1.59712192063764,0.6992288799489359,1.3220375212571898,0.7702283754777616,0.297805276131295,0.31686113484916995,1.7940358085123882,-0.08491391935576666,-0.08414139312179571
-1.4124796707706062,1.1293527820503808,0.49356714915362,1.9680997495288601,0.15424742427408872,-1.7154947899743744,-0.19296952411517532,-1.59712192063764,0.6992288799489359,1.3220375212571898,0.4689756440613073,0.07850343451782266,-0.021478240986597886,1.0340719085981138,-0.90354020069291,-0.6726757185659619
-1.3689624561417124,0.8297745965286983,0.39777320658998666,1.8414454194497376,-0.35941493924567847,-1.7154947899743744,-0.19296952411517532,-1.59712192063764,0.6992288799489359,1.3220375212571898,0.010594215011409162,-0.03170242523622712,-0.09871842212559293,-1.4127906675384254,-1.4032649644343491,-1.3915675756694705
0.7111851572740652,1.5671978224282237,0.7490176626566418,1.714791089370615,-0.35941493924567847,-1.7154947899743744,-0.19296952411517532,-1.5284203774240002,0.6992288799489359,1.3220375212571898,0.05735830480331629,0.8751251045766073,-0.07208599910738443,-1.369264701366521,1.9316134043444406,-2.0771408636069078
1.5161968996373203,1.7054646772843851,1.0204338332536023,1.8541108524576502,-0.35941493924567847,-1.7154947899743744,-0.19296952411517532,-1.5284203774240002,0.6992288799489359,1.3220375212571898,0.7809686764433929,1.1500914567666083,-0.10128845777851012,0.7113012407833637,2.3317718595166688,-1.9149048048100792
0.3415805783234997,1.6363312498563045,0.5574297775293752,1.613467625307317,-0.35941493924567847,-1.7154947899743744,-0.19296952411517532,-1.5284203774240002,0.6992288799489359,1.3220375212571898,1.6010186949302547,0.7938739388505766,0.149181078273302,1.5164748752839614,1.1868054061425215,-0.6376065891436444
2.5805198321138554,1.3137085885252624,3.2556258264050406,1.9427688835130357,-0.35941493924567847,-1.7154947899743744,-0.19296952411517532,-1.5284203774240002,0.6992288799489359,1.3220375212571898,0.6025057004057117,0.7719768427278653,-0.1845540332149128,0.34162233238875533,1.794504606547352,-1.676369614895081
3.5385277220488454,2.189398669280949,3.574938968283818,1.3474935321411599,-0.35941493924567847,-1.7154947899743744,-0.19296952411517532,-1.5284203774240002,0.6992288799489359,1.3220375212571898,35.90800819392675,0.4708146128209966,-0.005241293037734496,2.5810118487555456,1.0338767453902684,-1.5425175616938576
-0.4454309888785753,1.9128649595686265,0.9086742335960304,1.6514639243310538,-0.35941493924567847,-1.7154947899743744,5.18216544599624,-1.5284203774240002,0.6992288799489359,1.3220375212571898,6.64287686356492,0.012570889447989817,0.1932769526287654,3.539212399165819,-1.4151235927073564,0.6374850040762294
-1.551786255065666,1.5671978224282237,1.1800904041929907,0.8155453458088451,-0.35941493924567847,-1.7154947899743744,-0.19296952411517532,-1.5284203774240002,0.6992288799489359,1.3220375212571898,0.6768932135117157,0.05932093050181358,0.346984942038969,-0.4455475070198265,-1.3715595989994107,0.9368022123542727
-0.6254905738577926,0.898908023956779,2.2497894294868934,1.866776285465562,-0.35941493924567847,-1.7154947899743744,5.18216544599624,-1.4597188342103606,0.6992288799489359,1.3220375212571898,0.05565795216958247,0.7827139171220852,0.10829635922113759,-1.552125267127537,0.7108240810046695,-0.9359317521749068
1.2959641211100044,1.3597975401439826,2.616999542647487,1.6514639243310538,-0.35941493924567847,-1.7154947899743744,-0.19296952411517532,-1.4597188342103606,0.6992288799489359,1.3220375212571898,0.5741928005784084,1.6025175784580594,0.04763908291757569,-0.6256433029379995,1.5167011753500053,-1.5720904818257937
1.5654543522593858,1.4750199191907833,2.8245530848686924,0.6635601497138977,-0.35941493924567847,-1.7154947899743744,-0.19296952411517532,-1.4597188342103606,0.6992288799489359,1.3220375212571898,0.834870794084239,0.6043045544364245,0.05351055600021638,1.2961978067750808,0.34082219349554566,-1.2958099133009287
-0.7800139643686124,1.2906641127159018,0.17425400727484297,1.6641293573389662,1.3356708603695533,0.5829222017135578,-0.19296952411517532,-1.4597188342103606,0.6992288799489359,1.3220375212571898,0.8777836576073514,35.89920066687231,0.0026458394649718155,1.5657422338413884,2.582168207857291,-1.622008394925292
-1.2113271147506801,0.23061822548533392,0.6053267488111919,1.7907836874180887,-0.35941493924567847,0.5829222017135578,-0.19296952411517532,-1.4597188342103606,1.2091757131948027,0.7948800156361522,0.22535075773250926,6.6428610860530295,0.11213696423188511,-0.7801977689234276,3.541205913859275,-1.0693361752038057
0.28617216028975884,0.7836856449099782,2.2338237723929546,1.6261330583152294,-0.35941493924567847,0.5829222017135578,-0.19296952411517532,-1.4597188342103606,1.2091757131948027,0.7948800156361522,0.3069760198857048,0.678669720252169,0.3944990777385905,-1.2115976586710284,-0.4470353762972486,-0.1660888764636103
0.9152312234933371,1.7285091530937455,2.8405187419626317,1.448816996204458,-0.35941493924567847,0.5829222017135578,-0.19296952411517532,-1.4597188342103606,1.2091757131948027,0.7948800156361522,1.297192636155122,0.05762108868329945,0.34345546599473353,0.2862027714278369,-1.5545799254128962,0.8969946554320815
-0.12493135927541078,1.9359094353779869,0.36584189240210907,-0.6789757491248013,-0.35941493924567847,0.5829222017135578,-0.19296952411517532,-1.391017290996721,1.2091757131948027,0.7948800156361522,0.8631255211114714,0.576000160291918,0.04223738278409072,0.9153883417503769,-0.6272885173583896,-1.744475757404565
-0.0856573456632305,1.4058864917627028,1.0363994903475406,-0.007707799705451849,-0.35941493924567847,0.5829222017135578,-0.19296952411517532,-1.391017290996721,1.2091757131948027,0.7948800156361522,0.24647694713820645,0.8365998416383298,-0.10005108664624623,-0.12498342323876183,1.296231656336323,-2.0125827676230577
1.4464310718607767,1.5902422982375843,2.281720743674772,1.0308577069433533,-0.35941493924567847,0.5829222017135578,-0.19296952411517532,-1.391017290996721,1.2091757131948027,0.7948800156361522,0.10630563176192595,0.8794998133980673,0.05495502634682554,-0.0857015114138337,1.5660115775528232,-0.8197319453272012
1.5271568753166478,2.097220766043508,1.259918689662685,1.3221626661253354,2.465728060113041,0.5829222017135578,-0.19296952411517532,-1.391017290996721,1.2091757131948027,0.7948800156361522,0.5139996837388223,0.22726291560448228,0.21412111483195503,1.4466950172288793,-0.781978013672665,-0.5578847919412332
-0.2605977567098799,1.498064395000144,0.4297045207778648,0.8155453458088451,-0.35941493924567847,0.5829222017135578,-0.19296952411517532,-1.391017290996721,1.2091757131948027,0.7948800156361522,0.5480013153216413,0.30886365612293454,0.10932392562910505,1.527437055072614,-1.2137548065955046,-1.141722483365983
-1.8562627265973877,0.6915077416725374,-0.11312782041605646,-0.13436212978457443,-0.35941493924567847,0.5829222017135578,-0.19296952411517532,-1.391017290996721,1.2091757131948027,0.7948800156361522,0.22798491335981205,1.2987827942643764,0.14594285201390883,-0.26067710390636956,0.2853542138655619,-0.9514331007224829
-1.921246066414913,0.3227961287227747,0.4616358349657424,1.119515737998739,0.8733747332017628,0.5829222017135578,-0.19296952411517532,-1.391017290996721,1.2091757131948027,0.7948800156361522,-0.2834858259877419,0.8648460804588765,0.30560742563500753,-1.8566629704949609,0.9150894877112246,-0.09723741688587051
-0.4994348296506888,0.6454187900538172,1.132193432911174,0.49890952061103866,-0.35941493924567847,0.5829222017135578,-0.19296952411517532,-1.3223157477830814,1.2091757131948027,0.7948800156361522,0.05597566162898287,0.24838275833898407,0.08640875069144156,-1.921659378807293,-0.12619122378200953,-0.911086627867999
-0.9700908779743163,1.5671978224282237,0.17425400727484297,-0.28634732587952144,-0.35941493924567847,0.5829222017135578,-0.19296952411517532,-1.3223157477830814,1.2091757131948027,0.7948800156361522,0.1465800428842032,0.10825355284028881,-0.023745264666449308,-0.4995622082511696,-0.08687499234400747,-1.4078952619798877
-1.0440851721516549,0.04626241901045278,-0.1929561058857507,1.1448466040145635,0.35971236968199555,0.5829222017135578,-0.19296952411517532,-1.3223157477830814,1.2091757131948027,0.7948800156361522,-0.1777590193401477,0.515825126501455,0.8826556641851627,-0.9703129080060826,1.446860352397403,1.9075225190358855
-0.9731943564503781,0.16148479805725363,0.44567017787180335,1.2081737690541248,-0.35941493924567847,0.5829222017135578,-0.19296952411517532,-1.3223157477830814,1.2091757131948027,0.7948800156361522,0.052326421991874254,0.5498165434084695,1.1574926633214775,-1.0443220828290134,1.5276729325179481,2.305345860937148
-0.5123412480917406,0.737596693291258,0.38180754949604817,1.0688540059670901,-0.35941493924567847,0.5829222017135578,-0.19296952411517532,-1.3223157477830814,1.2091757131948027,0.7948800156361522,0.23153184475302802,0.22989627988606137,0.8014427216319622,-0.9734170106081506,-0.26200345658724855,1.1670608266996623
-1.0607065556290476,1.0371748788129405,0.44567017787180335,1.2081737690541248,-0.35941493924567847,0.5829222017135578,-0.19296952411517532,-1.3223157477830814,1.2091757131948027,0.7948800156361522,0.28356657414229064,-0.2814208048413263,0.7795559266105593,-0.5124712222415245,-1.8593836956711725,1.7712138157242787
-0.9130885428644953,0.7836856449099782,1.3716782893202568,0.6762255827218101,-0.35941493924567847,0.5829222017135578,-0.19296952411517532,-1.3223157477830814,1.2091757131948027,0.7948800156361522,0.385677591923713,0.05793870269730571,0.47853537314440114,-1.0609468089549106,-1.9244368897019395,1.0150245767927077
-0.2850888985448516,1.4750199191907833,0.509532806247559,0.2835971594765299,-0.35941493924567847,0.5829222017135578,-0.19296952411517532,-1.2536142045694416,1.2091757131948027,0.7948800156361522,0.24919497160788714,0.14851586483573956,0.020507222420479435,-0.9132991094238937,-0.5010972688072348,-1.4196846895652728
-0.7612722696617595,0.48410745938829575,-0.033299534946362196,0.8535416448325815,-0.35941493924567847,0.5829222017135578,-0.19296952411517532,-1.2536142045694416,1.2091757131948027,0.7948800156361522,0.2007882630505962,-0.17572576034758972,0.06723527074493064,-0.285173171040053,-0.9722592515450604,-1.37637491230216
-0.876150334239466,0.43801850776957557,0.44567017787180335,0.7775490467851082,-0.35941493924567847,0.5829222017135578,-0.19296952411517532,-1.2536142045694416,1.2091757131948027,0.7948800156361522,0.20588685890620284,0.054290559354642116,0.7902879499381686,-0.7614523051622195,-1.0463330863126283,0.693857077031465
-0.7830990245747887,0.5532408868163764,-0.0013682207584846068,0.19493912842114422,-0.35941493924567847,0.5829222017135578,-0.19296952411517532,-1.2536142045694416,1.2091757131948027,0.7948800156361522,0.2536646702283455,0.23344214571999103,1.6097059491515873,-0.8763534723289065,-0.9753660661230811,1.495031498539454
-0.8076745220858503,0.898908023956779,0.1263570359930263,1.170177470030388,-0.35941493924567847,0.5829222017135578,-0.19296952411517532,-1.2536142045694416,1.2091757131948027,0.7948800156361522,0.2802897430999126,0.28546124298024866,0.6119625167794694,-0.7832834495515982,-0.514017561076694,0.32601432500139305
-1.5452532947365216,1.1063083062410204,0.8607772623142137,1.1828429030383003,-0.35941493924567847,0.5829222017135578,-0.19296952411517532,-1.2536142045694416,1.2091757131948027,0.7948800156361522,0.18938657821010882,0.3875415848530706,35.890254770032875,-0.807863889325746,-1.0629723370413666,2.5542810285168644
-1.0304541789732236,0.5071519351976562,1.9943389159838718,1.2588355010857741,-0.35941493924567847,0.5829222017135578,-0.19296952411517532,-1.2536142045694416,1.2091757131948027,0.7948800156361522,-0.01956770850914184,0.2510999662672962,6.64767831635377,-1.5455909929853695,-0.9151956414487085,3.5077222972933044
0.9291569089899769,1.4750199191907833,2.2018924582050774,1.2335046350699492,-0.35941493924567847,0.5829222017135578,-0.19296952411517532,-1.184912661355802,1.2091757131948027,0.7948800156361522,0.06196119631227743,0.20270779991905977,0.6862926988191644,-1.0306883483854503,-0.28652092531537593,-0.4572457243764891
0.16572035887865794,1.451975443381423,0.3019792640263539,0.8028799128009326,-0.35941493924567847,0.5829222017135578,-0.19296952411517532,-1.184912661355802,1.2091757131948027,0.7948800156361522,0.48589230934703587,0.20780486406864826,0.0655362285869141,0.9293168277763387,-0.7632161724737689,-1.558327228812217
0.3247182838759809,0.2997516529134146,0.8448116052202747,1.1828429030383003,-0.35941493924567847,0.5829222017135578,-0.19296952411517532,-1.184912661355802,1.2091757131948027,0.7948800156361522,0.2929737726534915,0.25556832211329855,0.5836714379362214,0.16572674651967248,-0.8782177258848036,-0.6364470033655317
2.181278783452508,1.0832638304316606,2.616999542647487,1.1068503049908267,-0.35941493924567847,0.5829222017135578,-0.19296952411517532,-1.184912661355802,1.2091757131948027,0.7948800156361522,0.3560146097166958,0.2821853963543591,0.8441485247749658,0.32475664684425626,-0.7850663901819754,1.2758485231262828
3.154484324602574,2.535065806421352,2.8245530848686924,0.9675305419037921,-0.35941493924567847,0.5829222017135578,-0.19296952411517532,-1.184912661355802,1.3958292087422168,0.07476947116217694,0.6544401413569343,0.19130954034109215,0.8870283150022867,2.1816905105986772,-0.8096683052648098,1.5440541512942914
1.8713258235523982,2.465932378993271,2.5371712571777927,1.1068503049908267,-0.35941493924567847,0.5829222017135578,-0.19296952411517532,-1.184912661355802,1.3958292087422168,0.07476947116217694,9.682185309203511,-0.017581972911197494,0.235098250513157,3.155091768552411,-1.5480399424406373,-0.7902338135287247
1.3064430115798735,3.111177701655356,2.489274285895976,-0.03303866572127628,-0.35941493924567847,0.5829222017135578,-0.19296952411517532,-1.184912661355802,1.3958292087422168,0.07476947116217694,0.4259404764760074,0.06392243922288078,0.31666060340750524,1.8716752175119649,-1.0326874404200264,-1.2194909852709617
1.1540222507594162,1.7054646772843851,0.6691893771869476,0.9042033768642308,-0.35941493924567847,0.5829222017135578,-0.19296952411517532,-1.1162111181421623,1.3958292087422168,0.07476947116217694,0.5969723186359253,0.4877261960490844,1.3061140516112466,1.3066788046054838,0.9290301427032299,0.2708700271871337
0.383749575596617,1.4750199191907833,0.6212924059051309,0.10628109736575851,-0.35941493924567847,0.5829222017135578,-0.19296952411517532,-1.1162111181421623,1.3958292087422168,0.07476947116217694,0.4477403258110722,0.2948656154069781,0.872381475652397,1.1542273911604173,0.16477293210080762,0.896930498773478
-0.8944720923928791,0.36888508034149486,-0.5122692477645278,0.6128984176822488,0.051514951570135296,0.5829222017135578,-0.19296952411517532,-1.1162111181421623,1.3958292087422168,0.07476947116217694,0.3116286578989719,0.3578875139168523,0.25620815779144995,0.38379981007121183,0.32394177282805425,-0.13827384877747223
-0.4674445050482653,-0.4376715729861112,0.2700479498384763,0.8282107788167571,0.15424742427408872,0.5829222017135578,-0.19296952411517532,-1.1162111181421623,1.3958292087422168,0.07476947116217694,-0.02800384187486976,0.6562233933870163,0.11614487359729805,-0.8946789150852033,2.1824979927445667,-0.09918704608852842
-0.26400845192766825,-0.06895996003634809,1.0204338332536023,-0.5649868520535912,-0.35941493924567847,0.5829222017135578,-0.19296952411517532,-1.1162111181421623,1.3958292087422168,0.07476947116217694,0.19061957631525006,9.681256471082564,0.5235247124253514,-0.46756545022454665,3.1567496867638245,1.4255982297205299
-1.0321435026873182,0.5301964110070163,0.6851550342808861,0.6762255827218101,-0.35941493924567847,0.5829222017135578,-0.19296952411517532,-1.1162111181421623,1.3958292087422168,0.07476947116217694,0.2206722131025869,0.42779237374131873,0.557500138671905,-0.2640884850330827,1.8722118471353715,1.505939230330855
-1.3902595016127755,0.6223743142444571,0.5254984633414976,-0.5776522850615035,-0.35941493924567847,0.5829222017135578,-0.19296952411517532,-1.1162111181421623,1.3958292087422168,0.07476947116217694,0.12540026175386298,0.598772834989834,0.23773037597511842,-1.0323780118315171,1.3067218111495067,-0.2732935531653209
-1.3000081373364165,0.9910859271942198,0.22215097855665966,0.49890952061103866,-0.3080487028937018,0.5829222017135578,5.18216544599624,-1.0475095749285228,1.3958292087422168,0.07476947116217694,-0.04090658921370204,0.4495856740261415,-0.2733461686796943,-1.390566029786551,1.1541372047594194,-1.8613523253481943
-0.7940494227537798,0.9680414513848598,-0.1929561058857507,-0.48899425400611746,-0.35941493924567847,0.5829222017135578,-0.19296952411517532,-1.0475095749285228,1.3958292087422168,0.07476947116217694,0.0161030039933884,0.3135148964036009,0.065853693185029,-1.300296515481451,0.38303652057374815,-1.9260259033175324
-0.45118817168005193,0.06930689481981286,-0.28875004844938346,0.05561936533410944,-0.35941493924567847,0.5829222017135578,-0.19296952411517532,-1.0475095749285228,1.3958292087422168,0.07476947116217694,-0.020048513350677765,-0.026015571917150235,0.15638824490068376,-0.7942360499138279,-0.8965591791170571,-0.5109921402521024
-0.595199887200603,0.11539584643853305,0.06249440761727114,0.7522181807692838,-0.3080487028937018,0.5829222017135578,-0.19296952411517532,-1.0475095749285228,1.3958292087422168,0.07476947116217694,0.34357215159757204,0.19254216803236426,-0.1677008465489155,-0.45130584762134474,-0.46907255602219816,-0.9794046706556218
-0.7135671088258193,0.023217943201092273,0.28601360693241484,0.5115749536189507,-0.35941493924567847,0.5829222017135578,-0.19296952411517532,-1.0475095749285228,1.3958292087422168,0.07476947116217694,0.3801002779185759,0.2225857764899545,0.062207266046831515,-0.5953465246628291,-0.2654178181513914,-1.0530462496695967
-1.1599998169586396,0.13844032224789315,0.828845948126336,0.6888910157297226,-0.35941493924567847,0.5829222017135578,-0.19296952411517532,-1.0475095749285228,1.3958292087422168,0.07476947116217694,0.1858879131506255,0.12734244647647192,0.24127457371922573,-0.7137375505650413,-1.0343785800823209,-0.9824933555056364
-1.1195116709954664,0.5993298384350966,0.828845948126336,0.5749021186585119,-0.35941493924567847,0.5829222017135578,-0.19296952411517532,-1.0475095749285228,1.3958292087422168,0.07476947116217694,0.12678803283517687,-0.03891444304843254,0.2932691995158769,-1.1602600386867685,-1.3928795378514534,-0.5238370365239182
0.08027947833155337,1.1293527820503808,1.2439530325687458,0.536905819634775,-0.35941493924567847,0.5829222017135578,-0.19296952411517532,-0.9788080317148832,1.3958292087422168,0.07476947116217694,0.19672155722236045,0.01807802349487016,0.3953015194986115,-1.1197637503423825,-1.3025311573542715,-1.0695884025244968
0.1787398654968243,1.2215306852878212,0.47760149205968094,-0.24835102685578478,-0.35941493924567847,0.5829222017135578,-0.19296952411517532,-0.9788080317148832,1.3958292087422168,0.07476947116217694,0.2544982354194128,-0.018062633310677173,0.2589240874573848,0.08026868335765648,-0.7960285595541927,-0.9226740536311464
0.23056629840282317,1.7745981047124657,0.47760149205968094,-0.4509979549823808,-0.35941493924567847,0.5829222017135578,-0.19296952411517532,-0.9788080317148832,1.3958292087422168,0.07476947116217694,0.2745398883322478,0.3454487937264685,0.21055468634730126,0.17874887142977502,-0.4527987478153443,-0.2976679509028006
0.2443508999521233,1.5211088708095035,0.6212924059051309,-0.2736818928716092,-0.35941493924567847,0.5829222017135578,-0.19296952411517532,-0.9788080317148832,1.3958292087422168,0.07476947116217694,0.38404150357128775,0.3819659463691297,0.21564935267327487,0.23058572690671597,-0.5969652695541285,-0.7715814565199164
0.5481959931920954,1.6363312498563045,1.3078156609445017,0.08095023134993408,-0.35941493924567847,0.5829222017135578,-0.19296952411517532,-0.9788080317148832,1.3958292087422168,0.07476947116217694,0.2891225448236941,0.18781192634085708,0.263390341244466,0.24437310061260686,-0.7154597307020206,-0.8859119216405982
-0.8632321281056816,1.9128649595686265,1.7388884024808504,-0.13436212978457443,0.102881187922112,0.5829222017135578,-0.19296952411517532,-0.9788080317148832,1.3958292087422168,0.07476947116217694,0.2552285126144249,0.12872980064744866,0.2899948939540524,0.5482792987147532,-1.1623723342307943,-0.7933041679048541
-1.2257640914193932,1.1293527820503808,1.4195752606020735,0.2835971594765299,0.15424742427408872,0.5829222017135578,-0.19296952411517532,-0.9788080317148832,1.3958292087422168,0.07476947116217694,0.15653783101171131,0.19864231579930372,0.1991617888788113,-0.8634326682752513,-1.1218406653032762,-0.8177625192127425
-0.978435827694999,0.737596693291258,-0.2248874200736283,-0.13436212978457443,-0.3080487028937018,0.5829222017135578,-0.19296952411517532,-0.9101064885012435,1.3958292087422168,0.07476947116217694,0.14772479721791765,0.25640163688702433,-0.009631455058294405,-1.226037538692434,0.07924020638991067,-1.5518254097243718
-0.8858843898750755,0.16148479805725363,-0.01733387785242312,0.15694282939740758,-0.35941493924567847,0.5829222017135578,-0.19296952411517532,-0.9101064885012435,1.3958292087422168,0.07476947116217694,0.006631436905788135,0.2764372689421075,0.07183461476766333,-0.9786595359404798,0.17780643411216498,-1.039480232555052
-0.5567561691949561,-0.11504891165506868,0.20618532146272056,0.3975860565477405,-0.35941493924567847,0.5829222017135578,-0.19296952411517532,-0.9101064885012435,1.3958292087422168,0.07476947116217694,0.1293320642827168,0.385905988009768,0.4954390006174818,-0.8860894855348083,0.2296885781389827,0.9107898034702263
-0.5114055999814494,0.00017346739173218143,1.1960560612869293,0.3975860565477405,-0.35941493924567847,0.5829222017135578,-0.19296952411517532,-0.9101064885012435,1.3958292087422168,0.07476947116217694,0.2786896063557085,0.291015544552358,0.30266914782204857,-0.5568950754212911,0.2434879975246511,0.1509923940586622
-0.7438349568283484,0.6915077416725374,1.2918500038505625,-1.2362548014729406,-0.35941493924567847,0.5829222017135578,-0.19296952411517532,-0.9101064885012435,1.3958292087422168,0.07476947116217694,0.2328938840700624,0.25713169469418806,0.36566139879521,-0.5115353859674284,0.5476597107874677,0.3092324095480503
-1.4441439919960144,-0.5759384278422721,-0.7677197612675493,-0.41300165595864397,0.102881187922112,0.5829222017135578,-0.19296952411517532,-0.9101064885012435,1.3958292087422168,0.07476947116217694,0.03632553935946893,0.15847066147217162,0.6638569314312021,-0.7440114855925765,-0.865285633251364,2.156943077564141
-1.454665981217417,-0.5068050004141915,-0.30471570554332256,-0.8436263782276607,0.20561366062606548,0.5829222017135578,-0.19296952411517532,-0.9101064885012435,1.3958292087422168,0.07476947116217694,0.045775292860806005,0.1496602752655338,9.684644342051774,-1.4444613566270221,-1.2282073023749562,3.1255095535639863
-0.29817581603081583,0.3227961287227747,-0.5282349048584662,-1.0209424403384324,-0.3080487028937018,0.5829222017135578,-0.19296952411517532,-0.8414049452876039,1.2091757131948029,-0.645341073311798,0.1198669825242589,0.008609301829170437,0.4355333731156364,-1.4549854618763465,-0.98061317171723,1.8484675979224983
-0.4374345128241618,-0.9676945166013949,0.8767429194081522,0.24560086045279353,-0.35941493924567847,0.5829222017135578,-0.19296952411517532,-0.8414049452876039,1.2091757131948029,-0.645341073311798,0.41662999246673377,0.13127306782412088,0.6064333996323853,-0.2982627203746371,-0.8879622451992573,1.2862774629397529
-0.4181649505023311,-0.5068050004141915,0.6851550342808861,-0.4763288209982053,-0.35941493924567847,0.5829222017135578,-0.19296952411517532,-0.8414049452876039,1.2091757131948029,-0.645341073311798,0.32075074519513747,0.28058574031879524,0.45731642112806553,-0.43754942283160386,-0.5584802262536765,1.1345832596755303
-0.5231435633808333,0.3919295561508554,0.23811663565059815,-0.09636583076083756,-0.35941493924567847,0.5829222017135578,-0.19296952411517532,-0.8414049452876039,1.2091757131948029,-0.645341073311798,0.268622076541839,0.23480377585695347,0.3213096555945051,-0.41827598529843674,-0.5130809071861091,0.36798231157594985
-0.6910522473497875,0.6454187900538172,1.2918500038505625,0.08095023134993408,-0.35941493924567847,-1.7154947899743744,-0.19296952411517532,-0.8414049452876039,1.2091757131948029,-0.645341073311798,0.2995356411061498,0.03829448366299423,-0.018061086626863274,-0.5232757099336002,-0.7457601153010788,-0.904146343844773
-1.3729028608014702,1.1293527820503808,-0.04926519204030071,-0.28634732587952144,-0.35941493924567847,-1.7154947899743744,-0.19296952411517532,-0.8414049452876039,1.2091757131948029,-0.645341073311798,0.15312847506212665,0.04774139829560782,0.20039383670220268,-0.6912181612307753,-1.4468219516761809,-0.4791543067666448
-2.009380803115783,-0.4837605246048314,0.9725368619717856,0.15694282939740758,-0.35941493924567847,-1.7154947899743744,-0.19296952411517532,-0.8414049452876039,1.2091757131948029,-0.645341073311798,0.1912255412102431,0.12181082953925894,0.23042331167594374,-1.3732058984625857,-1.4573552515701476,-0.2766879903197775
-0.9077317732503798,0.20757374967597383,0.4297045207778648,-0.7169720481485382,-0.35941493924567847,-1.7154947899743744,-0.19296952411517532,-0.7727034020739643,1.2091757131948029,-0.645341073311798,0.058922974464644576,0.4184846867618142,0.13522478720132933,-2.009811839871856,-0.2996219106582296,-1.0411615036200013
-0.6531614458061654,-0.11504891165506868,-0.6559601616099772,-0.09636583076083756,0.051514951570135296,-1.7154947899743744,-0.19296952411517532,-0.7727034020739643,1.2091757131948029,-0.645341073311798,0.27043737809566915,0.3226342432676151,-0.030953889712522373,-0.9079412625349553,-0.43903030438511137,-1.3975704392580997
-0.0004223813734641091,-0.20722681489250946,-0.7357884470796714,-1.248920234480853,0.000148715218158527,-1.7154947899743744,-0.19296952411517532,-0.7727034020739643,1.2091757131948029,-0.645341073311798,0.2158295970340488,0.27052123496429464,0.026011765733619633,-0.6533197396456996,-0.4197400281369221,-1.3077492841627114
-0.292784420069304,-0.06895996003634809,-0.49630359067058866,-0.03303866572127628,-0.35941493924567847,-1.7154947899743744,-0.19296952411517532,-0.7727034020739643,1.2091757131948029,-0.645341073311798,0.3406526753397366,0.3014255125613252,-0.010111889339596485,-0.00044940592000899097,-0.5248314883764627,-0.8042023678498389
-0.44321306081870976,-1.1290058472669162,0.7170863484687637,0.08095023134993408,-0.3080487028937018,-1.7154947899743744,-0.19296952411517532,-0.7727034020739643,1.2091757131948029,-0.645341073311798,0.38093286066926835,0.15506232975184023,0.3532285301805835,-0.29287024017476004,-0.6929206667467216,-0.4629754639041983
-1.0978142123370465,-0.25331576651122967,0.04652875052333206,-0.5903177180694156,-0.35941493924567847,-1.7154947899743744,-0.19296952411517532,-0.7727034020739643,1.2091757131948029,-0.645341073311798,0.39566178504780675,0.1931479508850651,0.3897285039751107,-0.4433291329228472,-1.3755042394197208,-0.6063007060104021
-1.6344161392625234,0.04626241901045278,0.3339105782142315,-0.03303866572127628,-0.35941493924567847,-1.7154947899743744,-0.19296952411517532,-0.7727034020739643,1.2091757131948029,-0.645341073311798,0.34520746362463717,0.06088513010942422,0.19566582026917748,-1.0980619282097768,-2.0126663673427,-0.7241036961043007
-0.4913816253250158,0.2997516529134146,1.116227775817235,-0.4763288209982053,-0.35941493924567847,-1.7154947899743744,-0.19296952411517532,-0.7040018588603246,1.2091757131948029,-0.645341073311798,0.2591721267673592,0.2723359911702695,0.1366114887160915,-1.6347717686330085,-0.9098331135444225,-1.1684083538606609
-0.4031271698698794,1.2676196369065422,1.579231831541462,-0.03303866572127628,-0.35941493924567847,-1.7154947899743744,-0.19296952411517532,-0.7040018588603246,1.2091757131948029,-0.645341073311798,0.27026161135806126,0.2177446152266973,0.2064911147625933,-0.49150738438333075,-0.6549891342690113,-1.1281132063330623
-0.2640136090432405,2.419843427374551,1.5313348602596453,-0.23568559384787235,-0.35941493924567847,-1.7154947899743744,-0.19296952411517532,-0.7040018588603246,1.2091757131948029,-0.645341073311798,0.1649793770049223,0.3425301945295887,0.2642232640000055,-0.4032351804884242,-0.0015484042413086182,0.06595879213317525
-0.7002367018119465,0.36888508034149486,-0.4324409622948335,-0.23568559384787235,-0.35941493924567847,-1.7154947899743744,-0.19296952411517532,-0.7040018588603246,1.2091757131948029,-0.645341073311798,0.1658149586464857,0.38279827899762264,0.28424947064660433,-0.2640936431857783,-0.29422471918475684,0.16394983944015082
-1.8342613664858263,-0.691160806889073,0.2700479498384763,-0.08370039775292534,-0.35941493924567847,-1.7154947899743744,5.18216544599624,-0.7040018588603246,1.2091757131948029,-0.645341073311798,0.043107834350231196,0.39752277855357254,0.39366669209289495,-0.7004044627355114,-0.44481506406291493,0.21552922669280253
-1.857324355673713,-0.3224491939393103,1.563266174447523,-0.09636583076083756,-0.35941493924567847,-1.7154947899743744,5.18216544599624,-0.7040018588603246,1.2091757131948029,-0.645341073311798,-0.010642936229701548,0.3470836144776324,0.29882088816511865,-1.8346571857930172,-1.1001198828374283,0.2292481199595733
-1.9194819645250778,0.737596693291258,1.0523651474414797,-0.9069535432672221,-0.35941493924567847,-1.7154947899743744,5.18216544599624,-0.7040018588603246,1.2091757131948029,-0.645341073311798,-0.10115347877761138,0.2610741241175022,0.26495297836439535,-1.8577248130705324,-1.637298633076923,0.5316448478506908
-1.5190065234158603,0.48410745938829575,-0.44840661938877197,-1.096935038385906,-0.1539499938377716,-1.7154947899743744,5.18216544599624,-0.635300315646685,1.2091757131948029,-0.645341073311798,0.0048909807620751014,0.2721602772360172,0.16633835847923073,-1.9198949221471975,-0.493035407643458,-0.87305529386549
-0.4879978207812659,-0.11504891165506868,-0.30471570554332256,-0.8436263782276607,-0.35941493924567847,-1.7154947899743744,-0.19296952411517532,-0.635300315646685,1.2091757131948029,-0.645341073311798,0.12563291012034045,0.16690967147956087,0.1575321169628465,-1.5193389432995814,-0.40468608255607086,-1.2338591439228155
-0.5599510022896652,0.6915077416725374,0.44567017787180335,-0.8182955122118364,-0.35941493924567847,0.5829222017135578,-0.19296952411517532,-0.635300315646685,1.2091757131948029,-0.645341073311798,0.08162605337712579,0.1677450020980063,0.016547498460438154,-0.4881228993385135,-0.2654229808106346,-0.9877098417644977
-1.6762281904652163,-0.3224491939393103,0.17425400727484297,-0.5143251200219421,-0.35941493924567847,0.5829222017135578,5.18216544599624,-0.635300315646685,1.2091757131948029,-0.645341073311798,0.05849407826842076,0.04507474113551647,0.1391535594577344,-0.5600905510139054,-0.7021149940907963,-0.8955995770900598
-1.0047625343069744,0.06930689481981286,-0.7357884470796714,-0.9829461413146956,0.41107860603397234,0.5829222017135578,-0.19296952411517532,-0.635300315646685,1.2091757131948029,-0.645341073311798,-0.1354461366387274,-0.008659881787078848,0.28839599044835773,-1.67659222846129,-1.8373586850715757,-0.5680402410842992
-1.1411800287874625,-0.6681163310797129,-0.6719258187039162,-0.7802992131880995,-0.35941493924567847,0.5829222017135578,-0.19296952411517532,-0.635300315646685,1.2091757131948029,-0.645341073311798,-0.14900025330531969,-0.09914323340896623,0.24263556330139008,-1.0049915369929934,-1.8604464659517523,-0.5229058484504412
-1.4592635497467672,0.18452927386661375,-0.48033793357665017,-1.198258502449204,-0.35941493924567847,0.5829222017135578,-0.19296952411517532,-0.635300315646685,1.2091757131948029,-0.645341073311798,0.0012266418973598463,0.0068693685484622746,0.04621871542587403,-1.1414364657562257,-1.9226708914806763,-0.7542272636718101
-0.18839592855800083,-0.02287100841762791,-0.36857833391907774,-0.7929646461960117,-0.35941493924567847,0.5829222017135578,-0.19296952411517532,-0.5665987724330454,1.2091757131948029,-0.645341073311798,0.052658799265981625,0.1275750249513727,0.05566118592470212,-1.4595839550011487,-1.5217649570028515,-1.45119807366292
-0.7624510389345676,-0.8524721375545941,0.4297045207778648,-0.37500535693490733,-0.35941493924567847,0.5829222017135578,-0.19296952411517532,-0.5665987724330454,1.2091757131948029,-0.645341073311798,0.33386099300196553,0.08358138862594036,0.12969577251539893,-0.1884607555833372,-0.4896479656596376,-1.4616699067852827
-0.6926984723123437,0.9219524997661391,0.38180754949604817,-0.8689572442434853,-0.35941493924567847,0.5829222017135578,-0.19296952411517532,-0.5665987724330454,0.6992288799489359,-1.1724985789328362,0.1404479400335794,0.060456362761005474,0.42623006477273223,-0.7626313114917896,-0.5616784936525149,-0.31069248581872605
-0.583219171004098,1.2676196369065422,-0.033299534946362196,-1.0716041723700815,0.5651773150899024,0.5829222017135578,-0.19296952411517532,-0.5665987724330454,0.6992288799489359,-1.1724985789328362,0.08913551752398148,-0.13342558916497088,0.3304247124231928,-0.6928647172579157,-1.6791556303834787,-0.44928736583355705
-0.7339701314765331,0.04626241901045278,0.04652875052333206,-0.7169720481485382,-0.3080487028937018,0.5829222017135578,-0.19296952411517532,-0.5665987724330454,0.6992288799489359,-1.1724985789328362,0.1937447844530842,-0.1469756339414473,0.27833621976226686,-0.5833633990806595,-1.0069681783732287,-0.430109657443139
-1.2707551360046963,0.3227961287227747,-0.6399945045160387,-0.8182955122118364,-0.3080487028937018,0.5829222017135578,-0.19296952411517532,-0.5665987724330454,0.6992288799489359,-1.1724985789328362,0.1742763764747157,0.0032061305142600935,0.3092259589888848,-0.7341446763719842,-1.1435323156205572,-0.5345878594588469
-1.1856951452788655,-0.06895996003634809,-0.6559601616099772,-1.0336078733463445,0.15424742427408872,0.5829222017135578,-0.19296952411517532,-0.5665987724330454,0.6992288799489359,-1.1724985789328362,0.19211317941414843,0.05462283677689115,0.16293163014823225,-1.2710376312157805,-1.461957762282115,-0.7016961582149309
0.04941782530784731,0.023217943201092273,-0.592097533234222,-0.7802992131880995,-0.3080487028937018,0.5829222017135578,-0.19296952411517532,-0.4978972292194057,0.6992288799489359,-1.1724985789328362,0.22996417119027016,0.3357405525301784,0.20099933457508237,-1.1859605344740047,-0.18972401466675828,-1.380296533885618
-0.3349383143611143,-0.9676945166013949,-0.27278439135544497,-0.37500535693490733,-0.35941493924567847,0.5829222017135578,-0.19296952411517532,-0.4978972292194057,0.6992288799489359,-1.1724985789328362,0.26538901440973484,0.14238560417443735,0.06879873450252107,0.04940082389160056,-0.7643962088713566,-2.013740520353784
-0.15197822023999394,-0.29940471812994984,-0.48033793357665017,-0.9322844092830466,0.9761072059057163,0.5829222017135578,-0.19296952411517532,-0.4978972292194057,0.6992288799489359,-1.1724985789328362,0.12279193295513949,0.09108859680041606,0.2801501222483045,-0.3350326118386199,-0.6945686613282277,-0.9173428186057523
0.08388577557555252,-0.4376715729861112,-0.6719258187039162,-1.1855930694412917,-0.20531623018974834,0.5829222017135578,-0.19296952411517532,-0.4978972292194057,0.6992288799489359,-1.1724985789328362,0.2816382824756369,0.1956664373038422,0.22558442785131785,-0.15203572347074884,-0.5849716746181447,-0.6639859741149243
0.2199986318721018,-0.3224491939393103,-0.9912389605826932,-1.502228894639098,1.4897695694254836,0.5829222017135578,-0.19296952411517532,-0.4978972292194057,0.6992288799489359,-1.1724985789328362,0.27442386443399064,0.17620387797057305,0.35031130398703886,0.08387570584718683,-0.7358846856987639,-0.014358378861096569
-0.5656602975894292,-0.3224491939393103,-0.6399945045160387,-0.8816226772513975,1.746600751185367,0.5829222017135578,-0.19296952411517532,-0.4978972292194057,0.6992288799489359,-1.1724985789328362,0.10979136021319298,0.19403532242716445,0.39056044504745024,0.22001593516212337,-1.2732467103412624,-0.3053267895024161
-0.7697240453477914,0.13844032224789315,-0.4324409622948335,-1.0209424403384324,-0.35941493924567847,0.5829222017135578,-0.19296952411517532,-0.4978972292194057,0.6992288799489359,-1.1724985789328362,0.06080141910286165,0.23187494311337453,0.40527801772319677,-0.5658009944832799,-1.1880952838913337,-0.45503836871097725
-0.09327808901193489,0.25366270129469404,-0.36857833391907774,-0.8056300792039239,-0.35941493924567847,0.5829222017135578,-0.19296952411517532,-0.4291956860057661,0.6992288799489359,-1.1724985789328362,0.06353938577257535,0.26728914409974436,0.35486258185926023,-0.7699057805452348,0.04834537845556795,-1.106519174874812
0.15770435945816363,-0.06895996003634809,-0.033299534946362196,-0.7169720481485382,-0.35941493924567847,0.5829222017135578,-0.19296952411517532,-0.4291956860057661,0.6992288799489359,-1.1724985789328362,-0.01855578746734379,0.12473490126464791,0.2688935531415654,-0.09332378733450436,-0.33642392704661617,-1.6405632338130194
0.3978391836952561,0.09235137062917295,-0.7357884470796714,-0.8436263782276607,-0.35941493924567847,0.5829222017135578,-0.19296952411517532,-0.4291956860057661,0.6992288799489359,-1.1724985789328362,0.08318205291536793,0.28353353060562636,0.27997449097556254,0.15770913503911638,-0.15326715892466125,-0.5029773238495917
0.48070003299650277,-0.25331576651122967,-0.6878914757978547,-0.61564858408524,-0.35941493924567847,0.5829222017135578,-0.19296952411517532,-0.4291956860057661,0.6992288799489359,-1.1724985789328362,0.17011358738056334,0.2763212798994279,0.17477339850372628,0.3978922516648789,0.08285038024378248,-0.41514355873307573
0.4471607318965378,-1.1750947988856366,-0.28875004844938346,-0.50165968701403,-0.35941493924567847,0.5829222017135578,-0.19296952411517532,-0.4291956860057661,0.6992288799489359,-1.1724985789328362,0.1564433060066343,0.11173823411868754,0.175608336155667,0.4807697647230492,0.21910955183461195,-0.2766931228524696
-0.5801075884892857,-1.244228226313717,0.17425400727484297,-0.5143251200219421,-0.35941493924567847,0.5829222017135578,-0.19296952411517532,-0.4291956860057661,0.6992288799489359,-1.1724985789328362,0.13909966064898907,0.06276301043051583,0.052995783246273874,0.4472237186914835,-0.5673939261919536,-0.7108368323235904
-1.238434387640492,-0.6220273794609924,0.22215097855665966,-0.5903177180694156,-0.3080487028937018,0.5829222017135578,-0.19296952411517532,-0.4291956860057661,0.6992288799489359,-1.1724985789328362,0.05602393249102551,0.06550015456788057,-0.0007135611740306738,-0.5802511908100757,-0.7716770334444708,-1.839455841070807
-0.15701893234283829,0.09235137062917295,-0.12909347750999497,-1.4642325956153615,-0.25668246654172505,0.5829222017135578,-0.19296952411517532,-0.36049414279212644,0.6992288799489359,-1.1724985789328362,-0.025489764970753212,-0.016570355867910704,-0.09115434650463608,-1.238710382977403,-0.09450392765441216,-1.8624088938630634
0.06645730351169038,-0.11504891165506868,-0.0013682207584846068,-0.9829461413146956,-0.25668246654172505,0.5829222017135578,-0.19296952411517532,-0.36049414279212644,0.6992288799489359,-1.1724985789328362,0.11147091600985695,0.08513692071511916,0.014808383700546364,-0.15707744928757164,0.15674831583583534,-1.924270210528604
0.08478863916543786,-0.20722681489250946,0.3019792640263539,-0.5523214190456788,-0.35941493924567847,0.5829222017135578,-0.19296952411517532,-0.36049414279212644,0.6992288799489359,-1.1724985789328362,0.20154617999715876,0.17204233944996847,0.1354572562638031,0.06644372882501844,0.39714127437729235,-1.525703751215949
-0.12867763537055332,-0.39158262136739064,0.1423226930869654,-0.5649868520535912,-0.35941493924567847,0.5829222017135578,-0.19296952411517532,-0.36049414279212644,0.6992288799489359,-1.1724985789328362,0.29261111339719853,0.1583761648640343,0.09148431596592514,0.08477875100773583,0.48009119542296996,-0.4996096491870132
-0.14292195693625112,0.5071519351976562,-0.033299534946362196,-1.299581966512502,-0.35941493924567847,0.5829222017135578,-0.19296952411517532,-0.36049414279212644,0.6992288799489359,-1.1724985789328362,0.0716505333620107,0.1410377298361982,0.06837016886011252,-0.12873045272992606,0.44651584105923614,-0.5712198450847997
-1.1724896141348324,0.48410745938829575,-0.09716216332211737,-0.704306615140626,0.051514951570135296,0.5829222017135578,-0.19296952411517532,-0.36049414279212644,0.6992288799489359,-1.1724985789328362,0.09703406231641344,0.05798695905794993,-0.12542057473314772,-0.1429776389043518,-0.5818567472898906,-1.6821759758036372
-1.0838255363573943,-0.4837605246048314,-0.8475480467372436,-0.7676337801801872,1.3356708603695533,0.5829222017135578,-0.19296952411517532,-0.36049414279212644,0.6992288799489359,-1.1724985789328362,-0.041806237074602,-0.023502250285040573,-0.13896424513088484,-1.172752347627515,-1.24089121860353,-1.013911054529593
0.6899175810348261,-0.8755166133639544,-1.0231702747705709,-0.9449498422909588,1.746600751185367,0.5829222017135578,-0.19296952411517532,-0.2917925995784868,0.6992288799489359,-1.1724985789328362,-0.1250247820013416,0.11341728534785989,0.011146868971840763,-1.084070439033082,-0.15831328956984447,-1.1496782756425694
0.9529569973387582,-0.7833387101265138,-0.7517541041736105,-1.4389017295995368,-0.3080487028937018,0.5829222017135578,-0.19296952411517532,-0.2917925995784868,0.6992288799489359,-1.1724985789328362,0.06541610537427993,0.2034654891743165,0.06253938715504832,0.6900293875215767,0.06540317334407704,-1.4662455596770432
1.1372748863160014,-0.6681163310797129,-1.5660026159644918,-0.856291811235573,-0.05121752113381818,0.5829222017135578,-0.19296952411517532,-0.2917925995784868,0.6992288799489359,-1.1724985789328362,0.003995453454129914,0.2945030650997725,0.3435248560545356,0.9531217024493049,0.08375421437205371,-0.20143589587005842
1.3255571237038484,-1.1290058472669162,-1.1349298744281426,-1.1222659044017302,1.1302059149616464,0.5829222017135578,-0.19296952411517532,-0.2917925995784868,0.6992288799489359,-1.1724985789328362,0.04447403944236514,0.07360886542886581,0.15026086811200856,1.1374766587330565,-0.1299415269580923,-0.7727546068487066
0.9580761712713347,-0.7142052826984331,-0.9752733034887542,-1.1349313374096428,0.000148715218158527,0.5829222017135578,-0.19296952411517532,-0.2917925995784868,0.6992288799489359,-1.1724985789328362,0.16505482799410653,0.09898476873394021,0.0989879925071872,1.3257967606789347,-0.14420116053882245,-0.703334535970982
-0.01556551450967143,0.023217943201092273,-0.9273763322069378,-1.1222659044017302,0.25697989697804213,0.5829222017135578,-0.19296952411517532,-0.2917925995784868,0.002628551155655226,-1.3654516177857736,0.17061946490395347,-0.03981382063961868,0.2035166362164991,0.9582419058749506,-1.1748755573859802,-0.5943770993561592
-0.20464784154144455,-0.13809338746442879,-0.9433419893008766,-1.00827700733052,-0.35941493924567847,0.5829222017135578,-0.19296952411517532,-0.2917925995784868,0.002628551155655226,-1.3654516177857736,0.27132567061758683,-0.12300736528202563,0.18406323269979535,-0.015595584420725266,-1.0861161696504305,-0.7444094618577446
1.0736478678930002,-0.7833387101265138,-1.3424834166493478,-1.3755745645599755,3.595785259856529,0.5829222017135578,-0.19296952411517532,-0.22309105636484716,0.002628551155655226,-1.3654516177857736,0.23660752958427528,0.06737631037069036,0.20188628866894556,-0.20471593691280662,0.6895336430625706,-1.2786357257063954
1.1260496875502872,-0.7372497585077932,-1.1987925028038982,-0.856291811235573,0.4624448423859491,0.5829222017135578,-0.19296952411517532,-0.22309105636484716,0.002628551155655226,-1.3654516177857736,0.291252077046758,0.005974110272345821,0.23970810837533718,1.073836844578685,0.9528558150932648,-1.1939811979808965
1.2509763918132872,-0.691160806889073,-1.1828268457099593,-1.1349313374096428,-0.35941493924567847,0.5829222017135578,-0.19296952411517532,-0.22309105636484716,0.002628551155655226,-1.3654516177857736,0.5594924997419857,0.0464405357961079,0.2751056493776582,1.126249202520246,1.137371837640698,0.035244250087537905
1.0393106873415,-0.3224491939393103,-0.89544501801906,-0.856291811235573,-0.35941493924567847,0.5829222017135578,-0.19296952411517532,-0.22309105636484716,0.002628551155655226,-1.3654516177857736,0.614676860926446,0.1669850998019683,0.13261846866299862,1.2512010302070422,1.3258564700977598,-0.3472797450883862
0.8206243067539569,0.023217943201092273,-0.6080631903281605,-0.8436263782276607,-0.35941493924567847,0.5829222017135578,-0.19296952411517532,-0.22309105636484716,0.002628551155655226,-1.3654516177857736,0.6669194548107239,0.17254806499903685,0.29134239399942213,1.0394927586377882,0.9579804919111733,-0.1651917830715646
-0.26677634952638446,-1.1290058472669162,-0.27278439135544497,-0.6789757491248013,-0.35941493924567847,0.5829222017135578,-0.19296952411517532,-0.22309105636484716,0.002628551155655226,-1.3654516177857736,0.4798262591570879,0.2732240168338128,0.2841335361689169,0.82076239905752,-0.016707815575192735,0.06954789892031961
-0.7511186458381106,-0.8755166133639544,-0.3845439910130168,-0.8436263782276607,-0.35941493924567847,0.5829222017135578,-0.19296952411517532,-0.22309105636484716,0.002628551155655226,-1.3654516177857736,0.1843421673537907,0.2385163057280865,0.11962791556906564,-0.26685693927070814,-0.2059933977371246,0.20501193399520165
-0.9379823080792145,0.09235137062917295,-0.1929561058857507,-0.8942881102593099,0.41107860603397234,0.5829222017135578,5.18216544599624,-0.15438951315120752,0.002628551155655226,-1.3654516177857736,-0.07957344650345474,0.293144437027261,0.07067573140805272,-0.751296639390887,1.0736764229899045,-0.5769019253803969
0.13969939554682437,-0.4607160487954713,-0.4005096481069559,-0.6916411821327137,-0.35941493924567847,0.5829222017135578,-0.19296952411517532,-0.15438951315120752,0.002628551155655226,-1.3654516177857736,-0.25688473555696595,0.5613042756790787,0.07341158790440346,-0.9381978809070249,1.1261345722832934,-0.7799929443773399
0.5350902890708562,0.06930689481981286,-0.6240288474220995,-1.6922103897577818,-0.20531623018974834,0.5829222017135578,-0.19296952411517532,-0.15438951315120752,0.002628551155655226,-1.3654516177857736,-0.051323918193842376,0.6164720585308905,-0.008620313912340756,0.1397005502338982,1.2511955672223913,-0.10677146296415707
0.5651076486029141,-0.6450718552703525,-0.48033793357665017,-0.7296374811564504,0.30834613333001887,0.5829222017135578,-0.19296952411517532,-0.15438951315120752,0.002628551155655226,-1.3654516177857736,0.050809887107105246,0.6686989578400886,0.09303911628256435,0.535170958966802,1.03930233148955,0.1430146052134096
0.5369649005800193,-0.3685381455580305,-0.49630359067058866,-0.9702807083067834,0.20561366062606548,0.5829222017135578,-0.19296952411517532,-0.15438951315120752,0.002628551155655226,-1.3654516177857736,0.0003925603317664859,0.481661968205101,0.17990365190133162,0.565194355149304,0.820380872724961,0.382004757490295
0.017175538773365476,-0.5989829036516322,-0.8315823896433048,-1.0462733063542569,0.30834613333001887,0.5829222017135578,-0.19296952411517532,-0.15438951315120752,0.002628551155655226,-1.3654516177857736,0.05774037236338178,0.18626664491268505,0.16624390632535022,0.537045947470297,-0.2681886911174808,0.4644706266336432
-0.29862080143129077,-0.691160806889073,-0.592097533234222,-0.9069535432672221,-0.35941493924567847,0.5829222017135578,-0.19296952411517532,-0.15438951315120752,0.002628551155655226,-1.3654516177857736,0.2005343856535095,-0.07756968414822009,0.14891362785739545,0.017152053262036393,-0.7530516339540495,0.4310912002942676
0.6710292768996587,-1.221183750504357,-0.4005096481069559,-0.7676337801801872,0.5138110787379256,0.5829222017135578,-0.19296952411517532,-0.08568796993756789,0.002628551155655226,-1.3654516177857736,0.2555179116063633,-0.2548277058363186,0.06590192684432246,-0.2987077952640396,-0.9401161663588911,-0.591280349097634
1.2566790565358854,-0.829427661745234,-1.0710672460523876,-1.198258502449204,-0.35941493924567847,0.5829222017135578,-0.19296952411517532,-0.08568796993756789,0.002628551155655226,-1.3654516177857736,0.23519464228192338,-0.0493286424835091,-0.015548947342431502,0.6711372848481194,0.13872399738544025,-1.246469043519402
1.7587537263646207,-1.1520503230762764,-1.3584490737432866,-0.9702807083067834,-0.1539499938377716,0.5829222017135578,-0.19296952411517532,-0.08568796993756789,0.002628551155655226,-1.3654516177857736,0.1761430360949353,0.05277448006307475,0.1213061769183052,1.2569048417658069,0.534539918614538,-0.1702084671650524
2.0440508850969707,-1.1981392746949966,-1.4542430163069198,-1.0462733063542569,0.051514951570135296,0.5829222017135578,-0.19296952411517532,-0.08568796993756789,0.002628551155655226,-1.3654516177857736,0.6230125838682199,0.002372299521136064,0.2113120191610584,1.7590804814774974,0.564589545479109,0.052202504699682156
1.7416033701760645,-1.1750947988856366,-1.2466894740857148,-0.7802992131880995,0.41107860603397234,0.5829222017135578,-0.19296952411517532,-0.08568796993756789,0.002628551155655226,-1.3654516177857736,0.502147538801999,0.059702883282202926,0.30230676807021817,2.044435014983872,0.5364165452480771,0.07044645875027128
0.8814672195007354,-1.105961371457556,-1.3744147308372254,-0.9322844092830466,-0.25668246654172505,0.5829222017135578,-0.19296952411517532,-0.08568796993756789,0.002628551155655226,-1.3654516177857736,0.3561927173406538,0.2024539987911162,0.08151648416588235,1.7419266762612147,0.016068432890551338,-0.14200226716615788
0.9327458930602753,-1.8433845973570817,-1.7256591869038804,-1.1096004713938181,-0.05121752113381818,0.5829222017135578,-0.19296952411517532,-0.08568796993756789,0.002628551155655226,-1.3654516177857736,0.25819385754726754,0.25742100674568436,0.10688044982638165,0.8816175476372291,-0.3000673743983088,-0.1561786890611593
1.9149170796262343,-1.7051177425009205,-0.7038571328917939,-0.7169720481485382,-0.35941493924567847,0.5829222017135578,-0.19296952411517532,-0.016986426723928257,0.002628551155655226,-1.3654516177857736,0.38665459968579446,0.23710384288141717,-0.03185284420743905,0.9329065336103971,0.6706250348367156,-1.180838614813144
1.8375934989840026,-1.866429073166442,-0.5442005619524053,-0.7296374811564504,-0.35941493924567847,0.5829222017135578,-0.19296952411517532,-0.016986426723928257,0.002628551155655226,-1.3654516177857736,0.3056604223710121,0.1780699768140896,-0.11500725191923333,1.9152752400189395,1.2569043620570874,-1.0925971799573724
1.3619829360606124,-1.61293983926348,-0.3845439910130168,-0.6916411821327137,-0.3080487028937018,0.5829222017135578,-0.19296952411517532,-0.016986426723928257,0.002628551155655226,-1.3654516177857736,0.3581331677751504,0.62480527727791,0.07528686110292239,1.837936109193924,1.7595187399271157,0.672690878833749
0.7484408968719601,-1.3133616537417976,-0.46437227648271107,-0.6916411821327137,-0.35941493924567847,0.5829222017135578,-0.19296952411517532,-0.016986426723928257,0.002628551155655226,-1.3654516177857736,0.21473065627183993,0.5039765421531235,0.013913546582840499,1.3622298984600452,2.0451225804739033,0.934476441827446
0.1975843341496515,-0.20722681489250946,-0.14505913460393405,-0.6916411821327137,-0.35941493924567847,-1.7154947899743744,-0.19296952411517532,-0.016986426723928257,0.002628551155655226,-1.3654516177857736,-0.014428920760978172,0.35806556803421213,0.05436093539294079,0.7485644727083819,1.742349947864969,1.1179157263792499
-0.21664181889226802,0.3227961287227747,-0.44840661938877197,-1.5275597606549227,-0.1539499938377716,-1.7154947899743744,-0.19296952411517532,-0.016986426723928257,0.002628551155655226,-1.3654516177857736,-0.14179665914814102,0.2600961487863349,0.17484879134221445,0.19759712980534386,0.8812891889091929,1.3053004621305575
-0.34728002864741303,-0.8063831859358739,-0.9433419893008766,-0.7802992131880995,1.2843046240175766,-1.7154947899743744,-0.19296952411517532,-0.016986426723928257,0.002628551155655226,-1.3654516177857736,-0.21331061316907765,0.3885182991051914,0.18040913954076643,-0.21671232631618334,0.9326229847725057,0.9395712137397049
0.7146927325914647,-0.4837605246048314,-1.007204617676632,-0.8056300792039239,-0.35941493924567847,-1.7154947899743744,-0.19296952411517532,0.05171511648971138,-0.6939717776376255,-1.1724985789328362,-0.22143380834434426,0.3075484538363964,0.2810377301558918,-0.3473768081092166,1.9158499618795346,-0.029429327881793907
1.105246251712209,-0.691160806889073,-0.7198227899857326,-1.0209424403384324,-0.35941493924567847,-1.7154947899743744,-0.19296952411517532,0.05171511648971138,-0.6939717776376255,-1.1724985789328362,-0.09857775817568239,0.36000543552397407,0.24634634667855423,0.7148095214927906,1.8384432618115245,-0.21761033941877528
1.2128789372815243,-0.7833387101265138,-1.0710672460523876,-0.9069535432672221,-0.35941493924567847,-1.7154947899743744,-0.19296952411517532,0.05171511648971138,-0.6939717776376255,-1.1724985789328362,0.10959373284415419,0.21664600460522263,0.30094877914023666,1.10544158300072,1.3623214385900966,1.054592004506975
1.0548520234726775,-1.4516285085979588,-1.1029985602402652,-0.9829461413146956,-0.35941493924567847,-1.7154947899743744,-0.19296952411517532,0.05171511648971138,-0.6939717776376255,-1.1724985789328362,0.14314932009981796,-0.01244472894338882,0.5689824667421919,1.213095914074812,0.7481198688731776,1.1067440357638663
0.8774155684908578,-1.866429073166442,-0.20892176297968923,-0.7169720481485382,-0.35941493924567847,-1.7154947899743744,-0.19296952411517532,0.05171511648971138,-0.6939717776376255,-1.1724985789328362,0.051686205008331196,-0.13977420386803513,0.6241242968869901,1.0550372202142122,0.19667115973447705,1.231075240828009
-0.4570540222738585,-1.2903171779324374,-0.16102479169787312,-0.6789757491248013,-0.35941493924567847,-1.7154947899743744,-0.19296952411517532,0.05171511648971138,-0.6939717776376255,-1.1724985789328362,-0.006011063990073477,-0.21126667386535844,0.6763266269757857,0.8775650818188124,-0.21800026808258083,1.0204185020387964
-0.4711270539295973,-0.5989829036516322,-0.3526126768251392,-1.0842696053779937,-0.3080487028937018,-1.7154947899743744,-0.19296952411517532,0.05171511648971138,-0.6939717776376255,-1.1724985789328362,-0.11627046917905769,-0.21938742869287262,0.4893776255821552,-0.4571728778688631,-0.34877890812935763,0.8027745532132147
0.4746422640304642,-0.13809338746442879,-0.7038571328917939,-0.8182955122118364,0.9761072059057163,-1.7154947899743744,-0.19296952411517532,0.12041665970335103,-0.6939717776376255,-1.1724985789328362,0.06650995097946052,-0.09656828659787275,0.19412126579130298,-0.47124873968601916,0.7143354268102415,-0.2794426939355716
0.9532760017732195,-1.105961371457556,-0.8635137038311823,-0.9449498422909588,-0.3080487028937018,-1.7154947899743744,-0.19296952411517532,0.12041665970335103,-0.6939717776376255,-1.1724985789328362,0.180551377450953,0.11154066612031452,-0.06959094613830376,0.47471077750749474,1.1053087736727374,-0.7614762328753016
0.4588360731782981,-0.4837605246048314,-0.7996510754554269,-1.00827700733052,-0.3080487028937018,-1.7154947899743744,-0.19296952411517532,0.12041665970335103,-0.6939717776376255,-1.1724985789328362,0.36654955469305317,0.14508617269957283,-0.24676557992743528,0.9534407710372524,1.2130571596137274,-0.9474491555278076
0.9037334343332851,-0.8755166133639544,-0.9752733034887542,-1.2742511004966774,1.2843046240175766,-1.7154947899743744,-0.19296952411517532,0.12041665970335103,-0.6939717776376255,-1.1724985789328362,0.04268074037745378,0.05365053470330863,-0.041363189971798345,0.458901407946391,1.0548603738689941,0.12509546716010378
0.5539793299368101,-0.3454936697486704,-0.7517541041736105,-1.0716041723700815,0.25697989697804213,-1.7154947899743744,-0.19296952411517532,0.12041665970335103,-0.6939717776376255,-1.1724985789328362,0.07832232214834806,-0.004029401041655404,0.06069189996793339,0.9038882403238525,0.877233182553862,0.5186016158514106
0.22762011195159704,-1.0598724198388358,-1.3424834166493478,-0.8056300792039239,0.7706422604978095,-1.7154947899743744,-0.19296952411517532,0.12041665970335103,-0.6939717776376255,-1.1724985789328362,0.09239572745013676,-0.1142556824061063,0.010313430239749255,0.5540637985192064,-0.4586709039388355,0.5484758889740525
0.21185075763920827,-1.0368279440294756,-1.1668611886160205,-1.3755745645599755,-0.1539499938377716,-1.7154947899743744,-0.19296952411517532,0.12041665970335103,-0.6939717776376255,-1.1724985789328362,0.02187077940335088,0.0684698273658097,0.06761704384239474,0.22763894796174533,-0.4727590634805371,0.5204672914836652
0.8011569322135279,-0.6220273794609924,-0.9752733034887542,-0.8942881102593099,0.7706422604978095,-1.7154947899743744,-0.19296952411517532,0.18911820291699066,-0.6939717776376255,-1.1724985789328362,0.018616917404725323,0.1824769938284304,0.21030100461560625,0.21186642234844283,0.4740269146234936,0.0031556557193057537
0.8897539674885768,-0.39158262136739064,-1.0391359318645097,-1.0462733063542569,0.102881187922112,0.5829222017135578,-0.19296952411517532,0.18911820291699066,-0.6939717776376255,-1.1724985789328362,0.10284071591894693,0.36841929401427465,0.26524215431415765,0.8012911095246668,0.9531751624433695,-0.31113535006783427
1.0664256959046663,-0.4376715729861112,-1.0710672460523876,-1.4009054305758002,-0.35941493924567847,0.5829222017135578,-0.19296952411517532,0.18911820291699066,-0.6939717776376255,-1.1724985789328362,0.282216631959186,0.04464777546912515,0.2449345483000316,0.8899059621341074,0.4582037328159621,0.6538926112527885
0.9764944411589545,-0.5989829036516322,-0.9752733034887542,-0.856291811235573,-0.25668246654172505,0.5829222017135578,-0.19296952411517532,0.18911820291699066,-0.6939717776376255,-1.1724985789328362,0.09702411738203032,0.0802786498949304,0.18592845367013955,1.0666132201732026,0.9035793389368769,1.2367507221530005
0.8278752112433121,-0.9446500407920349,-0.7517541041736105,-0.6409794501010647,0.051514951570135296,0.5829222017135578,-0.19296952411517532,0.18911820291699066,-0.6939717776376255,-1.1724985789328362,0.05182353516196367,0.09434782730335252,0.6324535954187419,0.9766638797744766,0.5534492643631324,1.7364321081325103
-0.705479278152765,-0.829427661745234,-0.5282349048584662,-0.5523214190456788,-0.35941493924567847,0.5829222017135578,-0.19296952411517532,0.18911820291699066,-0.6939717776376255,-1.1724985789328362,0.17757142901144857,0.023844066165749755,0.5116817020338154,0.8280147617422825,0.22673922466776048,2.0203693156001274
-0.7051665359300745,-0.06895996003634809,-0.6080631903281605,-0.8309609452197485,-0.35941493924567847,0.5829222017135578,-0.19296952411517532,0.18911820291699066,-0.6939717776376255,-1.1724985789328362,-0.2164199804120846,0.020591181683316244,0.3658393691501617,-0.7056480933862788,0.21095291899765573,1.7193635040675745
0.202874061261378,-0.8524721375545941,-0.7677197612675493,-0.5143251200219421,-0.35941493924567847,0.5829222017135578,-0.19296952411517532,0.2578197461306303,-0.6939717776376255,-1.1724985789328362,-0.15511957096203577,0.10478967791771208,0.26791603788158325,-0.7053352882694661,0.8008925716187963,0.863327440652669
0.599986694654509,-0.39158262136739064,-0.8315823896433048,-0.8182955122118364,0.051514951570135296,0.5829222017135578,-0.19296952411517532,0.2578197461306303,-0.6939717776376255,-1.1724985789328362,-0.11954432166489522,0.28411170634302857,0.39627777427279953,0.20288792070928974,0.8895848447842353,0.9143616796119102
1.0990426100486619,-1.0598724198388358,-0.9593076463948154,-0.8689572442434853,1.6952345148333903,0.5829222017135578,-0.19296952411517532,0.2578197461306303,-0.6939717776376255,-1.1724985789328362,-0.07713557553611575,0.09897482678718668,0.3153460198346047,0.6000804155623258,1.0664464874864366,1.8918510636906323
0.8896699801778905,-0.552893952032912,-0.89544501801906,-1.198258502449204,-0.35941493924567847,0.5829222017135578,-0.19296952411517532,0.2578197461306303,-0.6939717776376255,-1.1724985789328362,0.06256675572540185,0.053787823600597445,0.3677783240635973,1.0992366937518827,0.9764185606234748,1.8148960682167752
1.1513935952810632,-0.13809338746442879,-1.0231702747705709,-1.1096004713938181,-0.35941493924567847,0.5829222017135578,-0.19296952411517532,0.2578197461306303,-0.6939717776376255,-1.1724985789328362,0.03702176050257746,0.17949794061676672,0.22448633405176543,0.8898219579331267,0.8276395716156169,1.3415526403375682
0.08059664093901885,-0.4146270971767507,-0.8156167325493656,-0.754968347172275,1.38703709672153,0.5829222017135578,-0.19296952411517532,0.2578197461306303,-0.6939717776376255,-1.1724985789328362,0.12664368383507052,-0.21437510700088686,-0.0044966278159849615,1.151598207045485,-0.7073632059690721,0.7309352263918342
-0.180615314626672,-1.1520503230762764,-0.8475480467372436,-0.5649868520535912,-0.35941493924567847,0.5829222017135578,-0.19296952411517532,0.2578197461306303,-0.6939717776376255,-1.1724985789328362,0.11975676392606968,-0.1530931132497343,-0.13176620284279073,0.08058590974820698,-0.7070501275623385,0.18270448049325183
0.9091601933729756,-0.6220273794609924,-0.9273763322069378,-0.6029831510773278,-0.35941493924567847,0.5829222017135578,-0.19296952411517532,0.32652128934426994,-0.6939717776376255,-1.1724985789328362,0.05016230730800977,-0.11752855137026508,-0.20322504047296772,-0.18067857692921874,0.2019665730686521,-0.2295471440142166
1.3256241662062396,-0.8524721375545941,-1.2626551311796537,-0.754968347172275,-0.1539499938377716,0.5829222017135578,-0.19296952411517532,0.32652128934426994,-0.6939717776376255,-1.1724985789328362,0.13178896790056,-0.07513254555931191,-0.21134197503510468,0.909316090713611,0.5995060849609802,-0.35956262903081754
1.4300767532967482,-1.9816514522132427,-1.2626551311796537,-0.4256670889665562,-0.35941493924567847,0.5829222017135578,-0.19296952411517532,0.32652128934426994,-0.6939717776376255,-1.1724985789328362,0.24903806396135952,0.06452781671552676,-0.08858061103169523,1.3258638166639292,1.0990984633690608,0.6973479324785713
1.2367073897659417,-1.3364061295511578,-1.0551015889584485,-0.7676337801801872,-0.35941493924567847,0.5829222017135578,-0.19296952411517532,0.32652128934426994,-1.2039186108834923,-0.645341073311799,0.5928157792101997,0.038990495649278985,0.11943044051306065,1.4303374097245187,0.8895007671909082,1.0860397655081042
1.0880907384080818,-0.4376715729861112,-1.230723816991776,-0.9196189762751342,-0.25668246654172505,0.5829222017135578,-0.19296952411517532,0.32652128934426994,-1.2039186108834923,-0.645341073311799,0.15663642399584746,0.12858549501226835,0.15296016620247946,1.2369291585875928,1.151505723592808,1.1931593888109846
-0.06859060841996267,-0.3685381455580305,-1.0391359318645097,-1.0716041723700815,-0.35941493924567847,0.5829222017135578,-0.19296952411517532,0.32652128934426994,-1.2039186108834923,-0.645341073311799,0.21769537294212019,0.12170064405263514,0.061567542483767286,1.0882826196317428,0.07955770993313716,1.035885755904938
-0.03790466569097989,-0.552893952032912,-1.1668611886160205,-0.9449498422909588,-0.10258375748579489,0.5829222017135578,-0.19296952411517532,0.32652128934426994,-1.2039186108834923,-0.645341073311799,0.33789919676796387,0.05212709480810546,0.003914741243682178,-0.06863134195905345,-0.18193503691993088,0.859295103006933
0.3526982143930686,-0.3685381455580305,-0.7357884470796714,-0.50165968701403,-0.35941493924567847,0.5829222017135578,-0.19296952411517532,0.3952228325579096,-1.2039186108834923,-0.645341073311799,0.388897894071459,0.1337292333457972,-0.10625968611762464,-0.0379392281239944,0.9090119315022717,-0.4688133532278358
0.829240373407385,-0.5759384278422721,-1.1029985602402652,-1.2869165335045898,-0.25668246654172505,0.5829222017135578,-0.19296952411517532,0.3952228325579096,-1.2039186108834923,-0.645341073311799,0.2331882763886566,0.25094310575852835,0.07637986367232583,0.35274220427399094,1.3259235846678727,-0.4828193017156808
1.1382982053909525,-0.5298494762235516,-1.007204617676632,-0.9069535432672221,-0.35941493924567847,0.5829222017135578,-0.19296952411517532,0.3952228325579096,-1.2039186108834923,-0.645341073311799,0.08001001037129682,0.5946175442601481,0.1903333974813269,0.8293801984477178,1.4304884536649867,0.4584417337720967
0.8943924245770782,-1.1290058472669162,-1.0391359318645097,-0.6409794501010647,2.4143618237610647,0.5829222017135578,-0.19296952411517532,0.3952228325579096,-1.2039186108834923,-0.645341073311799,0.39999406673403837,0.15856922483727703,0.37618822440309024,1.1385001836029092,1.2369112266295885,0.9347939256351825
1.597997961689229,-0.8755166133639544,-1.645830901434186,-0.9322844092830466,0.15424742427408872,0.5829222017135578,-0.19296952411517532,0.3952228325579096,-1.2039186108834923,-0.645341073311799,0.1284187496397375,0.21960983062354797,0.05256901843832333,0.8945453520409672,1.0881348189513484,0.44271088769145056
0.5665380114423899,-1.4746729844073188,-1.2626551311796537,-1.0209424403384324,0.7192760241458327,0.5829222017135578,-0.19296952411517532,0.3952228325579096,-1.2039186108834923,-0.645341073311799,0.3252485526449373,0.33977754315020753,0.08818313094989515,1.5982923879639488,-0.0697899091138131,0.8854875171445608
0.012053786283011935,-1.5668508876447595,-1.1987925028038982,-0.41300165595864397,1.1815721513136233,0.5829222017135578,-0.19296952411517532,0.3952228325579096,-1.2039186108834923,-0.645341073311799,0.12210990313402878,0.3907609195665819,0.10224568976281953,0.5666250056423444,-0.03907098035498113,0.5374006166513176
1.1654113721271284,-1.221183750504357,-1.3424834166493478,-0.6029831510773278,1.9006994602412974,0.5829222017135578,-0.19296952411517532,0.4639243757715492,-1.2039186108834923,-0.645341073311799,0.14968073627940545,0.2350980797350243,0.03177509587177941,0.012029270760052004,0.35195178053166887,0.21259708408978115
1.5183691503878616,-0.6450718552703525,-1.1668611886160205,-0.9702807083067834,-0.35941493924567847,0.5829222017135578,-0.19296952411517532,0.4639243757715492,-1.2039186108834923,-0.645341073311799,0.6739051071117632,0.08196583110726662,0.028523741651277006,1.1656188029409318,0.8290062012685752,0.1969028989569119
1.0179204454248065,-0.5759384278422721,-1.0551015889584485,-1.00827700733052,-0.3080487028937018,0.5829222017135578,-0.19296952411517532,0.4639243757715492,-1.2039186108834923,-0.645341073311799,1.50920313002961,0.4018537587477622,0.11268262819337063,1.518647562885667,1.1383962567383483,0.7833999755332413
0.5344983258766677,-0.9907389924107552,-0.6719258187039162,-0.5269905530298543,-0.35941493924567847,0.5829222017135578,-0.19296952411517532,0.4639243757715492,-1.2039186108834923,-0.645341073311799,0.3565335524942866,0.13036002755659218,0.29192029774428196,1.0180982150298277,0.8942282880087444,0.8715746874640647
0.6569017271650587,-0.23027129070186955,-0.5601662190463444,-1.058938739362169,-0.35941493924567847,0.5829222017135578,-0.19296952411517532,0.4639243757715492,-1.2039186108834923,-0.645341073311799,-0.02503339976601406,0.3271306994985824,0.106870512556641,0.5345788767256708,1.598590169921973,1.0474042590862709
-0.398137660557321,-1.0598724198388358,-0.6240288474220995,-0.15969299580039883,0.6165435514418792,0.5829222017135578,-0.19296952411517532,0.4639243757715492,-1.2039186108834923,-0.645341073311799,0.16502737053434932,0.12405307633704342,0.061704766795924286,0.6570068939882269,0.5660214458953097,0.9579016876270449
-0.7402920184327617,-0.6450718552703525,-0.16102479169787312,-0.6789757491248013,-0.35941493924567847,0.5829222017135578,-0.19296952411517532,0.4639243757715492,-1.2039186108834923,-0.645341073311799,-0.031938127169391296,0.15161562672923654,0.1873557457125196,-0.39824466775904044,0.010941174743030307,0.8099908941731797
0.7516523064095653,-1.3364061295511578,-1.2945864453675313,-0.23568559384787235,0.667909787793856,0.5829222017135578,-0.19296952411517532,0.5326259189851889,-1.2039186108834923,-0.645341073311799,-0.2204430212035699,0.6756825115308491,-0.2063320113011445,-0.7404678346932595,1.165538568928362,-0.7160544184108892
0.7790071208466669,-0.9216055649826748,-0.5442005619524053,-0.9449498422909588,-0.25668246654172505,0.5829222017135578,-0.19296952411517532,0.5326259189851889,-1.2039186108834923,-0.645341073311799,0.018123935403610777,1.5107295965346308,-0.14507884657930611,0.751776528077503,1.5188757611739296,-0.7157431669642835
-0.008666398975164103,-0.02287100841762791,-0.6080631903281605,-0.4003362229507318,-0.3080487028937018,0.5829222017135578,-0.19296952411517532,0.5326259189851889,-1.2039186108834923,-0.645341073311799,-0.14090187445497457,0.35840630079509395,-0.1095310154185066,0.7791368437130876,1.0178890960098244,0.18796899259369795
0.5034285464032295,-0.4607160487954713,-1.1828268457099593,-0.4256670889665562,0.051514951570135296,0.5829222017135578,-0.19296952411517532,0.5326259189851889,-1.2039186108834923,-0.645341073311799,-0.20146645256947213,-0.0230460221802698,-0.06715495405810919,-0.008695081437438154,0.5339473190861241,0.5831886739839979
0.4345718444283389,-1.7972956457383613,-0.8475480467372436,-0.02037323271336406,-0.35941493924567847,0.5829222017135578,-0.19296952411517532,0.5326259189851889,-1.2039186108834923,-0.645341073311799,0.07769128459209719,0.16695765059090495,0.07243970747118264,0.5035028489545482,0.6564822986116317,1.0798656952933712
-0.999098179585733,-0.8524721375545941,-0.3845439910130168,-0.21035472783204792,-0.35941493924567847,0.5829222017135578,-0.19296952411517532,0.5326259189851889,-1.2039186108834923,-0.645341073311799,0.09343381812270768,-0.029948675284601368,0.04691439998563874,0.43463229953114674,-0.3996912097419062,0.8714911005031395
-0.5071959202159336,-1.1750947988856366,-1.1987925028038982,-0.09636583076083756,-0.05121752113381818,0.5829222017135578,-0.19296952411517532,0.5326259189851889,-1.2039186108834923,-0.645341073311799,-0.19533728359677902,-0.21839693920162162,0.13646725096694315,-0.9993260431399306,-0.7422133684035762,1.1319671344423374
0.8722636100378893,-1.4516285085979588,-0.9593076463948154,0.004957633302460363,-0.35941493924567847,0.5829222017135578,-0.19296952411517532,0.6013274621988285,-1.2039186108834923,-0.645341073311799,0.32001207043459473,0.020098347782486432,0.12958563886358712,-0.5073248596129514,0.7513347305338544,0.06627444289351592
0.7441107616213763,-1.7051177425009205,-0.8156167325493656,-0.22302016083996012,-0.35941493924567847,0.5829222017135578,-0.19296952411517532,0.6013274621988285,-1.2039186108834923,-0.645341073311799,0.5037960634446612,-0.13887968798360315,0.060044819263899055,0.8724120872796337,0.7787189501853732,-0.19369237048108773
1.2374297543109296,-0.7602942343171533,-1.1189642173342038,-1.2235893684650285,-0.35941493924567847,0.5829222017135578,-0.19296952411517532,0.6013274621988285,-1.2039186108834923,-0.645341073311799,0.41481368604639823,-0.19942607145561228,0.14160856951981338,0.744233466644599,-0.009801283796936136,0.8908884079707288
0.9849082752090168,-1.2672727021230774,-1.1828268457099593,-0.1850238618162235,1.2329383876656,0.5829222017135578,-0.19296952411517532,0.6013274621988285,-1.2039186108834923,-0.645341073311799,0.4938129967029738,0.07964780191323104,0.25876730074086696,1.2376516684039278,0.5028441409753304,1.3053671850555075
0.8108729379446467,-2.142962782878764,-0.8156167325493656,0.11894653037367071,-0.3080487028937018,0.5829222017135578,-0.19296952411517532,0.6013274621988285,-1.2039186108834923,-0.645341073311799,0.44806495470904056,0.09538560611560432,0.6022800636856777,0.9850794058912578,0.43391342109436726,1.4093218687369897
-0.9760712902068255,-1.5207619360260392,-0.3526126768251392,0.14427739638949538,-0.35941493924567847,0.5829222017135578,-0.19296952411517532,0.6013274621988285,-1.2039186108834923,-0.645341073311799,0.8493705810435811,-0.19329874379085332,0.16643687547694555,0.8110090691961462,-1.001297734721445,1.2168742560980002
-1.0377028732701965,-0.11504891165506868,-0.12909347750999497,-0.6663103161168892,-0.35941493924567847,0.5829222017135578,-0.19296952411517532,0.6013274621988285,-1.390572106430907,0.0747694711621766,-0.0009654075278663319,0.3218957904176941,0.227448765790598,-0.9762945229312577,-0.508866702201224,1.0689660289104772
0.06134512852167767,-0.3224491939393103,-0.44840661938877197,-0.10903126376874978,0.25697989697804213,0.5829222017135578,-0.19296952411517532,0.6700290054124681,-1.390572106430907,0.0747694711621766,-0.03176680201690829,0.5056245715505873,0.3475599475437792,-1.0379385004333492,0.8720756859736535,-0.08220166237503977
-0.14686715034617764,-0.552893952032912,-0.12909347750999497,0.22026999443696865,-0.20531623018974834,0.5829222017135578,-0.19296952411517532,0.6700290054124681,-1.390572106430907,0.0747694711621766,0.10622329073097386,0.4166689259912132,0.3985193397330866,0.06133052574946107,0.7437850789189113,-0.051661993050283066
0.13173459891661923,-0.7833387101265138,-0.27278439135544497,0.05561936533410944,-0.35941493924567847,0.5829222017135578,-0.19296952411517532,0.6700290054124681,-1.390572106430907,0.0747694711621766,0.2845124806917176,0.495644503894107,0.24292972872941043,-0.14692362571362863,1.2376343676844803,0.33707896564927303
-0.04726409371707985,-0.6681163310797129,0.1263570359930263,0.0176230663103728,0.5138110787379256,0.5829222017135578,-0.19296952411517532,0.6700290054124681,-1.390572106430907,0.0747694711621766,0.5215374825339335,0.44991020539999727,0.08986951845769188,0.1317341518407844,0.9848414391726282,0.8113495488977119
0.10004633394035321,-0.06895996003634809,-0.7038571328917939,-0.5396559860377665,0.15424742427408872,0.5829222017135578,-0.19296952411517532,0.6700290054124681,-1.390572106430907,0.0747694711621766,0.15967633720959792,0.851095272611911,0.4096069604844092,-0.04730053838078455,0.8106190216259113,1.1189341675084254
-0.41732286720306827,-0.6450718552703525,-1.1987925028038982,-0.4256670889665562,-0.10258375748579489,0.5829222017135578,-0.19296952411517532,0.6700290054124681,-1.390572106430907,0.0747694711621766,-0.0923339526199994,0.0010147396184392308,0.1382409487138394,0.10003951418611418,-0.9782460924559437,0.8761910340078556
-0.2847938378612557,-0.7833387101265138,-0.8475480467372436,-0.653644883108977,-0.20531623018974834,0.5829222017135578,-0.19296952411517532,0.6700290054124681,-1.390572106430907,0.0747694711621766,-0.04819208287251044,-0.029777401601145236,0.3349190533759102,-0.41743373265174955,-1.039943926742441,1.5764426322153202
0.7060387243020638,-1.105961371457556,-1.214758159897837,-0.03303866572127628,1.0788396786096697,0.5829222017135578,-0.19296952411517532,0.7387305486261078,-1.390572106430907,0.0747694711621766,-0.11318961335055981,0.10817123654600075,0.13193696448786352,-0.2848780510181865,0.06028550299228569,0.5498994335761466
0.7956914948070717,-0.8985610891733145,-0.89544501801906,0.18227369541323224,0.30834613333001887,0.5829222017135578,-0.19296952411517532,0.7387305486261078,-1.390572106430907,0.0747694711621766,0.10560380126267263,0.28640686536305493,0.15948654856606143,0.7061537728363556,-0.1481505948569958,-0.0019416824592899894
0.017337619548371014,-1.5207619360260392,0.06249440761727114,0.3975860565477405,-0.35941493924567847,0.5829222017135578,-0.19296952411517532,0.7387305486261078,-1.390572106430907,0.0747694711621766,0.566798464097022,0.5233606608119699,0.6833068953773161,0.7958245729897176,0.13075063895148978,1.1459180915085097
-0.15778144871618535,-0.11504891165506868,0.06249440761727114,-0.36233992392699493,-0.35941493924567847,0.5829222017135578,-0.19296952411517532,0.7387305486261078,-1.390572106430907,0.0747694711621766,0.02879568477260956,0.1616082248087357,1.517961147259675,0.0173141666323467,-0.04844046935183134,1.4971933946297222
-0.037993073386440285,-0.8985610891733145,-0.28875004844938346,-0.08370039775292534,-0.35941493924567847,0.5829222017135578,-0.19296952411517532,0.7387305486261078,-1.390572106430907,0.0747694711621766,-0.02362253577893017,-0.09032635678892804,0.36617994161934686,-0.15784011900701164,0.09902831049333538,0.9991302228849879
-1.279241538038119,-0.5298494762235516,-0.06523084913423978,0.4609132215873018,-0.35941493924567847,0.5829222017135578,-0.19296952411517532,0.7387305486261078,-1.390572106430907,0.0747694711621766,0.23091579515171495,-0.046197748019453456,-0.015092933862097715,-0.038027653598711936,-0.4188970396353949,0.518012474420671
-1.157823514188716,0.18452927386661375,0.22215097855665966,-0.7929646461960117,0.051514951570135296,0.5829222017135578,-0.19296952411517532,0.7387305486261078,-1.390572106430907,0.0747694711621766,0.2168345434011578,-0.11117575211976694,0.17482135504414661,-1.2795257399097293,-0.2862255474546087,0.639832404562243
-0.11069219482528739,-0.4376715729861112,-1.214758159897837,0.3849206235398281,2.9793904236328084,0.5829222017135578,-0.19296952411517532,0.8074320918397474,-1.390572106430907,0.0747694711621766,0.06556921813240246,0.10755193318300647,-0.021992339735448216,-1.1580832982507983,0.7056721158450757,-0.41017783335699315
0.24052247837327728,-1.8433845973570817,-0.89544501801906,0.5495712526426875,-0.35941493924567847,0.5829222017135578,-0.19296952411517532,0.8074320918397474,-1.390572106430907,0.0747694711621766,0.46590173970960846,0.5686080451965778,-0.21035195150210392,-0.11074139521703383,0.7954212591091042,-0.7507012137148373
-0.08465097139657464,-1.6820732666915605,-0.24085307716756738,0.5749021186585119,-0.35941493924567847,0.5829222017135578,-0.19296952411517532,0.8074320918397474,-1.390572106430907,0.0747694711621766,0.5633541216055461,0.030766891174154248,0.028031139595433043,0.24054390911784607,0.016230687895214067,0.7341313278188306
-0.9402271268131153,-0.7833387101265138,0.5733954346233142,0.6002329846743364,-0.35941493924567847,0.5829222017135578,-0.19296952411517532,0.8074320918397474,-1.390572106430907,0.0747694711621766,0.5766614744459352,-0.021635582041029715,-0.13087210776752428,-0.08469493475996728,-0.15907662561453337,0.7613557476363167
-1.0050752765296658,0.9449969755754992,0.9246398906899689,-0.03303866572127628,-0.35941493924567847,-1.7154947899743744,-0.19296952411517532,0.8074320918397474,-1.390572106430907,0.0747694711621766,0.023864298895863237,0.23282628119058965,-0.19139000826505534,-0.9404431510858968,-0.039159483084799995,-0.022563098973071363
-1.4378305774439366,0.6684632658631773,-0.16102479169787312,-0.5269905530298543,-0.35941493924567847,-1.7154947899743744,-0.19296952411517532,0.8074320918397474,-1.390572106430907,0.0747694711621766,0.21537467476235495,0.21874925969060743,0.08755257973946323,-1.0053043421098071,-1.2817422348811454,0.48709079802010474
-1.3613450280815866,-0.8524721375545941,-0.7836854183614881,-0.13436212978457443,0.822008496849786,-1.7154947899743744,-0.19296952411517532,0.8074320918397474,-1.390572106430907,0.0747694711621766,0.26339817133210214,0.06752937713110299,0.10328298037039702,-1.4381466724137433,-1.1601936920317464,0.4185623213922599
0.07353839155268432,-0.6220273794609924,-0.8315823896433048,-0.09636583076083756,0.15424742427408872,-1.7154947899743744,-0.19296952411517532,0.876133635053387,-1.390572106430907,0.0747694711621766,0.19088832972831657,0.46774163192311297,-0.18526556309314707,-1.361645741401151,-0.11193675286052471,-1.008273700590278
0.36266434022926375,-0.7602942343171533,-0.8475480467372436,-0.17235842880831106,0.000148715218158527,-1.7154947899743744,-0.19296952411517532,0.876133635053387,-1.390572106430907,0.0747694711621766,0.24311479873483754,0.565164737444915,0.329686606965345,0.0735262409104298,0.23965546056210674,-0.5187162353387493
0.25330402094449367,-0.6681163310797129,-0.6080631903281605,-0.1976892948241357,-0.35941493924567847,-1.7154947899743744,-0.19296952411517532,0.876133635053387,-1.390572106430907,0.0747694711621766,0.5523544703236899,0.5784680925272921,0.513328956145018,0.3627103343510285,-0.085867536269571,0.8541677028511628
-0.2611370436521912,-0.7602942343171533,-0.01733387785242312,0.6255638506901612,-0.35941493924567847,-1.7154947899743744,-0.19296952411517532,0.876133635053387,-1.390572106430907,0.0747694711621766,0.9078473074831382,0.02583698677066825,0.42441515819464803,0.2533280221251648,-0.942363398173544,0.7266257319809162
-1.091959781070568,0.16148479805725363,-0.25681873426150587,-0.9196189762751342,-0.35941493924567847,-1.7154947899743744,5.18216544599624,0.876133635053387,-1.390572106430907,0.0747694711621766,0.48222507219864946,0.21728982962148988,0.5033535834347269,-0.26121649930214946,-1.0072812567799634,1.217593177283857
-0.8916213125796729,-1.0137834682201154,-0.8794793609251211,0.3849206235398281,-0.3080487028937018,-1.7154947899743744,-0.19296952411517532,0.876133635053387,-1.390572106430907,0.0747694711621766,-0.0789336046644163,0.2652988991056644,0.4576407998318804,-1.0922063195860738,-1.4405017504829787,0.9662754147082595
-1.1832355695180734,-0.5759384278422721,-0.7357884470796714,0.5495712526426875,-0.35941493924567847,-1.7154947899743744,-0.19296952411517532,0.876133635053387,-1.390572106430907,0.0747694711621766,0.42408917647830285,0.1928108407072762,0.8586371366296038,-0.8918275619650342,-1.363933982541373,0.7930696671182925
0.06675567948386692,-0.3454936697486704,-1.007204617676632,-0.03303866572127628,-0.35941493924567847,-1.7154947899743744,-0.19296952411517532,0.9448351782670267,-1.390572106430907,0.0747694711621766,0.08783005709649123,0.24502161998290842,0.008956508977080838,-1.1835004640794626,0.07249187324120811,-0.9853565755268401
-0.2651816957195124,-1.7051177425009205,0.014597436335454472,0.8915379438563183,-0.35941493924567847,-1.7154947899743744,-0.19296952411517532,0.9448351782670267,-1.2039186108834927,0.7948800156361521,0.2277726722718871,0.5541683906477726,-0.02182114662466505,0.06674216480218785,0.36192861951189936,-1.0466943738581551
-0.7443845580017968,-0.5298494762235516,0.9725368619717856,0.4862440876031262,-0.35941493924567847,-1.7154947899743744,-0.19296952411517532,0.9448351782670267,-1.2039186108834927,0.7948800156361521,0.33676283488726616,0.909554431635586,0.1160625960272537,-0.26526196477048525,0.25245074272569923,0.04711469836750711
-0.8510613353639374,0.8067301207193383,1.4834378889778286,0.9295342428800553,-0.35941493924567847,-1.7154947899743744,-0.19296952411517532,0.9448351782670267,-1.2039186108834927,0.7948800156361521,0.2345117010115456,0.48406006060190543,0.29421437704737,-0.74456119729374,-0.2625433232391465,-0.16010507656782594
-0.2469634482428677,0.20757374967597383,-0.8315823896433048,-0.46366338799029305,-0.35941493924567847,-1.7154947899743744,-0.19296952411517532,0.9448351782670267,-1.2039186108834927,0.7948800156361521,0.23597556461903807,-0.07693003452869135,0.5310567017771233,-0.8512594279224396,-1.0942591583165364,0.1171686370322596
-1.4350560492680622,-0.9216055649826748,0.6212924059051309,0.34692432451609123,0.102881187922112,-1.7154947899743744,-0.19296952411517532,0.9448351782670267,-1.2039186108834927,0.7948800156361521,0.4570225969462048,0.425941629906022,0.1694744458046557,-0.24704005350750377,-0.8937053348417666,-0.06097680666088085
-2.0520434100218905,0.2997516529134146,0.7011206913748251,0.34692432451609123,-0.35941493924567847,-1.7154947899743744,-0.19296952411517532,0.9448351782670267,-1.2039186108834927,0.7948800156361521,0.06893486083674617,0.08978352855572475,-0.08234161762815158,-1.4353715862655152,-1.1856330641954935,0.08563142331855488
-0.5575875698976881,0.00017346739173218143,-0.6399945045160387,0.05561936533410944,-0.35941493924567847,-1.7154947899743744,-0.19296952411517532,1.0135367214806663,-1.2039186108834927,0.7948800156361521,-0.19878965142179553,0.22968410255901509,-0.03823376838162879,-2.052483026454822,0.06570187005721342,-0.429271588177009
-0.24753699316716649,-0.4837605246048314,-0.9912389605826932,0.29626259248444237,0.30834613333001887,0.5829222017135578,-0.19296952411517532,1.0135367214806663,-1.2039186108834927,0.7948800156361521,0.2619350015234702,0.33864152265219255,-0.103181204729976,-0.5577266433231205,-0.26659232312836784,-0.29737429671112925
0.14050243211391908,-0.7142052826984331,-0.8635137038311823,0.5875675516664244,1.1302059149616464,0.5829222017135578,-0.19296952411517532,1.0135367214806663,-1.2039186108834927,0.7948800156361521,0.4113146486824767,0.23642110677836062,0.11544358400456534,-0.24761371377473332,-0.7463103072714555,0.6887351760178618
0.2083008203010695,-0.3224491939393103,-0.911410675112999,-0.261016459863697,-0.3080487028937018,0.5829222017135578,-0.19296952411517532,1.0135367214806663,-1.2039186108834927,0.7948800156361521,0.4186503301855614,0.23788453061601042,0.5762828003305928,0.14050374829591203,-0.85310175744627,0.7779605907119082
-0.41361600620548444,-0.4837605246048314,-0.24085307716756738,0.35958975752400363,-0.35941493924567847,0.5829222017135578,-0.19296952411517532,1.0135367214806663,-1.2039186108834927,0.7948800156361521,0.7110125824990451,0.4588651566071384,0.03869466415968759,0.20831577109904928,-0.24835449184227745,0.0033169638895088546
-1.459563030815139,-0.7833387101265138,-0.0013682207584846068,0.6888910157297226,-0.35941493924567847,0.5829222017135578,-0.19296952411517532,1.0135367214806663,-1.2039186108834927,0.7948800156361521,0.28299200099628424,0.07089400873840523,-0.013683157239457388,-0.41372612618472954,-1.4377242398121541,-0.1709673487839879
-1.924341809217622,-0.5068050004141915,0.4297045207778648,0.6255638506901612,-0.35941493924567847,0.5829222017135578,-0.19296952411517532,1.0135367214806663,-1.2039186108834927,0.7948800156361521,0.10967043949660196,-0.19675007446510828,0.24065899891239184,-1.4598834962967542,-2.0553748346623943,-0.051749979324942116
-0.7790628449116163,0.46106298357893566,1.0044681761596632,0.7015564487376345,-0.3080487028937018,0.5829222017135578,-0.19296952411517532,1.0822382646943058,-1.2039186108834927,0.7948800156361521,0.08592560542393764,0.263836168858446,0.2265885996980214,-1.9247557441803236,-0.5593125206753546,-1.2870816748547294
-0.6492508787436245,0.3227961287227747,-0.3845439910130168,0.7522181807692838,-0.35941493924567847,0.5829222017135578,-0.19296952411517532,1.0822382646943058,-1.2039186108834927,0.7948800156361521,0.31766809598307444,0.41317093979838654,0.07543985585578676,-0.7792464581912566,-0.24892865330197683,-1.1662424250661303
-0.24540452587957767,0.3919295561508554,-0.0013682207584846068,-0.41300165595864397,-0.35941493924567847,0.5829222017135578,-0.19296952411517532,1.0822382646943058,-1.2039186108834927,0.7948800156361521,0.3517876688707739,0.42050441753639084,0.47546383787599134,-0.6494083861473506,0.13952789718129108,-0.12410255941516508
-0.30756102963474924,-0.4837605246048314,-0.8315823896433048,-0.6409794501010647,0.7706422604978095,0.5829222017135578,-0.19296952411517532,1.0822382646943058,-1.2039186108834927,0.7948800156361521,0.2961954515514622,0.7127788391933496,0.5728411124221179,-0.24548081763664603,0.2073991656340478,0.22543794765734546
-0.8109363976829517,-0.9907389924107552,0.2700479498384763,1.0815194389750022,-0.1539499938377716,0.5829222017135578,-0.19296952411517532,1.0822382646943058,-1.2039186108834927,0.7948800156361521,0.1046725986097055,0.2848868424459123,0.586138209176556,-0.30764982139487734,-0.41518619392635564,-0.09818546899532782
-1.387427508434854,-0.5068050004141915,-0.8156167325493656,0.14427739638949538,-0.1539499938377716,0.5829222017135578,-0.19296952411517532,1.0822382646943058,-1.2039186108834927,0.7948800156361521,-0.02529568898541879,0.11161734972876262,0.03376707894247255,-0.8111264209033561,-1.4622575652793761,-0.9496832736851942
-1.3393911871063335,-0.3685381455580305,-0.6399945045160387,0.004957633302460363,-0.1539499938377716,0.5829222017135578,-0.19296952411517532,1.0822382646943058,-1.2039186108834927,0.7948800156361521,-0.10003202933666203,0.08787964901325769,0.22512985619194903,-1.3877334670797585,-1.9275359602911013,-1.0142223059762
-0.4687555174988653,-0.02287100841762791,-0.5442005619524053,0.6255638506901612,-0.35941493924567847,0.5829222017135578,-0.19296952411517532,1.1509398079079456,-1.2039186108834927,0.7948800156361521,0.06479114122688284,0.31955252013647395,0.27311634065910984,-1.339687485391866,-0.7810258718043622,-1.444914753823818
-0.49774771612897944,0.06930689481981286,-0.12909347750999497,1.1448466040145635,-0.35941493924567847,0.5829222017135578,-0.19296952411517532,1.1509398079079456,-1.2039186108834927,0.7948800156361521,0.25865177613211526,0.3536618429167694,0.20066238298481,-0.4688767263267141,-0.6510743635200139,-1.3687937949118298
-0.48499711625116876,-0.7833387101265138,1.1960560612869293,1.4361515631965456,-0.35941493924567847,0.5829222017135578,-0.19296952411517532,1.1509398079079456,-1.2039186108834927,0.7948800156361521,0.2569084701946013,0.2980863264571145,0.2528486006234243,-0.4978747554419697,-0.24679389370646637,0.05924983869040857
-0.39945972396985535,0.3227961287227747,2.138029829829321,1.448816996204458,-0.3080487028937018,0.5829222017135578,-0.19296952411517532,1.1509398079079456,-1.2039186108834927,0.7948800156361521,0.16281466521902008,0.10662101027935623,0.5618499386616987,-0.48512159135079663,-0.3090172129512678,0.34699758506971684
-0.8644757296884966,1.1984862094784614,0.19021966436878207,-0.5903177180694156,-0.35941493924567847,0.5829222017135578,-0.19296952411517532,1.1509398079079456,-1.2039186108834927,0.7948800156361521,0.023316904949489688,-0.023308232603475098,0.9170687945766002,-0.39956699704554943,-0.8129336872337624,0.23815856331620774
-1.7804151861039519,-0.4607160487954713,-0.7836854183614881,0.32159345850026677,0.6165435514418792,0.5829222017135578,-0.19296952411517532,1.1509398079079456,-1.2039186108834927,0.7948800156361521,-0.06894298084319843,-0.09802212087074587,0.49177458983883604,-0.8646765199529503,-1.3900445004062487,-0.27383026944074396
-1.3286319705687761,-0.29940471812994984,-0.5442005619524053,-0.5776522850615035,-0.05121752113381818,0.5829222017135578,-0.19296952411517532,1.1509398079079456,-1.2039186108834927,0.7948800156361521,-0.27807998272845275,0.06675153397328813,-0.0689515974306172,-1.780800176658255,-1.3419565421590522,-1.1006926504449825
