0,1,2,3,4,5,6,7,8,9,10,11,12,13,14,15
-1.1818913060784162,0.6479500473268598,-0.021430636666704465,1.4676090016514038,-0.34932359918387046,0.6572123912097525,-0.19379456778184626,-1.446028081804303,0.6908955965262368,1.3094933969888642,-0.42487188114347435,-0.4255915388600642,-0.38927757947644986,0.07345509282500498,-0.2730892492914235,-1.499756642610735
-1.4477939666527844,0.391862139324609,-0.21317275616326095,0.3387242065544987,1.7875566322141823,0.6572123912097525,-0.19379456778184626,-1.446028081804303,1.2035094366430976,0.7853966046998287,-0.45911294165083705,-0.45899564489434796,-0.3320578040175655,-1.180971668991343,-1.6150400605728379,0.6838110414168622
-0.09677936251248404,0.46170429605249563,0.12237595295571332,1.1758747287611924,0.533300844219673,0.6572123912097525,-0.19379456778184626,-1.3776457884002515,1.2035094366430976,0.7853966046998287,-0.47405836369401017,-0.45598666225051154,-0.32118709913529325,-1.446819086438431,-1.190174613455343,1.6086845514562071
0.20865994950012198,1.067002987694179,-0.053387656582797115,1.02366554290543,-0.34932359918387046,0.6572123912097525,-0.19379456778184626,-1.3776457884002515,1.2035094366430976,0.7853966046998287,-0.41541146975224064,-0.42342369893025533,-0.39406644262001284,-0.09608516497942736,-0.12078757666025268,-1.157647508362434
-0.1913545877240515,0.7643536418733372,-0.21317275616326095,0.8334040605857267,-0.34932359918387046,0.6572123912097525,-0.19379456778184626,-1.3776457884002515,1.2035094366430976,0.7853966046998287,-0.3793152668702125,-0.4553169499129323,-0.3809638431055774,0.20929068989155605,-0.23995314917824248,-0.15212561226188745
0.16482807255821527,0.41514285823390484,0.6177097616551509,1.7973955710055562,-0.34932359918387046,0.6572123912097525,-0.19379456778184626,-1.3776457884002515,1.2035094366430976,0.7853966046998287,-0.37317467389040726,-0.43548312245551574,-0.3462129686419771,-0.19064074153011784,-0.05348063884663354,0.761510213943865
1.5918936702169233,0.6945114851454506,2.4552384068304858,1.7466591757203018,-0.34932359918387046,0.6572123912097525,-0.19379456778184626,-1.3776457884002515,1.2035094366430976,0.7853966046998287,-0.34591123245109,-0.4247728967869829,-0.2163775389024614,0.1654679193269665,0.07115734267081376,2.425712870438006
0.8842092078204167,1.695582398245157,2.3433888371241602,0.18651502069873624,-0.34932359918387046,0.6572123912097525,-0.19379456778184626,-1.3776457884002515,1.2035094366430976,0.7853966046998287,-0.28906067119252293,-0.4590152498574112,-0.2102405011114133,1.5922370341814844,-1.1862630859965222,1.5879289512167742
-0.5773385900637636,1.7188631171544522,0.18628999278789862,0.24993551480530396,-0.34932359918387046,0.6572123912097525,-0.19379456778184626,-1.3776457884002515,1.2035094366430976,0.7853966046998287,-0.36591111137286075,-0.4739612360741306,-0.32175263711106666,0.8846995981544995,-1.452744943512379,0.11518001378542862
0.49563668726542404,0.4849850149617911,1.2728286699350528,1.7720273733629293,-0.34932359918387046,0.6572123912097525,-0.19379456778184626,-1.3092634949961999,1.2035094366430976,0.7853966046998287,-0.40241755071935814,-0.4153121282754332,-0.43047628993428555,-0.5765445530085451,-0.09878751990222395,-1.2514172718324985
1.8919034786241786,1.1368451444220646,1.192936120144821,1.6578704839711071,-0.34932359918387046,0.6572123912097525,-0.19379456778184626,-1.3092634949961999,1.2035094366430976,0.7853966046998287,-0.3647869430358234,-0.37921456280071764,-0.4456864532941202,0.49620780624345595,0.20731710894078131,-1.4829469268824778
2.138116253425351,1.5326173658800888,1.033151020564357,1.2012429264038198,-0.34932359918387046,0.6572123912097525,-0.19379456778184626,-1.3092634949961999,1.2035094366430976,0.7853966046998287,-0.29910749284142474,-0.37307373802015714,-0.32782025419041017,1.8921845134642574,-0.19356875163160814,0.8043962083800249
0.8286383369257121,1.4627752091522022,0.25020403262008395,1.163190629939879,-0.34932359918387046,0.6572123912097525,-0.19379456778184626,-1.3092634949961999,1.2035094366430976,0.7853966046998287,-0.3362204830511249,-0.34580926741536067,-0.37476034702099664,2.1383461358488765,0.16338975612432102,0.45951271515487263
1.1711355980855427,1.067002987694179,1.9279475782149542,0.03430583484297359,-0.34932359918387046,0.6572123912097525,-0.19379456778184626,-1.3092634949961999,1.2035094366430976,0.7853966046998287,-0.3825727351217138,-0.288956560109485,-0.3634719648928332,0.829140272494759,1.5935638297481887,-0.034869603214875096
-0.02396775634199874,1.742143836063748,0.7615163512775687,0.7826676653004727,4.20316037205546,0.6572123912097525,-0.19379456778184626,-1.3092634949961999,1.2035094366430976,0.7853966046998287,-0.44235179342203135,-0.3658099013109677,-0.3488491078945817,1.1715663774662668,0.8843378683863328,-0.1317973128470071
0.38433478205154825,1.5558980847893837,2.247517777375882,1.4041885075448362,-0.256415763036129,0.6572123912097525,-0.19379456778184626,-1.3092634949961999,1.2035094366430976,0.7853966046998287,-0.43089009700537934,-0.4023177187361361,-0.40924086903629203,-0.023288685926581527,-0.5803935155986607,-0.2571428951343968
0.8619005223644324,1.3696523335150197,0.6816238014873367,1.4802931004727176,-0.34932359918387046,0.6572123912097525,-0.19379456778184626,-1.2408812015921484,1.2035094366430976,0.7853966046998287,-0.3977655622547923,-0.3646856905377893,-0.43989105644266263,0.38492902477457386,0.49491894781802026,-1.5189702442224193
0.5578731293783514,1.4162137713336114,0.04248340316548141,-0.8028446873637203,-0.34932359918387046,0.6572123912097525,-0.19379456778184626,-1.2408812015921484,1.2035094366430976,0.7853966046998287,-0.3416070332470423,-0.29900376101505693,-0.455034049793314,0.8623955474830918,1.8942271282825105,-1.6386407032823624
0.4343214584708251,1.4394944902429063,0.13835446291375939,-0.8662651814702881,-0.34932359918387046,0.6572123912097525,-0.19379456778184626,-1.2408812015921484,1.2035094366430976,0.7853966046998287,-0.35456142936385604,-0.3361181522000683,-0.37941085025648225,0.5584313183026348,2.1409762109408974,-0.24312648096002767
1.4140491522777083,1.5558980847893837,1.049129530522403,1.2773475193317008,-0.34932359918387046,0.6572123912097525,-0.19379456778184626,-1.2408812015921484,1.2035094366430976,0.7853966046998287,-0.3546709016652007,-0.38247215401812845,-0.4087614517824843,0.434905316114131,0.8286459513975856,0.6373372500318021
1.4188639056092338,1.3696523335150197,0.7934733711936613,1.2773475193317008,-0.34932359918387046,0.6572123912097525,-0.19379456778184626,-1.2408812015921484,1.2035094366430976,0.7853966046998287,-0.32902605217480696,-0.44225346891335615,-0.3221129437582157,1.4144294646779092,1.1718892500950004,2.0751065332624683
1.1866346017249854,1.5326173658800888,2.519152446662671,0.6811948747299643,-0.34932359918387046,0.6572123912097525,-0.19379456778184626,-1.2408812015921484,1.2035094366430976,0.7853966046998287,-0.3294857693643284,-0.4307913398300391,-0.3161102774567093,1.4192432177109398,-0.025817313364567756,2.405115003580523
1.3131104408489347,2.0447931818845895,2.3913243669982993,-0.37158532743906,0.022307745407095292,0.6572123912097525,-0.19379456778184626,-1.2408812015921484,1.2035094366430976,0.7853966046998287,-0.34691586023798315,-0.39766555466402825,-0.2751435838223307,1.1870621610798966,0.3833746015434102,1.302300024679017
1.111681402612468,2.2310389331589535,1.4326137695155168,-1.2594722449310078,-0.34932359918387046,0.6572123912097525,-0.19379456778184626,-1.172498908188097,1.2035094366430976,0.7853966046998287,-0.3380942028129334,-0.34150490573244,-0.42519919784916865,1.3135117239685368,0.8619805895001179,-0.28484094986184
0.017732378255732772,1.0204415498755877,-0.037409146624750506,0.8587722582283537,0.39393908999806104,0.6572123912097525,-0.19379456778184626,-1.172498908188097,1.2035094366430976,0.7853966046998287,-0.36853782457911505,-0.35445979086372087,-0.45859642914076326,1.1121245340158488,0.5572909551668993,-1.6218320803950868
0.7327573602423184,0.5781078905989732,1.0651080404804498,1.2012429264038198,-0.34932359918387046,0.6572123912097525,-0.19379456778184626,-1.172498908188097,1.2035094366430976,0.7853966046998287,-0.3827071144264728,-0.35456926729752675,-0.45558806576155886,0.018402785178132618,0.43347016040122555,-1.1985368823216818
0.8395159508212382,1.043722268784883,0.457924662074687,0.4909333924102611,-0.34932359918387046,0.6572123912097525,-0.19379456778184626,-1.172498908188097,1.2035094366430976,0.7853966046998287,-0.3311284061488653,-0.32892344974175225,-0.42303180407234753,0.7332792157511931,1.4153319256856896,-0.1331021649813322
0.8062096201106242,0.7643536418733372,0.6336882716131975,0.8968245546922945,-0.34932359918387046,0.6572123912097525,-0.19379456778184626,-1.172498908188097,1.2035094366430976,0.7853966046998287,-0.28718183503396105,-0.32938318428510127,-0.4549184912543407,0.8400156264903367,1.4201571666535462,-0.25182731659052765
-0.27324589126224286,1.4860559280614971,1.9119690682569077,-0.98042207086211,-0.34932359918387046,0.6572123912097525,-0.19379456778184626,-1.172498908188097,1.2035094366430976,0.7853966046998287,-0.30813259880456045,-0.34681393312586806,-0.4350887457041056,0.8067162154015975,1.1874220141168503,-0.06604398511091483
-1.2081734308413314,0.8574765175105189,0.07444042308157406,1.0997701358333114,3.3205359286519163,0.6572123912097525,-0.19379456778184626,-1.172498908188097,1.3911391244573632,0.06946707239107,-0.3935035005515551,-0.3379919426927748,-0.42438072425698015,-0.2725150315803857,1.3141733466075622,0.05813335016508618
0.23943066335432428,0.01937063677588116,0.4259676421585944,0.9348768511562352,-0.34932359918387046,0.6572123912097525,-0.19379456778184626,-1.1041166147840455,1.3911391244573632,0.06946707239107,-0.3977506076639477,-0.36843671367280956,-0.4586160300690208,-1.2072483334600275,1.1123055497568661,-1.1946398113744336
0.49105542958686205,0.9273186742384055,0.3780321122844551,0.8334040605857267,-0.34932359918387046,0.6572123912097525,-0.19379456778184626,-1.1041166147840455,1.3911391244573632,0.06946707239107,-0.3323234540692875,-0.38260653839556114,-0.4735589403222832,0.2400550109159225,0.015973653684281372,-1.4601367855940126
0.054264962183794674,0.9040379553291101,0.5058601919488263,1.0617178393693707,-0.34932359918387046,0.6572123912097525,-0.19379456778184626,-1.1041166147840455,1.3911391244573632,0.06946707239107,-0.25170267403412433,-0.3310258830774034,-0.4149219028219093,0.4916275003530427,0.7325561239703822,-0.11118341765509791
-0.36871533185728,0.25217782586883614,-0.2770867959954463,0.9982973452628029,-0.16350792688838758,0.6572123912097525,-0.19379456778184626,-1.1041166147840455,1.3911391244573632,0.06946707239107,-0.30116718358770955,-0.2870776530268866,-0.3788317664181616,0.054927779207772844,0.8395472592294017,0.19378988713203676
-0.2164758012873872,0.6013886095082686,0.12237595295571332,-0.48574221683088165,-0.30286968110999973,0.6572123912097525,-0.19379456778184626,-1.1041166147840455,1.3911391244573632,0.06946707239107,-0.3921332709716667,-0.30802920766619873,-0.3726922054520023,-0.36796463773508,0.806168379696455,-0.20561434992019179
-0.8519615836024446,0.9040379553291101,0.3620536023264091,-0.48574221683088165,-0.30286968110999973,0.6572123912097525,-0.19379456778184626,-1.1041166147840455,1.3911391244573632,0.06946707239107,-0.3736216063671993,-0.3934033320725633,-0.3454333460202686,-0.21575673598659947,-0.27563843319896764,0.1500248842648073
-0.9975895388238576,1.0902837066034738,0.6496667815712436,0.7319312700152183,-0.34932359918387046,0.6572123912097525,-0.19379456778184626,-1.1041166147840455,1.3911391244573632,0.06946707239107,-0.4166072367445902,-0.397650599508664,-0.28859233930394057,-0.8511104917101162,-1.2126024592512186,1.5749132151029854
-0.8564924937808316,0.6712307662361552,0.5537957218229655,0.5036174912315748,-0.34932359918387046,0.6572123912097525,5.1601033581379605,-1.035734321379994,1.3911391244573632,0.06946707239107,-0.42834075494500845,-0.3322209761095943,-0.365429863679042,-0.9967081917108841,0.2381548484626218,0.8683084633391984
0.4237970067504024,1.0902837066034738,0.2182470127039913,0.9475609499775489,-0.34932359918387046,0.6572123912097525,-0.19379456778184626,-1.035734321379994,1.3911391244573632,0.06946707239107,-0.4036836273008133,-0.2515971527270274,-0.40193016760120914,-0.855640460560398,0.4903277111101779,-0.591009458404619
0.32090459341283806,-0.0737522388613009,0.5537957218229655,0.9729291476201759,-0.34932359918387046,0.6572123912097525,-0.19379456778184626,-1.035734321379994,1.3911391244573632,0.06946707239107,-0.34301991855725394,-0.3010635295124437,-0.3643058842744201,0.4243830509217584,0.05258581395366344,0.480328785928741
0.12135592485665028,0.34530070150601816,-0.06936616654084372,0.5163015900528881,-0.34932359918387046,0.6572123912097525,-0.19379456778184626,-1.035734321379994,1.3911391244573632,0.06946707239107,-0.3290448696827579,-0.3920330507679876,-0.2986374724421278,0.32151201419875636,-0.37131582811788716,1.8744653000511717
0.06635055124646617,0.6712307662361552,0.01052638324938819,0.8334040605857267,-0.34932359918387046,0.6572123912097525,-0.19379456778184626,-1.035734321379994,1.3911391244573632,0.06946707239107,-0.3866608297204313,-0.3735206873681676,-0.335744225288032,0.12200480326646686,-0.21874468495604338,2.1203024292574644
-0.8231945543202444,-0.49280517922861955,1.560441849179888,0.6811948747299643,-0.34932359918387046,0.6572123912097525,-0.19379456778184626,-1.035734321379994,1.3911391244573632,0.06946707239107,-0.4007304232785921,-0.41650794040669564,-0.38208868720597366,0.06701085740525255,-0.8556147009627879,0.8128223766433319
-1.4484174730135881,0.3685814204153136,-0.3250223258695855,0.3640924041971257,0.16166949962870744,0.6572123912097525,-0.19379456778184626,-1.035734321379994,1.3911391244573632,0.06946707239107,-0.4525881834698238,-0.42824190153475783,-0.44185769878863534,-0.822349438978345,-1.0015598672496235,1.154797091450655
0.27483736043074686,-0.2367172712263692,0.825430391109754,-0.016430560442280636,-0.34932359918387046,0.6572123912097525,-0.19379456778184626,-0.9673520279759426,1.3911391244573632,0.06946707239107,-0.47562721195474467,-0.4035838431106153,-0.4303979286724476,-1.4474424632614513,-0.86015548050206,-0.03848289978673732
0.407184520715885,0.34530070150601816,0.9372799608160786,-1.2467881461096946,-0.34932359918387046,0.6572123912097525,-0.19379456778184626,-0.9673520279759426,1.3911391244573632,0.06946707239107,-0.41243178510382494,-0.3429178443775467,-0.39727896096921095,0.27545435200474816,0.42292278401267747,0.36919669347307443
0.5804787921179475,1.4627752091522022,0.6496667815712436,-0.6633196003292713,-0.024146172666775465,0.6572123912097525,-0.19379456778184626,-0.9673520279759426,1.3911391244573632,0.06946707239107,-0.4221556805373862,-0.3289422679600439,-0.34112987019787605,0.40777401624676657,0.3198062474152001,0.8460338141326568
0.6055529417137236,1.1601258633313605,2.103711187753465,0.05967403248560058,-0.34932359918387046,0.6572123912097525,-0.19379456778184626,-0.9673520279759426,1.3911391244573632,0.06946707239107,-0.3988754050359353,-0.38656040293800337,-0.35408208914489336,0.5810322845585579,0.11982291612094043,0.5424702742142742
-0.0386126766633306,0.624669328417564,-0.11730169641498242,0.6685107759086506,-0.34932359918387046,0.6572123912097525,-0.19379456778184626,-0.9673520279759426,1.3911391244573632,0.06946707239107,-0.39788715353501053,-0.40063052760813067,-0.3541915430478669,0.6061012248253467,0.06469772819941536,0.41910710547099966
-0.9679633185061428,0.08921279350376782,0.3780321122844551,0.7826676653004727,-0.34932359918387046,0.6572123912097525,-0.19379456778184626,-0.9673520279759426,1.3911391244573632,0.06946707239107,-0.4017003524102203,-0.45249024537382115,-0.3285510035377485,-0.037930563663850586,-0.826785010497206,1.3973400336522666
-0.9825400143163785,-0.05047151995200508,1.3527212197252847,0.6685107759086506,-0.34932359918387046,0.6572123912097525,-0.19379456778184626,-0.9673520279759426,1.3911391244573632,0.06946707239107,-0.4291087620041817,-0.47553014355719314,-0.3290106434652833,-0.967088126446512,-1.4533698080129485,1.402147441138797
0.2035463947001966,0.4849850149617911,1.0651080404804498,-1.3609450355015162,-0.34932359918387046,0.6572123912097525,-0.19379456778184626,-0.8989697345718911,1.3911391244573632,0.06946707239107,-0.4409661029573025,-0.412332331147139,-0.34643780496522925,-0.9816617938468016,0.2736386694407405,1.1702724483380278
0.2345491448595309,0.25217782586883614,-0.8043776246109771,-1.37362913432283,-0.024146172666775465,0.6572123912097525,-0.19379456778184626,-0.8989697345718911,1.3911391244573632,0.06946707239107,-0.3817416406892275,-0.42205659364725445,-0.33761763014468893,0.2041781974682088,0.40627411217587844,1.2965553239089525
0.16405717206646983,0.34530070150601816,0.01052638324938819,-0.10521925219147535,-0.256415763036129,0.6572123912097525,-0.19379456778184626,-0.8989697345718911,1.3911391244573632,0.06946707239107,-0.3255219741294764,-0.39877543934053805,-0.3680561354289285,0.23517450659055092,0.5799458582213188,1.095433604945239
0.14430781786915545,-0.3996823035914375,-0.3729578557437248,-0.5998991062227036,-0.256415763036129,0.6572123912097525,-0.19379456778184626,-0.8989697345718911,1.3911391244573632,0.06946707239107,-0.36753491842064534,-0.39778715053418606,-0.38222304392638673,0.1646971789951604,0.6050746250620859,0.003153613124913161
0.16971032072691528,0.01937063677588116,-0.3569793457856782,-0.43500582154562767,-0.30286968110999973,-1.5215781281288188,-0.19379456778184626,-0.8989697345718911,1.3911391244573632,0.06946707239107,-0.4176888847855141,-0.4016004933535364,-0.33065300418143684,0.1449519278635516,-0.04049413367907809,0.7170876850848794
-0.5715376824354269,0.27545854477813153,-0.19719424620521434,-0.029114659263594134,-0.34932359918387046,-1.5215781281288188,-0.19379456778184626,-0.8989697345718911,1.3911391244573632,0.06946707239107,-0.388711289750785,-0.4290099375853683,-0.28671381891041314,0.1703491531746499,-0.971869114233519,0.8236833946179276
-0.9924902126652885,-0.7023316494122791,0.3780321122844551,0.5036174912315748,-0.34932359918387046,-1.5215781281288188,-0.19379456778184626,-0.8989697345718911,1.3911391244573632,0.06946707239107,-0.36202483413213005,-0.44086772614030834,-0.30766106160834494,-0.5707448505591177,-0.9864775614283103,0.790427879208929
0.22192104324068096,-0.21343655231707379,0.441946152116641,0.44019699712500715,-0.34932359918387046,-1.5215781281288188,-0.19379456778184626,-0.8305874411678396,1.3911391244573632,0.06946707239107,-0.3970905072340475,-0.38164102821272466,-0.39301761556582493,-0.9916099249727938,0.202192415646439,-0.2873807123075515
0.42137412451393547,-0.0737522388613009,0.7934733711936613,0.44019699712500715,-0.34932359918387046,-1.5215781281288188,-0.19379456778184626,-0.8305874411678396,1.3911391244573632,0.06946707239107,-0.3278715805029146,-0.3254192394212587,-0.3972640088916972,0.22254902854764988,0.23326269690166845,-1.2208818376314967
0.14752312597787004,0.41514285823390484,1.3846782396413775,-0.4984263156521954,-0.34932359918387046,-1.5215781281288188,-0.19379456778184626,-0.8305874411678396,1.2035094366430978,-0.6464624599176886,-0.3424646479793087,-0.36743376965571517,-0.3318478512571254,0.421960672055929,0.16261717643460877,0.22451365426253647
-0.45109077403840625,0.29873926368742737,-0.500785935408096,0.3640924041971257,-0.30286968110999973,-1.5215781281288188,-0.19379456778184626,-0.8305874411678396,1.2035094366430978,-0.6464624599176886,-0.3856901412130004,-0.4175896292786653,-0.25124062068622677,0.1481665679696418,0.1428248036171619,0.4757545178520279
-1.5417599141449043,-0.8187352439587566,0.0904189330396201,0.35140830537581197,-0.34932359918387046,-1.5215781281288188,5.1601033581379605,-0.8305874411678396,1.2035094366430978,-0.6464624599176886,-0.40633580897970245,-0.3886109403710094,-0.30069681702820245,-0.4503229658451122,0.16828263894857803,0.03963045947301708
-1.169034451687052,-0.7023316494122791,0.5058601919488263,0.1991991195200495,-0.34932359918387046,-1.5215781281288188,5.1601033581379605,-0.8305874411678396,1.2035094366430978,-0.6464624599176886,-0.4255579787565283,-0.361923477367467,-0.3916476162724299,-1.540765511851358,-0.5745799722639007,-0.3827044956561922
-1.191925781764568,-0.30655942795425584,-0.2930653059534929,-0.6125832050440171,-0.34932359918387046,-1.5215781281288188,-0.19379456778184626,-0.8305874411678396,1.2035094366430978,-0.6464624599176886,-0.40841134750557073,-0.3969904741606852,-0.37313906281545983,-1.1681174857009071,-0.9964494335898797,-0.23069723617406626
-0.9220982051986515,-0.0737522388613009,-0.3090438159115395,-0.2066920427619838,-0.34932359918387046,-1.5215781281288188,5.1601033581379605,-0.7622051477637881,1.2035094366430978,-0.6464624599176886,-0.42884236955460114,-0.3277689344898007,-0.416117468848675,-1.191004059945374,0.22060708838304302,-0.8652134610202706
0.015688561618381423,0.2056163880502453,-0.48480742545004935,-1.3609450355015162,-0.34932359918387046,-1.5215781281288188,-0.19379456778184626,-0.7622051477637881,1.2035094366430978,-0.6464624599176886,-0.45522632885689884,-0.3423625528387366,-0.4278490150651273,-0.9212325419353355,0.4204946241833579,-1.0106192324012455
0.15390850241253237,0.41514285823390484,-0.42089338561786405,-0.25742843804723803,0.9513861068845094,-1.5215781281288188,-0.19379456778184626,-0.7622051477637881,1.2035094366430978,-0.6464624599176886,-0.4223547707322289,-0.38558967778812925,-0.40319603140055793,0.01635939315790391,0.1460471154039085,-0.8697374584117372
0.2896997235789028,-0.6557702115936883,-0.19719424620521434,-0.47305811800956815,-0.34932359918387046,-1.5215781281288188,-0.19379456778184626,-0.7622051477637881,1.2035094366430978,-0.6464624599176886,-0.39300873297784544,-0.40623612490649935,-0.34254251805269453,0.1545506177979349,-0.45387070289311393,0.40859871085374916
0.1264246047107701,-0.6790509305029837,-0.2611082860374002,0.16114682305610903,-0.34932359918387046,-1.5215781281288188,-0.19379456778184626,-0.7622051477637881,1.2035094366430978,-0.6464624599176886,-0.39301038114903963,-0.425459020299481,-0.3285698178831507,0.2903136273935816,-1.5469155703757917,0.30586327995484197
-0.7286766085110364,0.01937063677588116,0.5378172118649189,0.03430583484297359,-0.34932359918387046,-1.5215781281288188,-0.19379456778184626,-0.7622051477637881,1.2035094366430978,-0.6464624599176886,-0.38943179232091957,-0.40831174178170615,-0.38617609474247655,0.12707243006709062,-1.1733782264294121,0.10661906180082291
-1.1864696450613113,0.13577423132235864,-0.3250223258695855,-0.15595564747672958,-0.34932359918387046,-1.5215781281288188,-0.19379456778184626,-0.7622051477637881,1.2035094366430978,-0.6464624599176886,-0.4094189717280906,-0.42874353507976043,-0.4002433237061116,-0.7278511299298199,-1.196319419070691,0.05169760961310795
0.3712057592896983,-0.9817002763238251,-0.19719424620521434,0.03430583484297359,-0.34932359918387046,-1.5215781281288188,-0.19379456778184626,-0.6938228543597367,1.2035094366430978,-0.6464624599176886,-0.41706610143877343,-0.45512849034803626,-0.4520923684660582,-1.1855490567924687,-0.9259040961966377,-0.8364903214502771
0.5671669860402597,-0.2367172712263692,0.6976023114453828,-0.7901605885424068,0.022307745407095292,0.6572123912097525,-0.19379456778184626,-0.6938228543597367,1.2035094366430978,-0.6464624599176886,-0.36098078789240434,-0.42225569135753704,-0.4751275249158411,0.37180272965852457,0.013925385145836742,-1.460759340674291
0.4854840044049507,0.5548271716896778,1.1609791002287282,-0.2320602404046108,0.2081234177025781,0.6572123912097525,-0.19379456778184626,-0.6938228543597367,1.2035094366430978,-0.6464624599176886,-0.3488804504849503,-0.3929085458219119,-0.4119427189517129,0.5677232441011761,0.15244640065201867,0.25986633151892025
0.5047477606114914,0.950599393147701,-0.40491487565981743,-0.47305811800956815,-0.34932359918387046,0.6572123912097525,-0.19379456778184626,-0.6938228543597367,1.2035094366430978,-0.6464624599176886,-0.3481531365764337,-0.3929101940553228,-0.42166498014688514,0.4860572326734662,0.2885334062223911,0.39201157040580387
0.8034379537425447,-0.3298401468635513,-0.516764445366142,-0.9043174779342287,-0.34932359918387046,0.6572123912097525,-0.19379456778184626,-0.6938228543597367,1.2035094366430978,-0.6464624599176886,-0.2750201608157611,-0.3893314701393381,-0.39838861722555113,0.5053169867006615,0.12490263672155955,0.5650414476076764
-0.7483909383604107,0.46170429605249563,0.25020403262008395,-0.5998991062227036,0.4868469261458025,0.6572123912097525,-0.19379456778184626,-0.6938228543597367,1.2035094366430978,-0.6464624599176886,-0.3260633229330817,-0.4093194040409525,-0.3974005318142919,0.803945124866485,-0.7320611829378486,0.5900773416992505
-0.9383575290580601,-0.4229630225007333,-0.9002486843592555,-0.46037401918825466,1.1372017791799924,0.6572123912097525,-0.19379456778184626,-0.6938228543597367,1.2035094366430978,-0.6464624599176886,-0.38590118338827034,-0.41696682242252564,-0.40121308982740794,-0.7475613639900405,-1.1908513976511095,-0.053105476426631375
0.4871078937039295,-1.0515424330517116,-0.6605710349885598,-0.2447443392259245,-0.024146172666775465,0.6572123912097525,-0.19379456778184626,-0.6254405609556851,1.2035094366430978,-0.6464624599176886,-0.39809720151574124,-0.360879391716123,-0.4286168930498336,-0.9374884878071169,0.3702169807607207,-0.9810382126591883
0.5803160748347881,-1.167946027598189,-0.42089338561786405,-0.10521925219147535,-0.34932359918387046,0.6572123912097525,-0.19379456778184626,-0.6254405609556851,1.2035094366430978,-0.6464624599176886,-0.3284296455403674,-0.348778597533996,-0.4404722412088206,0.4876807845981478,0.5666050559788345,-0.9955926688777803
0.6259141274892029,-0.5626473359565062,-0.13328020637302904,-0.955053873219483,-0.34932359918387046,0.6572123912097525,-0.19379456778184626,-0.6254405609556851,1.2035094366430978,-0.6464624599176886,-0.35286095101879916,-0.3480512561701645,-0.3812577324506812,0.5808696010810459,0.48474415008721056,0.18868413405700693
0.47161071424927514,0.15905495023165406,-0.1812157362471683,-0.9043174779342287,-0.34932359918387046,0.6572123912097525,-0.19379456778184626,-0.6254405609556851,1.2035094366430978,-0.6464624599176886,-0.30541595118295073,-0.2749155197186153,-0.3250475144023769,0.6264581804228543,0.5040498671701573,0.2196395834760124
0.45314850483892927,0.6712307662361552,0.12237595295571332,-0.8662651814702881,-0.34932359918387046,0.6572123912097525,-0.19379456778184626,-0.6254405609556851,1.2035094366430978,-0.6464624599176886,-0.31512130486602996,-0.3259606086601969,-0.36705339782304724,0.47218682479031926,0.8033906760037404,0.1492551599320733
-0.5995637278564181,0.01937063677588116,-0.8523131544851164,-1.4116814307867704,0.34748517192419026,0.6572123912097525,5.1601033581379605,-0.6254405609556851,1.2035094366430978,-0.6464624599176886,-0.30692076481101116,-0.3858007279300135,-0.41719893510332157,0.45372845103239645,-0.7518184551162976,0.1295359372253444
-0.8612105653185493,-0.2599979901356646,-0.7883991146529307,-1.1072630590752455,1.2765635334016046,0.6572123912097525,-0.19379456778184626,-0.6254405609556851,1.2035094366430978,-0.6464624599176886,-0.38713509708880456,-0.3979972064440012,-0.38822621016397263,-0.5987650733742312,-0.9421988365901635,0.1548996836119782
0.5716792895338051,-0.2367172712263692,-0.83633464452707,-0.8028446873637203,0.5797547622935438,0.6572123912097525,-0.19379456778184626,-0.5570582675516337,1.2035094366430978,-0.6464624599176886,-0.36443400995548736,-0.3283270205936062,-0.36154423958225973,-0.8603575518859362,0.48637157658928937,-0.5852174011919387
0.9209683554992497,-0.3298401468635513,-0.6925280549046524,-0.7267400944358391,0.022307745407095292,0.6572123912097525,-0.19379456778184626,-0.5570582675516337,1.2035094366430978,-0.6464624599176886,-0.21408287034931736,-0.3527592483274424,-0.39660401940102613,0.5722346101322844,0.5797827865026207,-1.005527686259005
0.9335534063570793,-0.9584195574145294,-0.516764445366142,-0.25742843804723803,-0.34932359918387046,0.6572123912097525,-0.19379456778184626,-0.5570582675516337,1.2035094366430978,-0.6464624599176886,-0.23242175064562665,-0.3053124574940744,-0.32739672589117635,0.9214511088647158,0.6254801621671109,0.2070307484884274
0.9229705807234194,-1.1912267465074844,-0.11730169641498242,-0.2954807345111785,-0.34932359918387046,0.6572123912097525,-0.19379456778184626,-0.5570582675516337,1.2035094366430978,-0.6464624599176886,-0.2815144572538458,-0.3150181775437767,-0.3419873407958366,0.9340335450906915,0.4708406407257204,0.40617952519655104
0.45852328290060895,-0.842015962868052,0.441946152116641,-0.3208489321538057,-0.34932359918387046,0.6572123912097525,-0.19379456778184626,-0.5570582675516337,0.6908955965262368,-1.1705592522067243,-0.28713551982048136,-0.3068173279272246,-0.3852055693730013,0.9234529181126683,0.4523382163916107,0.13274633975461375
-0.8414980596539645,0.01937063677588116,0.2981395624942232,-1.0818948614326185,-0.34932359918387046,0.6572123912097525,-0.19379456778184626,-0.5570582675516337,0.6908955965262368,-1.1705592522067243,-0.22322249044150594,-0.38703468820945774,-0.40584776734274164,0.45910211244654836,-0.6026670648355852,-0.46495425803858903
-0.7871107198502244,-0.4229630225007333,-0.34100083582763213,-0.43500582154562767,-0.34932359918387046,0.6572123912097525,-0.19379456778184626,-0.5570582675516337,0.6908955965262368,-1.1705592522067243,-0.38809792181847397,-0.3643327441346106,-0.42506670656161005,-0.8406491416315179,-0.864883829081002,-1.5539593697116179
0.17183622567976944,-0.935138838505234,0.3141180724522698,-0.38426942626037347,-0.34932359918387046,0.6572123912097525,-0.19379456778184626,-0.4886759741475822,0.6908955965262368,-1.1705592522067243,-0.3516873847503556,-0.2139759289352477,-0.40792295704495585,-0.7862731011759255,0.5711271883036404,-1.1818025726212913
0.2710277329178465,-0.5393666170472108,-0.3569793457856782,-0.955053873219483,-0.2099618449622583,0.6572123912097525,-0.19379456778184626,-0.4886759741475822,0.6908955965262368,-1.1705592522067243,-0.36559595273875956,-0.2323155015044885,-0.4283505453712783,0.1724746164559629,0.9211770859142652,-1.2046589775113898
0.6641027063685233,-0.46952446031932416,-0.6605710349885598,-0.8916333791129152,-0.024146172666775465,0.6572123912097525,-0.19379456778184626,-0.4886759741475822,0.6908955965262368,-1.1705592522067243,-0.3764214122553317,-0.28141006130937896,-0.4547300704754255,0.2716455159684623,0.9337895498974451,-0.9352430755248933
0.8184524539020838,-0.28327870904496005,-0.7564420947368381,-0.98042207086211,0.16166949962870744,0.6572123912097525,-0.19379456778184626,-0.4886759741475822,0.6908955965262368,-1.1705592522067243,-0.3867974468263457,-0.2870313360650576,-0.42186403688179996,0.6646388253592832,0.9231836724438972,0.001112914728348398
0.8112684493668871,-0.2367172712263692,-0.7085065648626988,-1.1072630590752455,-0.30286968110999973,0.6572123912097525,-0.19379456778184626,-0.4886759741475822,0.6908955965262368,-1.1705592522067243,-0.36346858048847075,-0.2231158940382271,-0.3925229311448156,0.8189565056591791,0.45772470195184567,0.13912197405249513
-0.8495919675618109,0.29873926368742737,-0.2611082860374002,-0.9296856755768558,-0.34932359918387046,0.6572123912097525,-0.19379456778184626,-0.4886759741475822,0.6908955965262368,-1.1705592522067243,-0.3635175417755993,-0.38799754928472113,-0.3925245790390112,0.8117739936508946,-0.845128385060835,0.27470601923420873
-1.182744294885654,0.29873926368742737,-0.5966569951563739,-1.1072630590752455,1.6481948779925701,0.6572123912097525,-0.19379456778184626,-0.4886759741475822,0.6908955965262368,-1.1705592522067243,-0.43575301717199433,-0.3515856377581393,-0.38894659164344275,-0.8487413679736975,-0.790622577165042,0.11168000839552678
0.27142029748439256,0.2056163880502453,-0.7085065648626988,-0.8535810826489745,0.25457733577644887,0.6572123912097525,-0.19379456778184626,-0.4202936807435307,0.6908955965262368,-1.1705592522067243,-0.483963534711119,-0.3654947307799683,-0.40893041192194984,-1.1818244805842228,0.17041317460969188,-0.7421165811966463
0.678019047285215,0.29873926368742737,-0.46882891549200334,-1.1072630590752455,-0.34932359918387046,0.6572123912097525,-0.19379456778184626,-0.4202936807435307,0.6908955965262368,-1.1705592522067243,-0.36809357814901605,-0.37632059894594944,-0.4165762564241455,0.2720379989769891,0.2698207436859236,-1.1992111652085193
1.2318918966608488,-1.21450746541678,-1.2038403735621366,-0.7521082920784663,1.2301096153277338,0.6572123912097525,-0.19379456778184626,-0.4202936807435307,0.6908955965262368,-1.1705592522067243,-0.369009597286296,-0.386697025201066,-0.3605003688092959,0.6785522750593512,0.663751924524321,0.35608770159536346
1.1088966021139064,-0.9817002763238251,-0.9162271943173019,-1.005790268504737,0.6726625984412853,0.6572123912097525,-0.19379456778184626,-0.4202936807435307,0.6908955965262368,-1.1705592522067243,-0.3289960003408137,-0.36336727822367393,-0.34840206503497245,1.2323100534979399,0.8184378811860558,0.5517499512857152
1.1055955573201242,-0.0039100821334142515,-0.9322057042753482,-1.0692107626113045,0.06876166348096599,0.6572123912097525,-0.19379456778184626,-0.4202936807435307,0.6908955965262368,-1.1705592522067243,-0.3100696716200024,-0.3634162413590382,-0.34767487336186226,1.109340312078961,0.8112382282423573,0.470191592965556
-0.2104282638756031,-0.05047151995200508,-0.6605710349885598,-0.5364786121161359,-0.34932359918387046,0.6572123912097525,-0.19379456778184626,-0.4202936807435307,0.6908955965262368,-1.1705592522067243,-0.33444573459421456,-0.43565444356664007,-0.27455418863386377,1.1060399531001956,-0.8532399233552852,0.48942595855592874
-0.5927441954420174,-0.9584195574145294,0.0265048932074348,-0.5491627109374494,-0.34932359918387046,0.6572123912097525,-0.19379456778184626,-0.4202936807435307,0.6908955965262368,-1.1705592522067243,-0.31743272770871134,-0.4838667810007512,-0.3255887722246463,-0.20971045499277768,-1.187117932808893,0.7876604415583174
0.5475694040173725,-1.0049809952331206,0.01052638324938819,-0.5618468097587631,-0.34932359918387046,0.6572123912097525,-0.19379456778184626,-0.35191138733947924,0.6908955965262368,-1.1705592522067243,-0.35229331111988577,-0.3679924504728875,-0.38541657607964386,-0.5919469577651244,0.2702141633480742,-0.7618008329919068
0.9642628276023776,-0.3764015846821421,-0.6605710349885598,-1.449733727250711,-0.34932359918387046,0.6572123912097525,-0.19379456778184626,-0.35191138733947924,0.6908955965262368,-1.1705592522067243,-0.28529738322181625,-0.3689085041889009,-0.39761054449348365,0.5481297336122695,0.6776985784212523,-0.951477592615488
0.5474169021690303,0.4849850149617911,-0.3569793457856782,-1.094578960253932,0.2081234177025781,0.6572123912097525,-0.19379456778184626,-0.35191138733947924,0.6908955965262368,-1.1705592522067243,-0.3256758639031312,-0.32889339677333473,-0.3279546971378934,0.9647365862401197,1.2327778898143738,0.47181300470478094
1.119370706334166,-0.28327870904496005,-1.0760122938977656,-1.4116814307867704,1.0907478611061217,0.6572123912097525,-0.19379456778184626,-0.35191138733947924,0.6908955965262368,-1.1705592522067243,-0.34902601262356925,-0.3099663536040481,-0.35238189658931357,0.547977263447247,1.1095146833245229,0.5648789785814592
0.9779062704746633,-0.5626473359565062,-0.9961197441075338,-1.005790268504737,-0.256415763036129,0.6572123912097525,-0.19379456778184626,-0.35191138733947924,0.6908955965262368,-1.1705592522067243,-0.31359997184921395,-0.33434333674831984,-0.30494487055785563,1.1198122402312138,1.106206448098557,0.6104074625157759
-0.05024878659403964,-0.2599979901356646,-1.1239478237719047,-0.8789492802916016,-0.34932359918387046,0.6572123912097525,-0.19379456778184626,-0.35191138733947924,0.6908955965262368,-1.1705592522067243,-0.3212853647586942,-0.3173296876401749,-0.31464859311874965,0.9783771945922487,-0.21268397462163835,0.456339469219047
-0.09029073721876413,-1.2843496221446664,-0.7564420947368381,-0.7647923908997798,-0.34932359918387046,0.6572123912097525,-0.19379456778184626,-0.35191138733947924,0.6908955965262368,-1.1705592522067243,-0.3471128613774563,-0.35219158700073566,-0.3064494312806667,-0.04956425611178394,-0.5958326779165013,0.43790542750894473
1.2163972710649054,-0.9584195574145294,-0.516764445366142,-0.8282128850063475,-0.34932359918387046,0.6572123912097525,-0.19379456778184626,-0.28352909393542775,0.6908955965262368,-1.1705592522067243,-0.34508246540775156,-0.28519313007872044,-0.38665028240349947,-0.08959788774274532,0.5469647859303979,-0.6132006874160815
1.52257391856913,-1.4240339356004394,-0.7564420947368381,-0.9931061696834236,-0.34932359918387046,0.6572123912097525,-0.19379456778184626,-0.28352909393542775,0.6908955965262368,-1.1705592522067243,-0.19168564305597724,-0.3255731350040863,-0.3639530105094884,1.2168186470182403,0.9645658633010308,-0.8744483316113878
0.9546231055045129,-0.842015962868052,-0.2611082860374002,-0.9170015767555422,-0.34932359918387046,0.6572123912097525,-0.19379456778184626,-0.28352909393542775,0.6908955965262368,-1.1705592522067243,-0.2314016563573115,-0.3489241651674285,-0.21362713954240048,1.5229316841942653,0.5468119518980754,0.5562553703804658
0.5749639166644891,0.3685814204153136,-0.10132318645693639,-0.7901605885424068,-0.34932359918387046,0.6572123912097525,-0.19379456778184626,-0.28352909393542775,0.6908955965262368,-1.1705592522067243,-0.3573528497726629,-0.3134967870982818,-0.23196293773006335,0.9550988668615722,1.1200116025445124,0.905011527770896
0.8988446423808465,-0.46952446031932416,-0.7244850748207451,-1.0184743673260506,-0.34932359918387046,0.6572123912097525,-0.19379456778184626,-0.28352909393542775,0.6908955965262368,-1.1705592522067243,-0.3862308966590104,-0.32118247012304685,-0.28104739361342534,0.575518554858835,0.9782390247190652,0.9175773776797905
-0.39042714405036866,-0.12031367667989173,-0.48480742545004935,-0.840896983827661,-0.34932359918387046,0.6572123912097525,-0.19379456778184626,-0.28352909393542775,0.6908955965262368,-1.1705592522067243,-0.3579666127128321,-0.34701094170192154,-0.2866675114808613,0.8993319921015994,-0.052155589724294335,0.9070106982100894
-0.4932039040723277,0.18233566914094987,-0.5646999752402813,-1.2341040472883809,-0.34932359918387046,0.6572123912097525,-0.19379456778184626,-0.28352909393542775,0.6908955965262368,-1.1705592522067243,-0.4399738333604166,-0.34498046908696106,-0.22276522359194872,-0.38967193914816417,-0.09228476089537582,0.4432720052987094
1.524981842490334,-1.4705953734190305,-1.2997114333104152,-0.8282128850063475,1.5552870418448286,0.6572123912097525,-0.19379456778184626,-0.21514680053137628,-0.009347931404889483,-1.3623919922264476,-0.4436042834042617,-0.19157785617075848,-0.38761294531683244,-0.49242734658334175,1.2172495133724055,-0.854765901217767
2.080592775132727,-1.0282617141424162,-1.427539512974786,-1.2721563437523216,0.6262086803674145,0.6572123912097525,-0.19379456778184626,-0.21514680053137628,-0.009347931404889483,-1.3623919922264476,-0.30364047469042094,-0.2312953687087153,-0.35120852755530774,1.5253391078525258,1.5240930837927325,-0.8004615399054192
1.9615424626100073,-0.7954545250494611,-1.0760122938977656,-0.815528786185034,-0.16350792688838758,0.6572123912097525,-0.19379456778184626,-0.21514680053137628,-0.009347931404889483,-1.3623919922264476,-0.12881045431501803,-0.3572513166456344,-0.3651147580118142,2.0808346084589853,0.954905143678945,0.15702234508231477
1.9799532300093168,-1.6568411246933943,-1.4435180229328324,-1.1579994543604997,-0.34932359918387046,0.6572123912097525,-0.19379456778184626,-0.21514680053137628,-0.009347931404889483,-1.3623919922264476,-0.19967416423031872,-0.38613045364707355,-0.37593839815654695,1.9618090294667734,0.5744189701050747,0.25606251633559746
1.6493941637812128,-1.0515424330517116,-0.8523131544851164,-0.9677379720407965,0.6262086803674145,0.6572123912097525,-0.19379456778184626,-0.21514680053137628,-0.009347931404889483,-1.3623919922264476,-0.33320981902047964,-0.35786510275469197,-0.38631268888795084,1.9802159719010954,0.8990051822777796,0.6485377772719519
0.00786572757014946,-0.5393666170472108,-0.5966569951563739,-1.0438425649686776,-0.30286968110999973,0.6572123912097525,-0.19379456778184626,-0.21514680053137628,-0.009347931404889483,-1.3623919922264476,-0.2957223670251456,-0.43987541908631644,-0.36298774329657124,1.6497255816182783,-0.39307493361443224,0.8026520341703143
-0.7596498068767925,-0.0737522388613009,-0.9322057042753482,-0.98042207086211,-0.34932359918387046,0.6572123912097525,-0.19379456778184626,-0.21514680053137628,-0.009347931404889483,-1.3623919922264476,-0.35508606288230987,-0.44350600617573105,-0.36303669635506186,0.008538184357858952,-0.49607556497687444,0.7954789902347836
-0.6789383860599986,-0.09703295777059631,-0.2930653059534929,-0.815528786185034,-0.34932359918387046,0.6572123912097525,5.1601033581379605,-0.14676450712732478,-0.009347931404889483,-1.3623919922264476,-0.4069448016229013,-0.3035369139792239,-0.43526003155643406,-0.7588178933981744,1.52650625272415,-0.8628474602909382
0.9364370776711917,-0.28327870904496005,-1.0919908038558122,-0.7647923908997798,0.5797547622935438,0.6572123912097525,-0.19379456778184626,-0.14676450712732478,-0.009347931404889483,-1.3623919922264476,-0.3994930561517809,-0.1287002939593078,-0.48346244663507293,-0.6781232409404616,2.0833274333277667,-1.1954914987809289
1.75888100513024,-0.935138838505234,-1.1079693138138584,-0.955053873219483,-0.34932359918387046,0.6572123912097525,-0.19379456778184626,-0.14676450712732478,-0.009347931404889483,-1.3623919922264476,-0.30527113664094735,-0.19956667890314947,-0.3676119636607359,0.9369166173020304,1.9640178019372045,0.25645448196835446
1.823099241597705,-1.4705953734190305,-1.1559048436879977,-0.98042207086211,-0.34932359918387046,0.6572123912097525,-0.19379456778184626,-0.14676450712732478,-0.009347931404889483,-1.3623919922264476,-0.29941837703892066,-0.295618507413933,-0.32852095675439175,1.711035366970802,1.651189572566978,1.2154606944461341
0.2724640960205365,-1.2843496221446664,-0.34100083582763213,-0.840896983827661,-0.34932359918387046,0.6572123912097525,-0.19379456778184626,-0.14676450712732478,-0.009347931404889483,-1.3623919922264476,-0.298979596416185,-0.3549844441865236,-0.3095978088712571,1.8233945709966093,0.006085511171999219,1.0926530532028225
-0.06529685175369493,-1.3309110599632574,-0.46882891549200334,-0.840896983827661,-0.34932359918387046,0.6572123912097525,-0.19379456778184626,-0.14676450712732478,-0.009347931404889483,-1.3623919922264476,-0.3574709125459321,-0.406845140538513,-0.3339697751027432,0.27308158065672683,-0.7631018480289199,1.0893570447965153
1.1699334603097322,-1.0282617141424162,-0.5487214652822352,-1.0184743673260506,-0.34932359918387046,0.6572123912097525,-0.19379456778184626,-0.0783822137232733,-0.009347931404889483,-1.3623919922264476,-0.34428240015771217,-0.39939311377204634,-0.3169596274940757,-0.0646091949312321,-0.6822146192379623,-0.22465892545976138
1.390268714534139,-0.46952446031932416,-0.6765495449466058,-1.4370496284293977,0.8120243526628974,0.6572123912097525,-0.19379456778184626,-0.0783822137232733,-0.009347931404889483,-1.3623919922264476,-0.3106338954312074,-0.30516763748547837,-0.35181435209032713,1.170364489442941,0.9366795025086374,-0.6063915595280612
1.0412419663413242,0.04265135568517658,-1.0440552739816729,-1.2594722449310078,-0.34932359918387046,0.6572123912097525,-0.19379456778184626,-0.0783822137232733,-0.009347931404889483,-1.3623919922264476,-0.30352843951459085,-0.28189567885401495,-0.284829683807093,1.3906539674856913,1.7609149013516168,0.5321822691953686
1.2443332017573348,-0.1901558334077784,-1.2198188835201833,-1.3228927390375755,-0.11705400881451687,0.6572123912097525,-0.19379456778184626,-0.0783822137232733,-0.009347931404889483,-1.3623919922264476,-0.28571763693175045,-0.29931465694809567,-0.325201378312675,1.0416997320275474,1.7126456726168904,0.9482399457152121
1.4418902253611259,-1.0515424330517116,-1.2677544133943222,-0.8535810826489745,-0.30286968110999973,0.6572123912097525,-0.19379456778184626,-0.0783822137232733,-0.009347931404889483,-1.3623919922264476,-0.2996018841722837,-0.29887585976186526,-0.3485476027098118,1.2447487738267535,1.8252730198573786,0.532030000018331
0.6972663858286551,-1.726683281421281,-1.3955824930586933,-0.955053873219483,-0.34932359918387046,0.6572123912097525,-0.19379456778184626,-0.0783822137232733,-0.009347931404889483,-1.3623919922264476,-0.2912679132306578,-0.3573693838756458,-0.31312751578350034,1.4422647535847386,0.27126023551667583,1.1031111771348379
0.35681586000183946,-2.169016940697895,-1.1878618636040903,-0.7647923908997798,-0.34932359918387046,0.6572123912097525,-0.19379456778184626,-0.0783822137232733,-0.009347931404889483,-1.3623919922264476,-0.2718467461472476,-0.3441803736353223,-0.3208116170538208,0.6977956148343297,-0.0672364330189896,0.961862572855178
1.4893274211195908,-1.8430868759677586,-0.9961197441075338,-1.0692107626113045,-0.34932359918387046,0.6572123912097525,-0.19379456778184626,-0.009999920319221818,-0.009347931404889483,-1.3623919922264476,-0.32671234216859674,-0.31053059871409283,-0.3466347729958699,0.35741581997233496,1.1706844937875758,-0.06472383320281568
0.9595870771517576,-0.44624374141002876,-0.4368718955759101,-1.1199471578965592,-0.34932359918387046,0.6572123912097525,-0.19379456778184626,-0.009999920319221818,-0.009347931404889483,-1.3623919922264476,-0.3528253086903772,-0.3034248745741869,-0.3446047182629732,1.4896920939358247,1.3914996886980713,-0.10470469202442506
1.1227545691173557,0.15905495023165406,-0.6925280549046524,-0.8789492802916016,-0.34932359918387046,0.6572123912097525,-0.19379456778184626,-0.009999920319221818,-0.009347931404889483,-1.3623919922264476,-0.3546536012432477,-0.2856133996527785,-0.19123367642041547,0.9600618072091792,1.0417126802483099,1.1999897089227016
1.2666214563436804,-0.44624374141002876,-1.01209825406558,-1.0565266637899913,-0.34932359918387046,0.6572123912097525,-0.19379456778184626,-0.009999920319221818,-0.009347931404889483,-1.3623919922264476,-0.33955784786183946,-0.2994981710086549,-0.23094301488304533,1.1231953999933733,1.2452462949249943,1.5056992242523957
1.1340283959490143,-0.2367172712263692,-0.5487214652822352,-0.955053873219483,-0.34932359918387046,-1.5215781281288188,-0.19379456778184626,-0.009999920319221818,-0.009347931404889483,-1.3623919922264476,-0.333175098615198,-0.29116388546862376,-0.35687304041595364,1.2670323978731781,1.4432336430076522,0.9386149308929745
0.3332371770959034,-0.8187352439587566,-0.9961197441075338,-1.2214199484670674,-0.34932359918387046,-1.5215781281288188,-0.19379456778184626,-0.009999920319221818,-0.009347931404889483,-1.3623919922264476,-0.34176270549772864,-0.27174198525712423,-0.3857462339373976,1.1344668846090897,0.6969878420796652,0.5595349861720206
-0.05421602367269243,-0.44624374141002876,-0.9322057042753482,-1.3355768378588893,-0.34932359918387046,-1.5215781281288188,-0.19379456778184626,-0.009999920319221818,-0.009347931404889483,-1.3623919922264476,-0.3694886022538205,-0.32660965239548734,-0.35748670020456536,0.33384203570177945,0.3557957369739469,0.8829215686905681
1.4190448647402865,-1.074823151961007,-1.2837329233523684,-1.1453153555391862,-0.34932359918387046,-1.5215781281288188,-0.19379456778184626,0.058382373084829665,-0.009347931404889483,-1.3623919922264476,-0.3488322887000156,-0.352723604653561,-0.43948013837689826,-0.05353066896933863,1.4907741678514175,-0.4043831822463799
1.6891628515245765,-1.5171568112376215,-0.9801412341494875,-0.8535810826489745,-0.34932359918387046,-1.5215781281288188,-0.19379456778184626,0.058382373084829665,-0.009347931404889483,-1.3623919922264476,-0.3124302626913838,-0.35455196622250146,-0.4431099782721798,1.4194241392464741,0.9598799279942145,-0.5070031362813651
1.3798500655314614,-0.9584195574145294,-0.8523131544851164,-0.98042207086211,-0.34932359918387046,-1.5215781281288188,-0.19379456778184626,0.058382373084829665,-0.7095914593360158,-1.1705592522067245,-0.2983247027153935,-0.33945564299270126,-0.30316969245930414,1.6894860071401432,1.123402836156449,1.5081034744161574
1.3828727397264855,-0.28327870904496005,-1.3476469631845542,-0.9677379720407965,-0.2099618449622583,-1.5215781281288188,-0.19379456778184626,0.058382373084829665,-0.7095914593360158,-1.1705592522067245,-0.3601217544042705,-0.3330726528041669,-0.12836905474569651,1.3802374830298132,1.2675830984384537,2.062866714246986
1.8747740186205273,-1.3076303410539618,-1.3316684532265077,-1.2214199484670674,0.25457733577644887,-1.5215781281288188,-0.19379456778184626,0.058382373084829665,-0.7095914593360158,-1.1705592522067245,-0.3136280679172221,-0.34166058385958575,-0.19922085501059775,1.3832595292432484,1.134701219966987,1.9439980361886209
0.7335246123644807,-0.9817002763238251,-1.5553675926391572,-1.5004701225359653,-0.34932359918387046,-1.5215781281288188,-0.19379456778184626,0.058382373084829665,-0.7095914593360158,-1.1705592522067245,-0.26016574496546924,-0.3693875272383458,-0.33273406724213006,1.8750586122250696,0.33216569429224196,1.9623807143725047
-0.1975644775820412,-0.7721738061401657,-0.8682916644431626,-0.815528786185034,0.1152155815548367,-1.5215781281288188,-0.19379456778184626,0.058382373084829665,-0.7095914593360158,-1.1705592522067245,-0.363119382370021,-0.3487304339310059,-0.29525291554420025,0.7340463084713903,-0.05613146835462304,1.6323259804528136
1.6896210867435215,-0.935138838505234,-1.4115610030167398,-1.2975245413949485,0.022307745407095292,-1.5215781281288188,-0.19379456778184626,0.12676466648888116,-0.7095914593360158,-1.1705592522067245,-0.40219502260773765,-0.31232703378519383,-0.3546066344912518,-0.19684934124029524,1.4203385199550633,-0.006697984061235557
1.748582752323624,-0.9584195574145294,-0.9801412341494875,-0.9677379720407965,0.16166949962870744,-1.5215781281288188,-0.19379456778184626,0.12676466648888116,-0.7095914593360158,-1.1705592522067245,-0.31039898335524835,-0.29822094133954363,-0.406456657636099,1.6899441471575343,1.6910448856275093,-0.7730425239090966
1.58162642855172,-1.5404375301469169,-0.8842701744012089,-0.7774764897210933,-0.30286968110999973,-1.5215781281288188,-0.19379456778184626,0.12676466648888116,-0.7095914593360158,-1.1705592522067245,-0.3008237935133998,-0.3600203258004024,-0.3990061645363762,1.7488935630414912,1.3810583454898382,-0.6924542441019875
1.6033765486253782,-1.167946027598189,-1.1079693138138584,-1.4116814307867704,-0.34932359918387046,-1.5215781281288188,-0.19379456778184626,0.12676466648888116,-0.7095914593360158,-1.1705592522067245,-0.2757651586836265,-0.31352488422688624,-0.3048000803539877,1.5819719256071534,1.3840876037620773,0.9204566493910509
1.2304927469278508,-0.9118581195959387,-0.9641627241914409,-1.1199471578965592,-0.34932359918387046,-1.5215781281288188,-0.19379456778184626,0.12676466648888116,-0.7095914593360158,-1.1705592522067245,-0.29152290162418426,-0.26006054313016275,-0.2815329112153878,1.6037175269420783,1.8770603563887784,1.7416457782774613
0.2883093299328862,-0.14359439558918713,-1.1559048436879977,-1.3863132331441432,-0.30286968110999973,-1.5215781281288188,-0.19379456778184626,0.12676466648888116,-0.7095914593360158,-1.1705592522067245,-0.339018925566371,-0.36301806692337224,-0.29894830439112996,1.2309111944480309,0.7333250473435261,1.6935549465171038
0.3480688939396142,-1.8896483137863493,-1.2837329233523684,-1.4877860237146516,0.022307745407095292,-1.5215781281288188,-0.19379456778184626,0.12676466648888116,-0.7095914593360158,-1.1705592522067245,-0.3517273649332019,-0.40209518222431967,-0.2985095975116943,0.28892352261151616,-0.1997921680530589,1.805766037303831
1.3615596943282242,-1.261068903235371,-1.2198188835201833,-1.3228927390375755,6.247132767305771,-1.5215781281288188,-0.19379456778184626,0.19514695989293263,-0.7095914593360158,-1.1705592522067245,-0.3324333118352169,-0.3102956777704566,-0.3569910833471011,0.34867067115315065,1.6915041189877922,0.2574966879863102
2.236494903921545,-0.7954545250494611,-1.6831956723035282,-1.2467881461096946,0.533300844219673,0.6572123912097525,-0.19379456778184626,0.19514695989293263,-0.7095914593360158,-1.1705592522067245,-0.22282720408809625,-0.3007201264755293,-0.34380478747523385,1.361950911778416,1.750594216589956,-0.07974893960497655
2.2802341122761898,-1.3309110599632574,-1.5713461025972035,-0.9170015767555422,0.4868469261458025,0.6572123912097525,-0.19379456778184626,0.19514695989293263,-0.7095914593360158,-1.1705592522067245,-0.24014190292068813,-0.2756605457093459,-0.31016193785665713,2.236704347496135,1.5832742236773147,1.153596787770416
1.807948292415964,-1.1446653086888936,-1.2837329233523684,-0.8282128850063475,-0.30286968110999973,0.6572123912097525,-0.19379456778184626,0.19514695989293263,-0.7095914593360158,-1.1705592522067245,-0.20017182631806765,-0.29141888348768674,-0.3030576761125726,2.280434468726006,1.6050717204977736,1.3735958776032189
1.6742355473979387,-0.9817002763238251,-1.2837329233523684,-1.031158466147364,0.2081234177025781,0.6572123912097525,-0.19379456778184626,0.19514695989293263,-0.7095914593360158,-1.1705592522067245,-0.2766199383004429,-0.338916700353498,-0.2852498668874374,1.8082467695299467,1.2313756924125623,1.0251016377685092
0.7418556642948757,-1.261068903235371,-1.4115610030167398,-0.6506355015079578,-0.256415763036129,0.6572123912097525,-0.19379456778184626,0.19514695989293263,-0.7095914593360158,-1.1705592522067245,-0.20992378847245793,-0.3516256194501943,-0.2991317806835194,1.674561804264768,0.2871399839803256,1.2278830179058717
0.8114599887697139,-2.5415084432466233,-1.3156899432684614,-0.6252673038653308,-0.34932359918387046,0.6572123912097525,-0.19379456778184626,0.19514695989293263,-0.7095914593360158,-1.1705592522067245,-0.24897048678810205,-0.33233083802253577,-0.29079921038378026,0.7423756295677982,0.34702971801477206,1.425138629750203
1.9069205326424297,-2.262139816335077,-0.9002486843592555,-0.6252673038653308,-0.34932359918387046,0.6572123912097525,-0.19379456778184626,0.2635292532969841,-0.7095914593360158,-1.1705592522067245,-0.2529687225757142,-0.22272059276318434,-0.27138130730264404,0.8119654932600782,1.3627281336658388,0.6816508590727653
1.3799091691186223,-1.7034025625119853,-0.5327429553241886,-0.7647923908997798,-0.34932359918387046,0.6572123912097525,-0.19379456778184626,0.2635292532969841,-0.7095914593360158,-1.1705592522067245,-0.2665165013635918,-0.24003594520696325,-0.3262376823832839,1.9071984475850816,2.2395691526869497,0.34171975690463147
1.3424787214375191,-0.027190801042709663,-0.5966569951563739,-1.094578960253932,0.022307745407095292,0.6572123912097525,-0.19379456778184626,0.2635292532969841,-0.7095914593360158,-1.1705592522067245,-0.3648909891675735,-0.20006435977710493,-0.3523462602510899,1.3802965743377926,2.2834036350627245,1.4725034508171657
1.6268662113136119,-1.493876092328326,-0.6765495449466058,-0.6506355015079578,-0.34932359918387046,0.6572123912097525,-0.19379456778184626,0.2635292532969841,-0.7095914593360158,-1.1705592522067245,-0.3282001139075448,-0.27651535759317,-0.35417424553349486,1.3428739030925512,1.810089068435616,0.9435713290335891
1.2270676575684343,-0.9118581195959387,-0.8523131544851164,-1.2975245413949485,-0.07060009074064617,0.6572123912097525,-0.19379456778184626,0.2635292532969841,-0.7095914593360158,-1.1705592522067245,-0.3261572653291404,-0.20981669005753778,-0.3390810292073086,1.6272023094895007,1.676085066411041,1.1064898771755616
0.0730350939864941,-0.49280517922861955,-1.1239478237719047,-0.8789492802916016,-0.16350792688838758,0.6572123912097525,-0.19379456778184626,0.2635292532969841,-0.7095914593360158,-1.1705592522067245,-0.37423693914022615,-0.24886486234388636,-0.3326993526721045,1.2274868166747528,0.7416742462145611,1.25013726741405
0.02745309415822062,-0.7954545250494611,-1.3955824930586933,-0.7774764897210933,0.39393908999806104,0.6572123912097525,-0.19379456778184626,0.2635292532969841,-0.7095914593360158,-1.1705592522067245,-0.4156466592573084,-0.2528632490605828,-0.3412855162856352,0.07369401138503039,0.8114301848619055,1.1177465035862013
1.6381130402103903,-1.2377881843260754,-1.0280767640236264,-0.6379514026866443,-0.16350792688838758,0.6572123912097525,-0.19379456778184626,0.33191154670103556,-0.7095914593360158,-1.1705592522067245,-0.41454056424608,-0.26641153926248273,-0.36900675331197585,0.0281214815342771,1.9092768928864274,0.3181770478768739
1.7503325103730263,-0.842015962868052,-0.9481842142333945,-0.5618468097587631,-0.34932359918387046,0.6572123912097525,-0.19379456778184626,0.33191154670103556,-0.7095914593360158,-1.1705592522067245,-0.31699914383343736,-0.3647897405971686,-0.348353911344308,1.638446801779346,1.3811175778181588,-0.0686850174877674
1.6503226738387053,-0.7256123683215745,-1.01209825406558,-0.7140559956145256,-0.34932359918387046,0.6572123912097525,-0.19379456778184626,0.33191154670103556,-0.7095914593360158,-1.1705592522067245,-0.27447511806448494,-0.3280974802962123,-0.3119580032118658,1.750642957566488,1.3436055980426849,1.4023281241814116
1.7164566691713516,-0.6790509305029837,-1.2837329233523684,-1.284840442573635,-0.34932359918387046,0.6572123912097525,-0.19379456778184626,0.33191154670103556,-0.7095914593360158,-1.1705592522067245,-0.3012812769993193,-0.3260545546024796,-0.29785481387506735,1.650653898771348,1.6286125490553378,1.6720339933088688
1.4275674560734901,-1.726683281421281,-1.01209825406558,-0.48574221683088165,-0.2099618449622583,0.6572123912097525,-0.19379456778184626,0.33191154670103556,-0.7095914593360158,-1.1705592522067245,-0.3631574162145082,-0.3741360433693423,-0.35964147969390997,1.716774154306454,1.2279431424234666,1.363193124281038
0.3657178817711147,-1.167946027598189,-1.427539512974786,-1.3228927390375755,-0.30286968110999973,0.6572123912097525,-0.19379456778184626,0.33191154670103556,-1.2222052994528765,-0.6464624599176895,-0.31788707133926897,-0.4155473266586508,-0.3131556071295662,1.4279449599520475,0.07139683140567521,1.3662111867972122
-0.17383985989300013,-0.8652966817773476,-0.8682916644431626,-0.8028446873637203,-0.34932359918387046,0.6572123912097525,-0.19379456778184626,0.33191154670103556,-1.2222052994528765,-0.6464624599176895,-0.35738283038970503,-0.4144411898935299,-0.2597022692786027,0.3663159922846676,0.025715543534061205,1.8573619743786827
1.5637807935999826,-0.9817002763238251,-1.5234105727230642,-0.6633196003292713,1.1372017791799924,0.6572123912097525,-0.19379456778184626,0.40029384010508706,-1.2222052994528765,-0.6464624599176895,-0.40699206471918936,-0.31689608739757774,-0.36263860386581254,-0.173129652505601,1.6398838761233057,0.7178537666143295
2.008769512280804,-1.866367594877054,-1.4435180229328324,-0.955053873219483,-0.34932359918387046,0.6572123912097525,-0.19379456778184626,0.40029384010508706,-1.2222052994528765,-0.6464624599176895,-0.2944913593021081,-0.2743704563925638,-0.40170767688859044,1.5641299982102064,1.7523477860134467,-0.21181476538038985
1.6275736301747057,-1.1446653086888936,-1.5234105727230642,-0.840896983827661,-0.11705400881451687,0.6572123912097525,-0.19379456778184626,0.40029384010508706,-1.2222052994528765,-0.6464624599176895,-0.24458165211641894,-0.30117762723095653,-0.30992706526100056,2.0090262673895025,1.652120105132197,1.6724915294006402
1.7236253505543295,-1.0282617141424162,-1.2038403735621366,-0.9677379720407965,0.022307745407095292,0.6572123912097525,-0.19379456778184626,0.40029384010508706,-1.2222052994528765,-0.6464624599176895,-0.26042388741718103,-0.36305610220359597,-0.3003534846654596,1.6279095813794056,1.718398155465054,1.7313632374634698
1.681156504486598,-0.5859280548658017,-1.1559048436879977,-0.7140559956145256,-0.024146172666775465,0.6572123912097525,-0.19379456778184626,0.40029384010508706,-1.2222052994528765,-0.6464624599176895,-0.21200801749602968,-0.317784048421714,-0.2752990612942829,1.7239413463460111,1.4288796754456285,1.5646616381168639
0.4239433063704602,-0.6324894926843925,-1.2357973934782296,-1.0184743673260506,-0.256415763036129,0.6572123912097525,-0.19379456778184626,0.40029384010508706,-1.2222052994528765,-0.6464624599176895,-0.2589970070388412,-0.35728129839441247,-0.2910541559228947,1.6814813234764519,0.36471714938704153,1.58637857414148
-0.0008786846333744067,-0.888577400686643,-1.1239478237719047,-0.98042207086211,-0.34932359918387046,0.6572123912097525,-0.19379456778184626,0.40029384010508706,-1.2222052994528765,-0.6464624599176895,-0.2869570314426161,-0.4068924054189319,-0.33854219748536696,0.4245293201470525,-0.17601587270884209,1.2140636793888617
0.7995473324250243,-0.7488930872308699,-0.6925280549046524,-0.4984263156521954,-0.30286968110999973,0.6572123912097525,-0.19379456778184626,0.46867613350913856,-1.2222052994528765,-0.6464624599176895,-0.36072884827014906,-0.2943874532216831,-0.3512485010189179,-0.00020441113320590303,1.5653897168423074,0.27331774690480015
1.1379722834623733,-0.8652966817773476,-0.8842701744012089,-0.37158532743906,-0.16350792688838758,0.6572123912097525,-0.19379456778184626,0.46867613350913856,-1.2222052994528765,-0.6464624599176895,-0.35577457691958664,-0.24447586199843283,-0.3319576905599008,0.8000553118526054,2.0113477229469554,0.3329861360446302
1.3776245600891466,-0.516085898137915,-0.8842701744012089,-0.6886877979718986,-0.34932359918387046,0.6572123912097525,-0.19379456778184626,0.46867613350913856,-1.2222052994528765,-0.6464624599176895,-0.34165070333663083,-0.2603186953264734,-0.22237000367201087,1.1384099527523852,1.6293215088368564,1.3449306586053542
1.5239497187368376,-0.7256123683215745,-1.171883353646044,-0.9677379720407965,-0.30286968110999973,0.6572123912097525,-0.19379456778184626,0.46867613350913856,-1.2222052994528765,-0.6464624599176895,-0.3005119498864111,-0.21190099775850493,-0.2396817925241612,1.378012439951734,1.725582451879196,2.218530983940316
1.3001642014029224,-0.2599979901356646,-0.8043776246109771,-0.9296856755768558,-0.34932359918387046,0.6572123912097525,-0.19379456778184626,0.46867613350913856,-1.2222052994528765,-0.6464624599176895,-0.3051471092140691,-0.25889176108493983,-0.1997184334591823,1.5243071985299181,1.6830210989305712,2.2622034596042817
0.15091574484805415,-0.3531208657728467,-0.8682916644431626,-0.47305811800956815,-0.256415763036129,0.6572123912097525,-0.19379456778184626,0.46867613350913856,-1.2222052994528765,-0.6464624599176895,-0.31500500026784284,-0.2868528409494488,-0.27615369725327477,1.30056817419382,0.42306940230684065,1.7906382038492206
-0.24602613551789435,-1.5869989679655079,-0.5327429553241886,-0.6506355015079578,-0.30286968110999973,0.6572123912097525,-0.19379456778184626,0.46867613350913856,-1.2222052994528765,-0.6464624599176895,-0.32531109978369976,-0.36062744258341894,-0.20946875665817347,0.1515584819996575,-0.002677948365584623,1.6571294636952236
1.2395855784260377,-1.0981038708703026,-1.2997114333104152,-0.5998991062227036,0.2081234177025781,0.6572123912097525,-0.19379456778184626,0.5370584269131901,-1.2222052994528765,-0.6464624599176895,-0.3921727595858016,-0.3556729842144619,-0.24850889262297893,-0.24530093092962624,0.7994915800212328,0.7261721079006042
2.048447355621699,-1.261068903235371,-1.4754750428489254,-0.6125832050440171,-0.2099618449622583,0.6572123912097525,-0.19379456778184626,0.5370584269131901,-1.2222052994528765,-0.6464624599176895,-0.34279130685411474,-0.3415485774705273,-0.2525064564504227,1.2400021368472267,1.138653698171317,0.7956702374069048
1.7515211491814,-1.400753216691144,-1.2198188835201833,-0.5618468097587631,-0.34932359918387046,0.6572123912097525,-0.19379456778184626,0.5370584269131901,-1.2222052994528765,-0.6464624599176895,-0.2399047266262885,-0.3004082710767804,-0.26605195834213946,2.048695867382455,1.3788279923865685,1.8894594426254712
0.8431595775183595,-1.261068903235371,-0.516764445366142,-0.2447443392259245,-0.34932359918387046,0.6572123912097525,-0.19379456778184626,0.5370584269131901,-1.2222052994528765,-0.6464624599176895,-0.286048922317158,-0.3050436053766987,-0.3644099129197438,1.7518313494268813,1.5254718807685483,1.3632521376941524
0.47793443323808177,-0.14359439558918713,-0.2611082860374002,-1.3355768378588893,-0.34932359918387046,0.6572123912097525,-0.19379456778184626,0.5370584269131901,-1.2222052994528765,-0.6464624599176895,-0.3523131279251247,-0.31490186855521657,-0.32772520408111355,0.8436584961986675,1.3011989072846675,1.3258787974592294
-0.5651577785551244,0.0659320745944724,-0.2451297760793536,-0.35890122861774626,-0.34932359918387046,0.6572123912097525,-0.19379456778184626,0.5370584269131901,-1.2222052994528765,-0.6464624599176895,-0.28869243647595033,-0.3252083571152032,-0.3256826988323544,0.4785092299825199,0.14944712417560393,1.6098323987692345
-0.6003379118807789,-0.842015962868052,-0.6445925250305132,-0.1940079439406703,-0.34932359918387046,0.6572123912097525,-0.19379456778184626,0.5370584269131901,-1.2222052994528765,-0.6464624599176895,-0.33940120544414476,-0.3920725408727751,-0.3737542921730965,-0.5643662721482232,-0.24835938658764875,1.210643815671092
0.6455978110341193,-0.7023316494122791,-0.9322057042753482,-0.6379514026866443,-0.34932359918387046,0.6572123912097525,-0.19379456778184626,0.6054407203172415,-1.2222052994528765,-0.6464624599176895,-0.3607287013474521,-0.3426892240445625,-0.4151570528000487,-0.599539096556476,1.2404883301818932,0.058371953779824216
1.096776353540255,-0.46952446031932416,-0.9641627241914409,-0.8282128850063475,-0.34932359918387046,0.6572123912097525,-0.19379456778184626,0.6054407203172415,-1.2222052994528765,-0.6464624599176895,-0.3822980145174628,-0.2397987599594146,-0.41405114368375734,0.6461377745456,2.0511119937250877,0.012859498179932607
1.1597570630470102,-0.5393666170472108,-0.9162271943173019,-0.8662651814702881,-0.30286968110999973,0.6572123912097525,-0.19379456778184626,0.6054407203172415,-1.2222052994528765,-0.6464624599176895,-0.36558344918378244,-0.28594469754385166,-0.3165261164887147,1.097222581571256,1.7535390139495894,1.621062068435608
1.5424775987995794,-0.3996823035914375,-1.379603983100647,-1.5131542213572786,-0.16350792688838758,0.6572123912097525,-0.19379456778184626,0.6054407203172415,-1.2222052994528765,-0.6464624599176895,-0.3020876163618869,-0.3522114045540376,-0.2740092374847438,1.1601902063975345,0.8431988225806141,1.7331103259157974
1.0751750869453647,-0.7954545250494611,-1.1399263337299512,-0.3081648333324922,3.6921672732428816,0.6572123912097525,-0.19379456778184626,0.6054407203172415,-1.2222052994528765,-0.6464624599176895,-0.26797579228027485,-0.2885883114924494,-0.300810891264798,1.5428312292967021,0.4771781342239254,1.6332530738871713
0.32309981738766164,-1.21450746541678,-1.379603983100647,-0.7013718967932121,0.06876166348096599,0.6572123912097525,-0.19379456778184626,0.6054407203172415,-1.2222052994528765,-0.6464624599176895,-0.29410139160155285,-0.3392989946619244,-0.3626766313181733,1.0756258027897532,-0.5681861714906281,1.6992861689150363
-0.23906176283126404,-0.842015962868052,-1.2517759034362759,-0.041798758084907635,0.16166949962870744,0.6572123912097525,-0.19379456778184626,0.6054407203172415,-1.2222052994528765,-0.6464624599176895,-0.3147245739993743,-0.3606272956551758,-0.3174138947657493,0.3237067821005298,-0.6034429352101995,1.4108377126397893
1.291843729744305,-0.7954545250494611,-1.171883353646044,-0.39695352508168696,-0.34932359918387046,0.6572123912097525,-0.19379456778184626,0.6738230137212929,-1.2222052994528765,-0.6464624599176895,-0.2618081890403873,-0.3821974230434713,-0.35690301599432833,-0.23833800513986383,0.6452067212864266,0.3506081969039687
1.0285682601027513,-1.493876092328326,-0.6605710349885598,0.1357786254134818,-0.34932359918387046,0.6572123912097525,-0.19379456778184626,0.6738230137212929,-1.4098349872671425,0.06946707239106965,-0.20188086927324678,-0.3654822267529955,-0.40650391278915415,1.2922494311710644,1.0973680340714318,-0.18812634422149346
0.932101355265206,-0.8187352439587566,-0.2451297760793536,-0.5237945132948224,-0.34932359918387046,0.6572123912097525,-0.19379456778184626,0.6738230137212929,-1.4098349872671425,0.06946707239106965,-0.2028531066827422,-0.30198399703196455,-0.2940221147094507,1.0290286588396005,1.1604859299991137,1.546843230160813
0.8811423883535073,-0.21343655231707379,-1.01209825406558,-0.840896983827661,0.6726625984412853,0.6572123912097525,-0.19379456778184626,0.6738230137212929,-1.4098349872671425,0.06946707239106965,-0.21129780808567858,-0.2678708852658223,-0.24412079555714036,0.9325817956725325,1.544040118800787,1.9911530317867465
0.8292293727972728,-0.6557702115936883,-1.0600337839397194,-0.2066920427619838,-0.34932359918387046,0.6572123912097525,-0.19379456778184626,0.6738230137212929,-1.4098349872671425,0.06946707239106965,-0.2379253937548466,-0.2939974708002681,-0.2599603683458183,0.8816334158406665,1.0757197149667357,1.6105387383249223
-0.30800828627126603,-0.30655942795425584,-1.01209825406558,0.021621736021660086,-0.34932359918387046,0.6572123912097525,-0.19379456778184626,0.6738230137212929,-1.4098349872671425,0.06946707239106965,-0.08396758156114693,-0.3146214317009592,-0.2115526353975299,0.8297311855745064,0.32200625309100156,1.7064439130768045
-0.7573374702385303,-1.3309110599632574,-0.5966569951563739,-0.35890122861774626,-0.34932359918387046,0.6572123912097525,-0.19379456778184626,0.6738230137212929,-1.4098349872671425,0.06946707239106965,-0.14923429639791747,-0.2617030492055713,-0.2585337277749411,-0.30727020446004805,-0.2413798439010238,1.6640398615143859
0.8463391316052146,-0.6092087737750971,-1.0760122938977656,-0.6886877979718986,0.4868469261458025,0.6572123912097525,-0.19379456778184626,0.7422053071253445,-1.4098349872671425,0.06946707239106965,-0.27578072424125033,-0.20177346724681042,-0.2864890531004966,-0.7565060371639327,1.292860311731667,0.40874478726521085
1.190842631195756,-0.6324894926843925,-1.2038403735621366,-0.44768992036694116,0.1152155815548367,0.6572123912097525,-0.19379456778184626,0.7422053071253445,-1.4098349872671425,0.06946707239106965,-0.2914488972210628,-0.20274574135721837,-0.3602484715290635,0.8468373897110449,1.0290113677726471,-0.015429054958944888
0.9454350515603605,-0.3531208657728467,-0.8043776246109771,-0.40963762390300046,-0.34932359918387046,0.6572123912097525,-0.19379456778184626,0.7422053071253445,-1.4098349872671425,0.06946707239106965,-0.26717479364680585,-0.21119076153851535,-0.3552950328139902,1.1912693163032748,0.9323343359054734,0.7837757561422158
0.9866273331128976,-0.3531208657728467,-0.7404635847787917,0.3387242065544987,-0.34932359918387046,0.6572123912097525,-0.19379456778184626,0.7422053071253445,-1.4098349872671425,0.06946707239106965,-0.21823832965974482,-0.23781935237029378,-0.34117353294808733,0.9459127217995361,0.881264368683688,1.1216843739301738
0.28810465639958815,-1.493876092328326,-0.037409146624750506,0.3894606018397527,-0.34932359918387046,0.6572123912097525,-0.19379456778184626,0.7422053071253445,-1.4098349872671425,0.06946707239106965,-0.21220327022479088,-0.08385572843540504,-0.3000416934482104,0.9870964453690586,0.8292382746807441,1.3609710142812077
-0.8194597183836827,0.15905495023165406,0.2182470127039913,-0.5618468097587631,-0.34932359918387046,0.6572123912097525,-0.19379456778184626,0.7422053071253445,-1.4098349872671425,0.06946707239106965,-0.31004306660553965,-0.14912490702019515,-0.30467607377167566,0.2887188916005683,-0.31047654867210556,1.5070729253686919
-1.5220072764149701,0.391862139324609,0.825430391109754,0.3133560089118717,-0.34932359918387046,0.6572123912097525,-0.19379456778184626,0.7422053071253445,-1.4098349872671425,0.06946707239106965,-0.298101334747303,-0.2756761118545527,-0.314532308067198,-0.8186153789799276,-0.7607844745914557,1.2836288364754915
-0.25146950292763365,0.9040379553291101,1.0171725106063105,0.4021447006610664,-0.34932359918387046,0.6572123912097525,-0.19379456778184626,0.8105876005293959,-1.4098349872671425,0.06946707239106965,-0.3537268011103278,-0.291344876290979,-0.32483667549702155,-1.5210169778693063,0.8463853024650464,0.13613378252321368
0.2721685780847529,-0.16687511449848255,-0.7085065648626988,0.04698993366428709,3.3205359286519163,0.6572123912097525,-0.19379456778184626,0.8105876005293959,-1.4098349872671425,0.06946707239106965,-0.3385827726554215,-0.2670698563955197,-0.39168709824994374,-0.2507431674419236,1.191639209640318,-0.2602024856079381
0.8591901486052568,-0.6092087737750971,-0.8842701744012089,0.3767765030184394,-0.34932359918387046,0.6572123912097525,-0.19379456778184626,0.8105876005293959,-1.4098349872671425,0.06946707239106965,-0.32210570666127314,-0.21813154510977767,-0.3423139447709908,0.27278612411685,0.9456970760473355,1.2231426379996648
0.8048433057038241,-0.5859280548658017,-0.9641627241914409,-0.282796635689865,-0.256415763036129,0.6572123912097525,-0.19379456778184626,0.8105876005293959,-1.4098349872671425,0.06946707239106965,-0.2881007934291854,-0.21209625785784583,-0.239444656090598,0.8596857368229174,0.9869790838306545,2.030770338841182
0.7839680646548725,-0.2367172712263692,-0.9002486843592555,-0.8282128850063475,-0.34932359918387046,-1.5215781281288188,-0.19379456778184626,0.8105876005293959,-1.4098349872671425,0.06946707239106965,-0.2753422836799076,-0.3099397475852748,-0.2855810965956425,0.8053501848561191,0.28693486462115936,1.7342971512239065
-0.5577125507581714,-1.167946027598189,0.15433297287180597,0.300671910090558,-0.34932359918387046,-1.5215781281288188,-0.19379456778184626,0.8105876005293959,-1.4098349872671425,0.06946707239106965,-0.27541230857534427,-0.2979975649395534,-0.3518341655650712,0.7844792807836979,-0.8230420392319239,0.8273214622520829
-1.1902128722479006,-0.7023316494122791,0.4099891322005478,0.3387242065544987,-0.34932359918387046,-1.5215781281288188,-0.19379456778184626,0.8105876005293959,-1.4098349872671425,0.06946707239106965,-0.22053651199519048,-0.35362513110387717,-0.28822416647442894,-0.5569225911491319,-1.5271199068734387,0.4626535401415284
0.005561052507996599,0.5781078905989732,-0.3569793457856782,-1.005790268504737,-0.34932359918387046,-1.5215781281288188,-0.19379456778184626,0.8789698939334475,-1.4098349872671425,0.06946707239106965,-0.3346781055101864,-0.33848053097824704,-0.33892441311559146,-1.1892915062975733,-0.2538146108992645,-0.5788472310989684
0.5643734294547081,-0.9118581195959387,-1.2198188835201833,0.35140830537581197,0.6726625984412853,-1.5215781281288188,-0.19379456778184626,0.8789698939334475,-1.4098349872671425,0.06946707239106965,-0.2424264559256755,-0.3220028429926469,-0.36024832463105894,0.0062339881079809395,0.27096407387509336,-0.6139736902717616
0.8643887104163391,-0.7023316494122791,-1.2357973934782296,0.719247171193905,-0.34932359918387046,-1.5215781281288188,-0.19379456778184626,0.8789698939334475,-1.4098349872671425,0.06946707239106965,0.17330123847150095,-0.28799664611179815,-0.3818140127724123,0.5649302678964364,0.8592643119256582,0.6300611147634917
0.7965943420889372,-1.493876092328326,-0.9641627241914409,0.4528810959463204,-0.34932359918387046,-1.5215781281288188,-0.19379456778184626,0.8789698939334475,-1.4098349872671425,0.06946707239106965,-0.20572913415227514,-0.2752376547425522,-0.3651022565582367,0.8648832185966236,0.804799089143708,1.0805512964315935
0.3107267368022826,-1.3309110599632574,-0.19719424620521434,0.7065630723725913,-0.34932359918387046,-1.5215781281288188,-0.19379456778184626,0.8789698939334475,-1.4098349872671425,0.06946707239106965,-0.16598719802927836,-0.275307682281353,-0.3016170951106121,0.7971029350208008,0.7838783770349999,1.143435916585927
-0.6534964808107971,-1.1446653086888936,-0.3889363657017714,0.693878973551278,-0.34932359918387046,-1.5215781281288188,-0.19379456778184626,0.8789698939334475,-1.4098349872671425,0.06946707239106965,-0.19572188106472688,-0.22042981419912522,-0.26751100400430966,0.31133627210870607,-0.5607247262810348,1.525572537537805
-0.9915306914663863,-0.3996823035914375,-0.021430636666704465,0.6304584794447103,-0.34932359918387046,-1.5215781281288188,-0.19379456778184626,0.8789698939334475,-1.4098349872671425,0.06946707239106965,-0.2131960467743613,-0.3345757164360429,-0.2936322125484923,-0.6526866214240427,-1.1946027784444853,1.0589829867807397
0.12960598298241566,-0.7488930872308699,0.17031148282985203,-0.1305874498341026,-0.34932359918387046,-1.5215781281288188,-0.19379456778184626,0.9473521873374989,-1.4098349872671425,0.06946707239106965,-0.25023744052423263,-0.24232058445136007,-0.3142519289283368,-0.9906506031210949,0.0037758159993132754,0.30805515468746403
0.48678756685501445,-0.5859280548658017,-0.5487214652822352,-0.14327154865541608,-0.34932359918387046,-1.5215781281288188,-0.19379456778184626,0.9473521873374989,-1.4098349872671425,0.06946707239106965,-0.2647680210747513,0.17342280321743772,-0.26134443731752494,0.13025314738527147,0.5638054143867368,-0.25324873842976464
0.7020008750294702,-0.0039100821334142515,-0.7085065648626988,0.27530371244793095,-0.34932359918387046,-1.5215781281288188,-0.19379456778184626,0.9473521873374989,-1.4098349872671425,0.06946707239106965,-0.29821152140543805,-0.20562187739368318,-0.20142718918548025,0.4873605242993637,0.864474197395912,1.2753210593187267
0.31638061513664634,-1.2843496221446664,0.20226850274594524,0.8968245546922945,-0.34932359918387046,-1.5215781281288188,-0.19379456778184626,0.9473521873374989,-1.2222052994528767,0.7853966046998286,-0.26511150910678943,-0.1658784410555053,-0.20239926319670504,0.7025291204120816,0.7965321573953476,1.0124472677399408
-0.9103668728219673,-0.3764015846821421,1.3207641998091921,0.8968245546922945,-0.34932359918387046,-1.5215781281288188,5.1601033581379605,0.9473521873374989,-1.2222052994528767,0.7853966046998286,-0.31979343470612953,-0.19561424654313525,-0.21084254534793193,0.31698897581051905,0.3096062211001106,0.9161275419749809
-1.4171688227447257,1.1135644255127697,1.7521839686764444,0.9602450487988622,-0.34932359918387046,-1.5215781281288188,-0.19379456778184626,0.9473521873374989,-1.2222052994528767,0.7853966046998286,-0.2931264033114981,-0.21308907188365914,-0.23746565587408697,-0.9095036468245524,-0.6567172956876648,0.8652463229033588
-1.181460068794347,0.5548271716896778,0.7295593313614754,0.9602450487988622,-0.34932359918387046,-1.5215781281288188,-0.19379456778184626,0.9473521873374989,-1.2222052994528767,0.7853966046998286,-0.35051592930494907,-0.2501318639061526,-0.0835337184718946,-1.4162003051170393,-0.9954878223338773,0.8134125107744296
0.3775604894199134,0.27545854477813153,2.247517777375882,0.9348768511562352,-0.34932359918387046,-1.5215781281288188,-0.19379456778184626,1.0157344807415505,-1.2222052994528767,0.7853966046998286,-0.30644219016590507,-0.264662992970399,-0.148789464312583,-1.180540521299819,0.128090944764275,-0.3220900705049667
0.525711657041182,0.9273186742384055,2.471216916788531,0.5416697876955151,-0.34932359918387046,0.6572123912097525,-0.19379456778184626,1.0157344807415505,-1.2222052994528767,0.7853966046998286,-0.2880554789820738,-0.2981077557571159,-0.27531462423589426,0.37815613954935334,0.48605055199507624,-0.7707337151912387
-0.1997651741112288,0.0659320745944724,-0.6605710349885598,1.137822432297252,-0.34932359918387046,0.6572123912097525,-0.19379456778184626,1.0157344807415505,-1.2222052994528767,0.7853966046998286,-0.3088536391947059,-0.26500649396873954,-0.29098016395726156,0.5262765277350497,0.7017326440831378,0.8304961653092244
0.15329192795393137,-0.9118581195959387,-0.2770867959954463,1.0997701358333114,-0.34932359918387046,0.6572123912097525,-0.19379456778184626,1.0157344807415505,-1.2222052994528767,0.7853966046998286,-0.34429594007673325,-0.3196904837517335,-0.26671013999000903,-0.19904958055947145,0.3152724148773952,1.174474057639353
0.508539511113462,-0.14359439558918713,1.5284848292637947,0.9348768511562352,-0.34932359918387046,0.6572123912097525,-0.19379456778184626,1.0157344807415505,-1.2222052994528767,0.7853966046998286,-0.3096426122079653,-0.29302244570545805,-0.21778190046901913,0.15393417143696642,-0.9141472102891334,0.9294408951166138
-0.5411022537454014,1.3929330524243155,1.41663525955747,-0.3462171297964327,-0.34932359918387046,0.6572123912097525,-0.19379456778184626,1.0157344807415505,-1.2222052994528767,0.7853966046998286,-0.26942656812309496,-0.3504141380915544,-0.2117478553113038,0.509107949440091,-1.4220530910213904,0.9705703298119124
-1.0685463139011042,1.2532487389685423,-0.1812157362471683,0.6304584794447103,-0.256415763036129,0.6572123912097525,-0.19379456778184626,1.0157344807415505,-1.2222052994528767,0.7853966046998286,-0.3198436552797934,-0.30633873521644234,-0.309571208328144,-0.5403157450411031,-1.1858309093788055,0.2731133856408846
0.06535819472136505,-0.05047151995200508,-0.6765495449466058,-0.15595564747672958,-0.2099618449622583,0.6572123912097525,-0.19379456778184626,1.084116774145602,-1.2222052994528767,0.7853966046998286,-0.3572099575359631,-0.28795132995411515,-0.2976314834471283,-1.0676502250245525,0.37658555294970814,-0.8327611837341604
0.2050298217704376,-0.842015962868052,-0.4368718955759101,1.2266111240464468,-0.256415763036129,0.6572123912097525,-0.19379456778184626,1.084116774145602,-1.2222052994528767,0.7853966046998286,-0.3080211773535962,-0.30875027527484045,-0.35324760116246756,0.06601870704912205,0.5250594277713441,-1.5342368684819385
0.5033799868568651,-0.0737522388613009,1.3207641998091921,1.23929522286776,-0.34932359918387046,0.6572123912097525,-0.19379456778184626,1.084116774145602,-1.2222052994528767,0.7853966046998286,-0.26879296558171706,-0.3441939140654607,-0.33810611787609335,0.20566131634615767,-0.2019976582037022,-0.26563754809933826
0.7471768113237608,0.6712307662361552,2.1836037375436965,0.9602450487988622,-0.34932359918387046,0.6572123912097525,-0.19379456778184626,1.084116774145602,-1.2222052994528767,0.7853966046998286,-0.23779442677744808,-0.30953927807097925,-0.321631821086321,0.5039494971105467,0.15182848315292363,0.25720162092075816
0.28935020977337605,1.276529457877838,0.5537957218229655,-0.7901605885424068,-0.34932359918387046,0.6572123912097525,-0.19379456778184626,1.084116774145602,-1.2222052994528767,0.7853966046998286,-0.2873315152733423,-0.26932171587386416,-0.28763262286165997,0.7476956710913756,0.507849876973817,0.8433275755771233
-1.102110584340855,-0.0039100821334142515,0.0265048932074348,0.7319312700152183,-0.34932359918387046,0.6572123912097525,-0.19379456778184626,1.084116774145602,-1.2222052994528767,0.7853966046998286,-0.25120776995813615,-0.3197407062211698,-0.27487625736069937,0.28996418620197906,-0.5440782482341744,0.7890636493811624
-1.4015910143224095,0.25217782586883614,-0.42089338561786405,1.213927025225133,-0.34932359918387046,0.6572123912097525,-0.19379456778184626,1.084116774145602,-1.2222052994528767,0.7853966046998286,-0.35895766072691626,-0.3571084190149069,-0.2749462704874603,-1.1012075222536555,-1.0726712024467797,0.7682202575827154
0.05651345235445687,-0.7488930872308699,1.0171725106063105,1.4168726063661499,-0.34932359918387046,0.6572123912097525,-0.19379456778184626,1.1524990675496534,-1.2222052994528767,0.7853966046998286,-0.3631724362353018,-0.307917782009195,-0.22007969656236423,-1.4006257330927778,0.06370321009434746,-0.5714133624487008
0.4841381208677902,0.32201998259672276,1.8320765184666763,-0.029114659263594134,-0.34932359918387046,0.6572123912097525,-0.19379456778184626,1.1524990675496534,-1.2222052994528767,0.7853966046998286,-0.2534471749541793,-0.2686880894146744,-0.3342021069654906,0.05717580223896221,0.2036790739608509,-1.2029486813721757
0.17135573540640484,1.4162137713336114,-0.3250223258695855,-0.9296856755768558,0.2081234177025781,0.6572123912097525,-0.19379456778184626,1.1524990675496534,-1.2222052994528767,0.7853966046998286,-0.2548029909664245,-0.23768838044903326,-0.24196596157765013,0.4847116287529721,0.5026791140907902,-0.008999142892212248
0.10588610817383091,-0.027190801042709663,-0.5806784851983279,-0.7774764897210933,1.2765635334016046,0.6572123912097525,-0.19379456778184626,1.1524990675496534,-1.2222052994528767,0.7853966046998286,-0.28264243010887546,-0.28722733891653524,0.17369186389073954,0.17199422600779474,0.7470069839213194,0.5489606568154266
0.029201757696754996,0.0659320745944724,-0.6286140150724672,0.8080358629430997,-0.34932359918387046,0.6572123912097525,-0.19379456778184626,1.1524990675496534,-1.2222052994528767,0.7853966046998286,-0.2494639948803299,-0.25110222996894466,-0.20527480730907616,0.10653820054566714,0.28818313109568494,0.8485182059685399
-0.9637144272961025,-0.5393666170472108,-0.13328020637302904,1.3280839146169552,-0.34932359918387046,0.6572123912097525,-0.19379456778184626,1.1524990675496534,-1.2222052994528767,0.7853966046998286,-0.21791965734911353,-0.35885618817976866,-0.1655395503814812,0.029869781775798118,-1.1063085835607147,0.7808272711686648
-1.2944964089053956,-0.30655942795425584,1.7521839686764444,0.693878973551278,-0.34932359918387046,0.6572123912097525,-0.19379456778184626,1.1524990675496534,-1.2222052994528767,0.7853966046998286,-0.339754021448793,-0.36307112279137915,-0.1952692360821851,-0.9628401179731747,-1.4064413505617872,0.29570095164903903
-0.3446364574822612,0.5781078905989732,-0.7085065648626988,-0.016430560442280636,-0.30286968110999973,0.6572123912097525,-0.19379456778184626,1.2208813609537048,-1.2222052994528767,0.7853966046998286,-0.4520434392164278,-0.25334171950010864,-0.2127404650107101,-1.29355337732496,0.05483920185128708,-0.667051155439943
-0.24815678335119207,-0.2599979901356646,0.47390317203273363,1.7086068792563616,-0.30286968110999973,0.6572123912097525,-0.19379456778184626,1.2208813609537048,-1.2222052994528767,0.7853966046998286,-0.3610553075583789,-0.2546975866929445,-0.2497756334295848,-0.34389076591369866,0.48339533490722014,-1.0045696289967807
0.20919115211061748,-0.3298401468635513,1.033151020564357,1.6451863851497939,-0.34932359918387046,0.6572123912097525,-0.19379456778184626,1.2208813609537048,-1.2222052994528767,0.7853966046998286,-0.34633192358379145,-0.2825380767441661,-0.26430377191018267,-0.24743113610601639,0.16993163771838013,0.11485653285430923
0.30664092771235973,0.5082657338710865,0.9213014508580325,1.5437135945792855,-0.34932359918387046,0.6572123912097525,-0.19379456778184626,1.2208813609537048,-1.2222052994528767,0.7853966046998286,-0.283924106097528,-0.24935838906551186,-0.29774165158683447,0.20982178214101432,0.10431940263159523,0.47149316657693174
0.09022219822948231,0.25217782586883614,1.129022080312635,1.0109814440841167,-0.34932359918387046,0.6572123912097525,-0.19379456778184626,1.2208813609537048,-1.2222052994528767,0.7853966046998286,-0.11002122218419465,-0.21781286076961068,-0.26464720221419075,0.3072513118740414,0.027468016062588474,0.6863781248871672
-0.9972495107792309,0.9738801120569964,0.8893444309419393,-0.14327154865541608,-0.11705400881451687,0.6572123912097525,-0.19379456778184626,1.2208813609537048,-1.2222052994528767,0.7853966046998286,-0.3116665861202972,-0.33965182398499594,-0.31931993774123807,0.09087754488756333,-0.9676109679645474,0.30134620388960237
-1.1959977270500992,1.1368451444220646,0.9053229408999859,-0.5872150074013901,0.6726625984412853,0.6572123912097525,-0.19379456778184626,1.2208813609537048,-0.7095914593360166,1.3094933969888636,-0.4451134944650548,-0.45194548055691774,-0.29265738811903264,-0.9963682343094487,-1.2991134685473393,-0.9235296415831418
-0.4544954325282012,0.6945114851454506,-0.6925280549046524,-0.815528786185034,-0.34932359918387046,0.6572123912097525,-0.19379456778184626,1.2892636543577563,-0.7095914593360166,1.3094933969888636,-0.47325012757634644,-0.36095391419513445,-0.35003726898958515,-1.1950751592559488,-0.3471845044354324,-1.4295583663143203
-1.330010368047399,-0.8187352439587566,-0.3889363657017714,1.3661362110808954,-0.30286968110999973,0.6572123912097525,5.1601033581379605,1.2892636543577563,-0.7095914593360166,1.3094933969888636,-0.39445879987057786,-0.34622997442869813,-0.30597093706680983,-0.453726916993424,-0.25049467546028686,-1.1942092320269246
0.01148855856068572,-0.14359439558918713,1.0970650603965424,0.6304584794447103,-0.34932359918387046,0.6572123912097525,-0.19379456778184626,1.2892636543577563,-0.7095914593360166,1.3094933969888636,-0.47726778798014546,-0.2838198011147034,-0.2875873160302832,-1.329059958194926,0.20784946863231782,0.3624327363457105
0.4352481443435272,1.0902837066034738,0.6976023114453828,0.22456731716267653,2.484365403322243,0.6572123912097525,-0.19379456778184626,1.2892636543577563,-0.7095914593360166,1.3094933969888636,-0.3622820750431668,-0.10991035255525733,-0.3083819808174376,0.012160262680057508,0.30551151218149375,0.5103578704740452
0.035395594728595846,1.1834065822406563,-0.2611082860374002,-1.3863132331441432,3.738621191316753,0.6572123912097525,-0.19379456778184626,1.2892636543577563,-0.7095914593360166,1.3094933969888636,-0.3215698960258944,-0.3115633283861412,-0.34381832511867966,0.43583180946139727,0.08862137310110965,-0.2140121043179272
-1.1492880161854002,0.08921279350376782,-0.5646999752402813,1.3407680134382685,-0.07060009074064617,0.6572123912097525,-0.19379456778184626,1.2892636543577563,-0.7095914593360166,1.3094933969888636,-0.35156687748247245,-0.44501527420761233,-0.3091708212326045,0.036062331994912974,-1.0012190985459788,0.1385063402984513
-1.1840719365749297,-0.7023316494122791,0.7135808214034294,1.3280839146169552,-0.34932359918387046,0.6572123912097525,-0.19379456778184626,1.2892636543577563,-0.7095914593360166,1.3094933969888636,-0.4458922970838392,-0.47315296944642604,-0.2689615360236958,-1.1483751526585817,-1.2004002339863722,0.4932119240031876
0.5264030230761292,0.4849850149617911,2.0397971479212793,1.4929771992940308,-0.34932359918387046,0.6572123912097525,-0.19379456778184626,1.357645947761808,-0.7095914593360166,1.3094933969888636,-0.424368584786295,-0.39435866745310394,-0.3193701498746231,-1.183151846446703,-0.45728277750947127,-0.5548284076827236
0.11651307907937909,0.8574765175105189,-0.6286140150724672,-1.1833676520031269,-0.34932359918387046,0.6572123912097525,-0.19379456778184626,1.357645947761808,-0.7095914593360166,1.3094933969888636,-0.3179249751738702,-0.47717078151256764,-0.3567301721943186,0.5269677501338943,-1.3347047852324028,-1.0814677490828577
0.11281837520817205,-0.0039100821334142515,-0.037409146624750506,0.17383092187742252,0.1152155815548367,0.6572123912097525,-0.19379456778184626,1.357645947761808,-0.7095914593360166,1.3094933969888636,-0.3407069852913429,-0.3621807279890704,-0.3075496588833341,0.11716296362409138,0.009716233518811176,0.05070676712137695
0.27396795396041185,0.5082657338710865,0.13835446291375939,0.5797220841594558,-0.34932359918387046,0.6572123912097525,-0.19379456778184626,1.357645947761808,-0.7095914593360166,1.3094933969888636,-0.3166340001244769,-0.3214670121309952,-0.2683280399682015,0.11346902735331293,0.4343988648081613,0.19016529787001155
-0.21466365611820554,0.46170429605249563,-0.34100083582763213,1.4549249028300906,-0.256415763036129,0.6572123912097525,-0.19379456778184626,1.357645947761808,-0.7095914593360166,1.3094933969888636,-0.2917670211155708,-0.35146512594123686,-0.23733471090754446,0.27458512615965475,0.03367534469115563,0.4880602716068557
-1.1947580110676377,0.13577423132235864,-0.3250223258695855,1.6325022863284802,-0.30286968110999973,0.6572123912097525,-0.19379456778184626,1.357645947761808,-0.7095914593360166,1.3094933969888636,-0.3349421754720481,-0.4457941062253547,-0.2868634739939096,-0.2139449673031815,-1.1535887786652161,0.7314851364821718
-1.4782235579514835,0.34530070150601816,-0.2930653059534929,1.6451863851497939,-0.30286968110999973,0.6572123912097525,-0.19379456778184626,1.357645947761808,-0.7095914593360166,1.3094933969888636,-0.3293159783000341,-0.4242695814309094,-0.25074579978588,-1.1938357008331055,-1.188448466406073,0.27435703868014105
0.33103319703409295,-0.027190801042709663,0.9532584707741252,1.8735001639334372,-0.30286968110999973,0.6572123912097525,-0.19379456778184626,1.4260282411658594,-0.7095914593360166,1.3094933969888636,-0.36944642940071504,-0.3178219536871441,-0.3584775816589903,-1.4772423557778778,0.5257522997599814,-1.114980810683643
0.8334118636810022,0.9738801120569964,2.0717541678373714,1.188558827582506,-0.34932359918387046,0.6572123912097525,-0.19379456778184626,1.4260282411658594,-0.7095914593360166,1.3094933969888636,-0.28687076171917303,-0.340604823800902,-0.3626916488146396,0.3316385135321571,0.11496952151555206,-1.4140043248761358
0.8999256542866814,0.7410729229640415,1.4645707894316093,1.8481319662908102,-0.34932359918387046,0.6572123912097525,-0.19379456778184626,1.4260282411658594,-0.7095914593360166,1.3094933969888636,-0.31053045400327917,-0.31653092990483644,-0.25298482841818726,0.8339128075166624,0.11126676973246145,0.041875519133510085
1.3205790182111858,0.950599393147701,1.784140988592537,0.7572994676578457,-0.34932359918387046,0.6572123912097525,-0.19379456778184626,1.4260282411658594,-0.7095914593360166,1.3094933969888636,-0.12252572194091493,-0.2916630121943205,-0.2543404165663433,0.9004127794196916,0.27276736920383904,0.4688477628361537
0.24751909870780134,0.9040379553291101,-0.19719424620521434,-1.0438425649686776,-0.256415763036129,0.6572123912097525,-0.19379456778184626,1.4260282411658594,-0.7095914593360166,1.3094933969888636,0.011759727027495845,-0.3348397963662605,-0.28217517689663646,1.3209787496818914,-0.21692859251932683,0.15654258789054887
-1.2676327340318152,0.15905495023165406,-0.4528504055339567,0.795351764121786,0.4868469261458025,0.6572123912097525,-0.19379456778184626,1.4260282411658594,-0.7095914593360166,1.3094933969888636,-0.29526516882671344,-0.3292133868113777,-0.24900231777418017,0.24814176584069395,-1.1991578176183493,0.09117284733968026
-1.5614202481245258,0.46170429605249563,-0.053387656582797115,1.6071340886858532,-0.34932359918387046,0.6572123912097525,-0.19379456778184626,1.4260282411658594,-0.7095914593360166,1.3094933969888636,-0.376190532875946,-0.36934535279326064,-0.21746328171578436,-1.266695283566691,-1.4832408174356027,0.014605493791282018
-0.40961501416969737,0.5315464527803823,0.058461913123527456,1.6071340886858532,-0.34932359918387046,0.6572123912097525,-0.19379456778184626,1.4944105345699108,-0.7095914593360166,1.3094933969888636,-0.3385808925803271,-0.2867665679694168,-0.3392771698245116,-1.5604217612598434,0.32995691345668915,-0.9767958039611437
-0.08217530393041764,0.4849850149617911,0.6656452915292902,1.9496047568613186,-0.34932359918387046,0.6572123912097525,-0.19379456778184626,1.4944105345699108,-0.7095914593360166,1.3094933969888636,-0.26977963404828365,-0.31042715338136234,-0.4515477157646515,-0.40885582285401,0.8334298759882746,-1.3070731131611457
0.3435580497938938,0.46170429605249563,2.0717541678373714,-0.6760036991505848,-0.34932359918387046,0.6572123912097525,-0.19379456778184626,1.4944105345699108,-0.7095914593360166,1.3094933969888636,-0.21523838344358076,-0.1224153243433429,-0.36057487595118487,-0.08148414049211321,0.9000885488753209,-0.35866235829896603
-0.519042751931567,-0.16687511449848255,-0.46882891549200334,1.0997701358333114,-0.34932359918387046,0.6572123912097525,-0.19379456778184626,1.4944105345699108,-0.7095914593360166,1.3094933969888636,-0.12243577765870932,0.011875193755784573,-0.3458539664498651,0.34416076416667774,1.3216581922431587,-0.2623298827225294
-0.18443800867889582,-0.5859280548658017,-0.34100083582763213,0.27530371244793095,-0.256415763036129,0.6572123912097525,-0.19379456778184626,1.4944105345699108,-0.7095914593360166,1.3094933969888636,-0.3527006904911966,-0.2951612919567625,-0.28345663748148114,-0.5182608262422104,0.24626090228222494,0.19432027928937531
-1.095189627252198,0.11249351241306323,-0.037409146624750506,1.5817658910432262,-0.34932359918387046,0.6572123912097525,-0.19379456778184626,1.4944105345699108,-0.7095914593360166,1.3094933969888636,-0.27742182161800194,-0.3760897108511165,-0.10958298041152559,-0.1837255994523686,-1.2721912784325413,0.2916213762575398
-1.3030492817061012,0.25217782586883614,-0.005452126708657854,1.1124542346546247,-0.34932359918387046,0.6572123912097525,-0.19379456778184626,1.4944105345699108,-0.7095914593360166,1.3094933969888636,-0.2548503310300774,-0.3384786508321818,-0.3111944549874462,-1.094288003041974,-1.5666187290691076,0.07553283574412345
0.17745070162269483,-0.3531208657728467,1.895990558298862,1.5183453969366583,-0.34932359918387046,0.6572123912097525,-0.19379456778184626,1.5627928279739622,-0.7095914593360166,1.3094933969888636,-0.2869173441790815,-0.26967479512691034,-0.4446189356886727,-1.3021044732068496,-0.41230459931287544,-1.0102797231357
-0.2119613087721007,0.6945114851454506,0.6816238014873367,1.23929522286776,0.06876166348096599,0.6572123912097525,-0.19379456778184626,1.5627928279739622,-0.009347931404889999,1.5013261370085875,-0.2376890436514703,-0.21513148564888285,-0.4727508400401495,0.1780879259524584,-0.084151650333213,-1.2087247102504342
-0.3495409607053913,-0.5393666170472108,-0.4528504055339567,2.2540231285728436,-0.34932359918387046,0.6572123912097525,-0.19379456778184626,1.5627928279739622,-0.009347931404889999,1.5013261370085875,-0.29606992315298786,-0.12232537666583775,-0.3939727543332631,-0.2112431813885346,0.3425090482165851,-0.46835372205801257
0.12250698545837284,0.15905495023165406,0.15433297287180597,1.9622888556826323,-0.34932359918387046,0.6572123912097525,-0.19379456778184626,1.5627928279739622,-0.009347931404889999,1.5013261370085875,-0.29950231977253144,-0.35259898175017795,-0.47676782521919825,-0.3487942501921698,-0.5219706957691966,-1.342532888833915
0.6660480170272851,-0.05047151995200508,1.6722914188862124,2.228654930930217,-0.34932359918387046,0.6572123912097525,-0.19379456778184626,1.5627928279739622,-0.009347931404889999,1.5013261370085875,-0.25471640667764345,-0.27731727118095845,-0.36180143726031694,0.12315562472734294,-0.1866371066919636,-0.003080680405760156
-0.3221139775690327,0.9273186742384055,0.7934733711936613,1.6832386816137341,-0.34932359918387046,0.6572123912097525,-0.19379456778184626,1.5627928279739622,-0.009347931404889999,1.5013261370085875,-0.07789038862858332,-0.2547449285436337,-0.3210961005015105,0.6665837318662245,-1.0993725510411865,0.4200323775037164
-0.5833894110081674,0.8807572364198147,1.5125063193057486,-0.14327154865541608,-0.34932359918387046,0.6572123912097525,-0.19379456778184626,1.5627928279739622,-0.009347931404889999,1.5013261370085875,-0.3038025714638693,-0.2868131521877628,-0.3510880405403782,-0.32137296520233233,-1.3076849714653833,0.02078988091704755
0.6595630401031504,1.5326173658800888,1.113043570354589,-0.7521082920784663,-0.34932359918387046,0.6572123912097525,-0.19379456778184626,1.6311751213780137,-0.009347931404889999,1.5013261370085875,-0.30470643606949555,-0.23758299334495628,-0.4453976074186434,-0.5825941168528099,0.17603988016809827,-1.1620862641571856
1.2244229544616483,2.0447931818845895,2.407302876956346,0.6558266770873373,-0.16350792688838758,0.6572123912097525,-0.19379456778184626,1.6311751213780137,-0.009347931404889999,1.5013261370085875,-0.17827466974597211,-0.2959660766616439,-0.42387751248588396,0.6601001022411536,-0.2142203588413052,-1.1968171148939424
0.43375632602326375,0.9040379553291101,0.6816238014873367,1.5690817922219125,-0.34932359918387046,0.6572123912097525,-0.19379456778184626,1.6311751213780137,-0.009347931404889999,1.5013261370085875,-0.1465145570406685,-0.29939860285045405,-0.3174517922300742,1.224842663023433,-0.3520996907907291,0.5110481816953025
0.42226213766911747,0.3685814204153136,0.9053229408999859,2.2032867332875896,-0.34932359918387046,0.6572123912097525,-0.19379456778184626,1.6311751213780137,-0.009347931404889999,1.5013261370085875,-0.20597012838239417,-0.2546109991357,-0.34022997350798684,0.4343403010767665,0.12097648399648472,0.10178360472904996
-0.24974455379135432,0.624669328417564,-0.1812157362471683,-0.2066920427619838,-0.34932359918387046,0.6572123912097525,-0.19379456778184626,1.6311751213780137,-0.009347931404889999,1.5013261370085875,-0.19781872218280105,-0.07777830609536947,-0.3161610341473276,0.42284850072020125,0.6657014725155764,0.09809453784899712
-1.0128667215929865,-0.3298401468635513,-0.3250223258695855,1.6832386816137341,0.1152155815548367,0.6572123912097525,-0.19379456778184626,1.6311751213780137,-0.009347931404889999,1.5013261370085875,-0.34106496806929204,-0.30369901687165046,-0.2912982343865421,-0.2490185766758256,-0.3246129653986424,0.25899825149767386
-1.0800620276357549,-0.28327870904496005,1.2728286699350528,1.7720273733629293,-0.34932359918387046,0.6572123912097525,-0.19379456778184626,1.6311751213780137,-0.009347931404889999,1.5013261370085875,-0.32487841850168725,-0.30460291559718966,-0.33446613254665397,-1.0119822005390289,-0.5864575166179721,-0.22888785578567486
0.42061781750050437,0.08921279350376782,0.3780321122844551,2.1525503380023356,-0.34932359918387046,0.6572123912097525,-0.19379456778184626,1.6995574147820651,-0.009347931404889999,1.5013261370085875,-0.27787716776075827,-0.17816637661099013,-0.3288408809367829,-1.0791635462895746,0.6592023698252987,-1.2074868856964254
0.660859305814066,0.6712307662361552,0.6816238014873367,1.9876570533252593,-0.34932359918387046,0.6572123912097525,-0.19379456778184626,1.6995574147820651,-0.009347931404889999,1.5013261370085875,-0.19063718195443385,-0.14640506499572184,-0.36896458754661576,0.4212045221705406,1.2252926785471294,-1.49051995061798
1.160880760876902,0.950599393147701,1.1450005902706817,2.2667072273941575,-0.34932359918387046,0.6572123912097525,-0.19379456778184626,1.6995574147820651,-0.009347931404889999,1.5013261370085875,-0.19130057001952605,-0.2058628807210742,-0.2864027978759028,0.6613960986438513,0.43290379696566106,0.31597643041638296
2.3601888612425976,1.2532487389685423,2.694916056201181,2.342811820322039,-0.34932359918387046,0.6572123912097525,-0.19379456778184626,1.6995574147820651,-0.009347931404889999,1.5013261370085875,0.014466308611636005,-0.19771116681469775,-0.31005851381352634,1.161313670771386,0.42138457163473075,0.8175886204528077
2.7751245003651297,1.8352667117009296,2.407302876956346,2.1018139427170808,-0.34932359918387046,-1.5215781281288188,-0.19379456778184626,1.6995574147820651,-0.009347931404889999,1.5013261370085875,0.8489704582203349,-0.3409628200923145,-0.12208537860990663,2.360372606537173,-0.2520859044283959,0.8840009313019634
2.5468824995922095,1.7887052738823388,3.3340564545230365,0.744615368836532,-0.34932359918387046,-1.5215781281288188,-0.19379456778184626,1.6995574147820651,-0.009347931404889999,1.5013261370085875,0.03388440191844628,-0.3247756594999394,0.012177501786341353,2.775222039894499,-1.0168703272244612,1.3040125065002035
0.9778019271047494,3.348513440805137,2.790787115949459,-0.5364786121161359,-0.34932359918387046,-1.5215781281288188,-0.19379456778184626,1.6995574147820651,-0.009347931404889999,1.5013261370085875,-0.056578495275667426,-0.2777726345125401,-0.2947957941844026,2.5470274579848278,-1.084212000045427,0.23258974913078703
-0.4537321936125726,0.8109150796919281,-0.021430636666704465,1.3661362110808954,1.0442939430322509,-1.5215781281288188,-0.19379456778184626,1.7679397081861168,-0.009347931404889999,1.5013261370085875,-0.16850902547200364,-0.19052935549094052,-0.3757075575797119,0.9782728729003958,0.41973666975990065,-1.280250424061503
-0.03961999150369461,0.11249351241306323,0.3940106222425017,2.3174436226794115,-0.34932359918387046,-1.5215781281288188,-0.19379456778184626,1.7679397081861168,-0.009347931404889999,1.5013261370085875,-0.20685277506091082,-0.19119276859821593,-0.33810423811697216,-0.45296383664598905,0.6605014591000459,-1.5735897080183532
0.47666808415770673,0.8341957986012235,0.9053229408999859,2.2540231285728436,-0.34932359918387046,-1.5215781281288188,-0.19379456778184626,1.7679397081861168,-0.009347931404889999,1.5013261370085875,-0.29904112082475387,0.01458187751045736,-0.2693145426111538,-0.0389376692275499,1.1616120755004384,-0.4235417775285631
1.0626060889136744,1.2066873011499513,2.279474797291975,2.3047595238580976,-0.256415763036129,-1.5215781281288188,-0.19379456778184626,1.7679397081861168,-0.009347931404889999,1.5013261370085875,-0.28678805044370825,0.849117528749828,-0.21478245843631788,0.4772431439949747,2.3635325437985713,-0.09660164041191878
-0.005116995571638441,2.3707232466147263,2.199582247501743,2.3681800179646655,-0.34932359918387046,-1.5215781281288188,5.1601033581379605,1.7679397081861168,-0.009347931404889999,1.5013261370085875,-0.1977252257226033,0.034000703829325137,-0.1219954494441119,1.0630594160548303,2.7793720078492754,0.32848217407118496
-1.8188729199202782,0.27545854477813153,-0.053387656582797115,0.5797220841594558,6.758125866118349,-1.5215781281288188,5.1601033581379605,1.7679397081861168,-0.009347931404889999,1.5013261370085875,-0.41658915202145996,-0.05646560824148899,-0.3522216629957632,-0.004441841532891985,2.550632843684002,-0.5328025619400995
-1.7238952795442972,0.08921279350376782,-0.14925871633107565,1.6451863851497939,0.8584782707367681,-1.5215781281288188,-0.19379456778184626,1.7679397081861168,-0.009347931404889999,1.5013261370085875,-0.47109777314225354,-0.16840036369449385,-0.27695544580298176,-1.8178209454722603,0.9781344540653756,-0.198708323464974
-1.4573089145110925,0.29873926368742737,0.07444042308157406,2.355495919143353,-0.34932359918387046,-1.5215781281288188,5.1601033581379605,1.8363220015901682,-0.009347931404889999,1.5013261370085875,-0.43406919534366506,-0.20674556071855002,-0.25438774867382785,-1.7228630373617055,-0.4565178760845447,-1.1080704128644827
-0.6109528431667258,0.2056163880502453,0.5697742317810116,2.3301277215007254,-0.34932359918387046,-1.5215781281288188,-0.19379456778184626,1.8363220015901682,-0.009347931404889999,1.5013261370085875,-0.43197717169858746,-0.2989373864929141,-0.2864493725069689,-1.456332057500138,-0.041503642682048036,-1.3156129368867424
0.6225313592168747,0.5548271716896778,2.2954533072500216,2.3047595238580976,-0.34932359918387046,-1.5215781281288188,-0.19379456778184626,1.8363220015901682,-0.009347931404889999,1.5013261370085875,-0.3768151962169849,-0.2866838535716907,-0.237229345492694,-0.6101518225166137,0.47590902674499724,0.16262825504747064
1.9302310603844097,1.9051088684288162,3.094378805152341,1.8988683615760646,-0.34932359918387046,-1.5215781281288188,-0.19379456778184626,1.8363220015901682,-0.009347931404889999,1.5013261370085875,-0.2510360963799431,-0.19761766682510956,-0.2956004132603113,0.6230761149441643,1.0631233387764298,-0.22618963139735407
-0.29037899963548364,1.928389587338112,0.6177097616551509,0.9348768511562352,-0.34932359918387046,-1.5215781281288188,5.1601033581379605,1.8363220015901682,0.6908955965262368,1.3094933969888642,0.19248162246278344,-0.41648985500088664,-0.2990322330169751,1.9305041324027816,-0.006925491316522834,-0.3635593787461422
-1.488378429833701,1.2998101767871337,1.1609791002287282,1.3280839146169552,-0.34932359918387046,-1.5215781281288188,-0.19379456778184626,1.8363220015901682,0.6908955965262368,1.3094933969888642,-0.33719483905837877,-0.47100053376327705,-0.25425384682927865,-0.28964458043118874,-1.8246321917939918,0.10776836623516209
-1.63184655026519,1.3929330524243155,1.0810865504384963,1.4041885075448362,-0.34932359918387046,-1.5215781281288188,-0.19379456778184626,1.8363220015901682,0.6908955965262368,1.3094933969888642,-0.4182745169007583,-0.4339705581758547,-0.07745754689770078,-1.4873951179148275,-1.7294476683477296,0.6504801199800043
-0.6631270819847126,1.1135644255127697,0.9053229408999859,0.08504223012822781,-0.34932359918387046,-1.5215781281288188,-0.19379456778184626,-1.7195572554205087,0.6908955965262368,1.3094933969888642,-0.4335186461670662,-0.43187845555914317,-0.30333176199009326,-1.6308334318463718,-1.4622806171080152,-0.33617424082031067
-0.15665494467176583,1.2998101767871337,0.8573874110258466,1.4168726063661499,-0.34932359918387046,-1.5215781281288188,-0.19379456778184626,-1.7195572554205087,0.6908955965262368,1.3094933969888642,-0.3912132811793108,-0.3767143977725221,-0.3042354746884672,-0.6623152217735764,-0.6140809882495041,-0.5970510476418744
-0.36164333226811407,1.3463716146057247,0.8573874110258466,0.44019699712500715,-0.34932359918387046,-1.5215781281288188,-0.19379456778184626,-1.7195572554205087,0.6908955965262368,1.3094933969888642,-0.3571003334132016,-0.25093054991025937,-0.1778249570144725,-0.15594830757003744,0.6220900254501314,0.6440050371526175
-0.5565808265152078,1.1135644255127697,0.15433297287180597,2.000341152146573,-0.34932359918387046,-1.5215781281288188,-0.19379456778184626,-1.7195572554205087,0.6908955965262368,1.3094933969888642,-0.34281782869171223,0.1926039112475077,-0.14607018204606442,-0.3608941074030196,1.9326381963007662,1.2080031475745634
-0.5940244083267885,1.0902837066034738,0.04248340316548141,1.3661362110808954,-0.34932359918387046,-1.5215781281288188,-0.19379456778184626,-1.7195572554205087,0.6908955965262368,1.3094933969888642,-0.3225743003005706,-0.33709254498820945,-0.20551576103670058,-0.5557911020297518,-0.29280886140927415,0.4185428352431774
-1.0607855021356916,1.229968020059247,0.17031148282985203,0.8460881594070404,-0.34932359918387046,-1.5215781281288188,-0.19379456778184626,-1.7195572554205087,0.6908955965262368,1.3094933969888642,-0.30394525789749266,-0.41817528350088956,-0.19736572479640277,-0.5932269046767639,-1.4934178089563477,0.40706618351451873
-0.5086813823312618,0.9738801120569964,1.784140988592537,2.1144980415383947,-0.34932359918387046,-1.5215781281288188,-0.19379456778184626,-1.7195572554205087,0.6908955965262368,1.3094933969888642,-0.26505924390389834,-0.43341998821661887,-0.34058789612185847,-1.059891025621766,-1.6371984358380371,-0.2639152307092994
1.5405304639560249,1.323090895696429,2.5670879765368095,0.14846272423479553,-0.34932359918387046,-1.5215781281288188,-0.19379456778184626,-1.6511749620164573,0.6908955965262368,1.3094933969888642,-0.24605750582850305,-0.39111302624701033,-0.32440406693322843,-0.5079016092885105,-0.6663688745183385,-1.025873106849293
1.0934610801051132,1.2998101767871337,0.7135808214034294,1.835447867469497,-0.16350792688838758,-1.5215781281288188,-0.19379456778184626,-1.6511749620164573,0.6908955965262368,1.3094933969888642,0.08667839155963937,-0.35699879075395313,-0.27741071541836776,1.5408844989839552,-0.15879352480335265,-1.0929658933508557
2.918008151990294,1.229968020059247,3.4938415541035006,1.3153998157956415,-0.30286968110999973,-1.5215781281288188,-0.19379456778184626,-1.6511749620164573,0.6908955965262368,1.3094933969888642,-0.10834484544858497,-0.3427157468833308,-0.19018539152761407,1.0939079969072303,-0.36422842409266404,0.40542437207693477
0.02742390720160047,1.067002987694179,-0.3569793457856782,-1.3609450355015162,-0.256415763036129,-1.5215781281288188,-0.19379456778184626,-1.6511749620164573,0.6908955965262368,1.3094933969888642,3.5761384345658067,-0.32247145432084834,-0.1908486681009435,2.9180760064471785,-0.5595905368832709,0.6452993251574434
-0.4944056770111801,0.4849850149617911,-0.1812157362471683,0.6431425782660236,-0.11705400881451687,-1.5215781281288188,-0.19379456778184626,-1.6511749620164573,0.6908955965262368,1.3094933969888642,-0.3078855982989972,-0.3038417086915326,0.014883628491101317,0.0280923006414502,-0.5971156793983692,1.144557899995679
-1.238572375835579,0.08921279350376782,0.3141180724522698,2.279391326215471,-0.34932359918387046,-1.5215781281288188,-0.19379456778184626,-1.6511749620164573,0.6908955965262368,1.3094933969888642,-0.3549140670390109,-0.2649542267928935,0.8492475278547791,-0.49362886984550686,-1.0648934858545092,2.3420362220114495
-0.4322170285397124,0.7876343607826327,1.975883108089094,2.139866239181022,-0.34932359918387046,-1.5215781281288188,-0.19379456778184626,-1.6511749620164573,0.6908955965262368,1.3094933969888642,-0.40469852824686114,-0.24595177142240116,0.03429845831222922,-1.2376409628620058,-0.5115867567310033,2.7563387959117525
2.0282809927816663,1.6490209604265662,2.3913243669982993,2.000341152146573,-0.34932359918387046,-1.5215781281288188,-0.19379456778184626,-1.5827926686124059,0.6908955965262368,1.3094933969888642,-0.3629254223801799,0.08679668638662792,-0.056149235310395056,-0.4314531414983263,1.5420887426512464,2.528445022813965
2.0862743810758837,1.4860559280614971,1.6882699288442584,1.5944499898645395,-0.34932359918387046,-1.5215781281288188,-0.19379456778184626,-1.5827926686124059,0.6908955965262368,1.3094933969888642,-0.2542197479682987,-0.10823391253823579,-0.16806095399537718,2.028533694244574,1.0940455392108643,0.96175838868142
1.6381918449932713,1.8119859927916346,1.400656749599424,0.5036174912315748,-0.11705400881451687,-1.5215781281288188,-0.19379456778184626,-1.5827926686124059,0.6908955965262368,1.3094933969888642,-0.20962313960853826,3.5763884527420085,-0.20639825937393816,2.0865150340089875,2.922566892817616,-0.4675916476121672
1.4177650166924713,1.742143836063748,1.0171725106063105,0.03430583484297359,-0.16350792688838758,-1.5215781281288188,-0.19379456778184626,-1.5827926686124059,0.6908955965262368,1.3094933969888642,-0.17879852109678193,-0.30778219783663313,-0.2985711115802147,1.6385255901899853,0.02568629300155968,-0.05411125441179871
0.6650749968609461,1.3929330524243155,0.3940106222425017,-1.031158466147364,0.022307745407095292,-1.5215781281288188,-0.19379456778184626,-1.5827926686124059,0.6908955965262368,1.3094933969888642,-0.16225418122132165,-0.35481244185056726,-0.2863201005012397,1.4181445570959932,-0.49727995565264244,0.46138912312359
-0.8699648281199291,1.3463716146057247,0.25020403262008395,1.0870860370119977,1.2765635334016046,-1.5215781281288188,-0.19379456778184626,-1.5827926686124059,0.6908955965262368,1.3094933969888642,-0.26239111162959516,-0.4045987823680781,-0.19727224404960975,0.6656109138515932,-1.2430676201153155,1.046433165206268
-1.213024303031668,1.0902837066034738,0.2981395624942232,1.1124542346546247,0.8584782707367681,-1.5215781281288188,-0.19379456778184626,-1.5827926686124059,0.6908955965262368,1.3094933969888642,-0.37953494142316907,-0.3628240996117509,-0.4160993871649387,-0.8691099959283267,-0.43495584605072884,-0.01966089952748064
-0.537835138788687,1.2066873011499513,0.0904189330396201,1.4041885075448362,-0.256415763036129,-1.5215781281288188,-0.19379456778184626,-1.5144103752083544,0.6908955965262368,1.3094933969888642,-0.3838265163171479,-0.2541143216780252,-0.47059884733971236,-1.2120981978479253,2.030901703924517,-1.8306495855647893
-0.720019027503459,1.1601258633313605,1.4485922794735626,1.7847114721842425,-0.34932359918387046,-1.5215781281288188,5.1601033581379605,-1.5144103752083544,0.6908955965262368,1.3094933969888642,-0.37479536618561043,-0.2095160298444481,-0.4335764927182183,-0.537049308850246,2.0890214151109316,-1.7358168520980786
0.9994736072324868,1.8119859927916346,1.4645707894316093,0.9602450487988622,-0.34932359918387046,-1.5215781281288188,-0.19379456778184626,-1.5144103752083544,0.6908955965262368,1.3094933969888642,-0.39248505345694834,-0.17869024773662287,-0.4314848206673526,-0.7191953475949164,1.6399628525610663,-1.4696372165441245
1.0324399098984707,2.0447931818845895,1.1450005902706817,0.5543538865168288,0.4868469261458025,0.6572123912097525,-0.19379456778184626,-1.5144103752083544,0.6908955965262368,1.3094933969888642,-0.3354244484227342,-0.16214528333019446,-0.37633211593722654,0.9999400505858443,1.41905588410485,-0.6245724264103173
0.26229681968176266,0.6712307662361552,-0.3250223258695855,-0.041798758084907635,2.9489045840609505,0.6572123912097525,-0.19379456778184626,-1.5144103752083544,0.6908955965262368,1.3094933969888642,-0.3311153016804969,-0.2622859937994776,-0.2505741550598639,1.0328995042731448,0.6647263328882921,0.6070298553160242
-0.9077984206393566,0.18233566914094987,0.33009658241031586,1.188558827582506,-0.07060009074064617,0.6572123912097525,-0.19379456778184626,-1.5144103752083544,0.6908955965262368,1.3094933969888642,-0.3359277291462477,-0.3794342456461514,0.19286902434675784,0.26291641664033316,-0.8736571606733017,1.9127344056122606
-1.3674707323590383,0.5548271716896778,0.2342255226620379,1.4802931004727176,2.1127340587312773,0.6572123912097525,-0.19379456778184626,-1.5144103752083544,0.6908955965262368,1.3094933969888642,-0.40338773829136165,-0.3837259825424491,-0.33671841754095483,-0.9069357282557482,-1.2174638977530399,-0.3044876807833308
0.1402723562794001,0.2288971069595407,0.5218387019068729,1.8735001639334372,-0.34932359918387046,0.6572123912097525,-0.19379456778184626,-1.446028081804303,1.2035094366430976,0.7853966046998287,-0.4062109451750235,-0.37469449149474465,-0.417784468794792,-1.3665125398553157,-0.5408040167522384,-1.5006593292631298
1.0192565264299143,0.9040379553291101,1.784140988592537,1.3788203099022092,-0.34932359918387046,0.6572123912097525,-0.19379456778184626,-1.446028081804303,1.2035094366430976,0.7853966046998287,-0.3443541964687466,-0.3923848465326783,-0.43302603606920836,0.1409173046690111,-0.7233847437344583,-1.6439085611032802
0.18781644926649402,1.5326173658800888,0.10639744299766672,-0.46037401918825466,-0.2099618449622583,0.6572123912097525,-0.19379456778184626,-1.446028081804303,1.2035094366430976,0.7853966046998287,-0.31345648275002064,-0.33532208752222986,-0.39072778109739237,1.019718859744204,0.9998533400797324,-0.6766670632539792
-0.0073618373727207306,1.3463716146057247,0.0904189330396201,0.8968245546922945,0.2081234177025781,0.6572123912097525,-0.19379456778184626,-1.446028081804303,1.2035094366430976,0.7853966046998287,-0.37266447304868994,-0.3310127781143554,-0.356620566495444,0.18845152004008328,1.032891450909031,-0.17096764793916863
0.4604280966570602,0.8807572364198147,1.4485922794735626,1.8227637686481832,-0.34932359918387046,0.6572123912097525,-0.19379456778184626,-1.446028081804303,1.2035094366430976,0.7853966046998287,-0.4144785561874177,-0.33582538724404726,-0.34234046215121783,-0.0066862169524755976,0.261070812519625,-0.3756432857813082
0.27118424797272356,1.1601258633313605,1.9599045981310474,1.7973955710055562,-0.34932359918387046,0.6572123912097525,-0.19379456778184626,-1.446028081804303,1.2035094366430976,0.7853966046998287,-0.38045393986314235,-0.40328794293167297,-0.32210033597181864,0.4610065304646923,-0.9115731634289617,-0.570283364871735
0.322246828580424,1.7654245549730436,1.1769576101867743,1.7593432745416155,-0.34932359918387046,0.6572123912097525,-0.19379456778184626,-1.446028081804303,1.2035094366430976,0.7853966046998287,-0.3661945587346451,-0.4061112563883466,-0.30347442444323997,0.2718019985062481,-1.3722467468036914,-0.6076698191984587
0.6790876547344873,1.7887052738823388,0.4099891322005478,1.0997701358333114,-0.34932359918387046,0.6572123912097525,-0.19379456778184626,-1.3776457884002515,1.2035094366430976,0.7853966046998287,-0.32983519592885435,-0.3442521726565899,-0.2645949457952075,0.32285397050765,0.13878055186710794,-1.0737187779490074
0.8209391826061561,1.3696523335150197,0.3780321122844551,1.6578704839711071,-0.34932359918387046,0.6572123912097525,-0.19379456778184626,-1.3776457884002515,1.2035094366430976,0.7853966046998287,-0.32666496484935037,-0.3133532925825299,-0.2455964012310993,0.679620660497993,1.0196793510095559,-0.5224570006293943
0.8934497982864905,1.3696523335150197,0.47390317203273363,1.3534521122595822,-0.34932359918387046,0.6572123912097525,-0.19379456778184626,-1.3776457884002515,1.2035094366430976,0.7853966046998287,-0.29008629515187906,-0.3725635179189089,0.08708357517551427,0.8214427177280661,0.18642820678616784,1.5236283734281098
0.8014222295509371,1.509336646970793,0.5537957218229655,1.6451863851497939,-0.34932359918387046,0.6572123912097525,-0.19379456778184626,-1.3776457884002515,1.2035094366430976,0.7853966046998287,-0.26972391533920737,-0.41437917949413033,-0.10790688541477608,0.8939382688236291,-0.00917522289758139,1.0772410810924937
1.008775855144424,1.2066873011499513,0.7295593313614754,1.6832386816137341,-0.34932359918387046,0.6572123912097525,-0.19379456778184626,-1.3776457884002515,1.2035094366430976,0.7853966046998287,-0.32299471954607784,-0.38035327877732356,3.5759571649851902,0.8019298194555989,0.4596336648292551,2.8990044506667028
0.05979662013731381,1.4394944902429063,1.5923988690959805,1.1124542346546247,-0.34932359918387046,0.6572123912097525,-0.19379456778184626,-1.3776457884002515,1.2035094366430976,0.7853966046998287,-0.27543846561082513,-0.36609335937258397,-0.307414102614716,1.0092403658910738,0.2699775996664646,0.012830355753705693
-1.1423601271945476,1.1368451444220646,0.6656452915292902,1.049033740548057,-0.34932359918387046,0.6572123912097525,-0.19379456778184626,-1.3776457884002515,1.2035094366430976,0.7853966046998287,-0.3394540001453032,-0.32973262404010284,-0.35443466755429104,0.06045828792087544,0.32115140627863076,-0.5082030756812759
0.06149894938220915,0.5781078905989732,0.9213014508580325,1.3661362110808954,-0.34932359918387046,0.6572123912097525,-0.19379456778184626,-1.3092634949961999,1.2035094366430976,0.7853966046998287,-0.38493170904755103,-0.3265622732877983,-0.4042107617781234,-1.1414487029848557,0.6787695135424814,-1.2512344031079254
-0.21587126644838642,0.5082657338710865,-0.3090438159115395,-0.016430560442280636,0.4868469261458025,0.6572123912097525,-0.19379456778184626,-1.3092634949961999,1.2035094366430976,0.7853966046998287,-0.33693255351975593,-0.2899822227850382,-0.36244467647369555,0.06216026349502922,0.8209300265552213,-0.44610930811868343
-0.03930805590481791,0.27545854477813153,0.12237595295571332,0.1991991195200495,-0.2099618449622583,0.6572123912097525,-0.19379456778184626,-1.3092634949961999,1.2035094366430976,0.7853966046998287,-0.3596306357510494,-0.269619074314513,-0.25375727159046635,-0.2151523267439165,0.89359858697645,2.0106347437197285
0.4336953982513178,0.9273186742384055,0.3620536023264091,0.7572994676578457,-0.07060009074064617,0.6572123912097525,-0.19379456778184626,-1.3092634949961999,1.2035094366430976,0.7853966046998287,-0.3373714335305664,-0.3228918894367282,-0.20916815832255475,-0.03862579843546361,0.8013705611028253,2.068539651792469
0.21679800267985563,0.9971608309662923,0.26618254257813057,-0.43500582154562767,-0.30286968110999973,0.6572123912097525,-0.19379456778184626,-1.3092634949961999,1.2035094366430976,0.7853966046998287,-0.22375742119585196,-0.2753338403042338,-0.17834872032464125,0.43427938596298904,1.009175850419762,1.6211407529864272
-1.0294813966492504,0.9971608309662923,0.07444042308157406,1.163190629939879,-0.34932359918387046,0.6572123912097525,-0.19379456778184626,-1.3092634949961999,1.2035094366430976,0.7853966046998287,-0.25204245572167233,-0.33935179135602583,-0.16180716095988584,0.21742705233413556,0.058129521126100196,1.40105022879134
-0.8855426365422507,0.25217782586883614,0.6976023114453828,1.5056612981153445,-0.34932359918387046,0.6572123912097525,-0.19379456778184626,-1.3092634949961999,1.2035094366430976,0.7853966046998287,-0.38464763461360835,-0.3848312169926845,-0.26192726193833327,-1.0285934237809826,-1.1466457991442207,0.64950858434565
0.7666558213353748,0.950599393147701,1.4645707894316093,-0.7901605885424068,-0.34932359918387046,0.6572123912097525,-0.19379456778184626,-1.2408812015921484,1.2035094366430976,0.7853966046998287,-0.3976016598321464,-0.33683024954859075,-0.37905140405169735,-0.8846845679525935,0.059835558434276744,-0.8831892380779454
2.6928129046516047,1.5326173658800888,3.046443275278201,0.6050902818020828,-0.34932359918387046,0.6572123912097525,-0.19379456778184626,-1.2408812015921484,1.2035094366430976,0.7853966046998287,-0.1637018882862949,-0.3595291886079824,-0.3833422576857152,0.7671706342031691,-0.2181388333015996,-1.225725308870477
2.364064524244852,2.5336882789797945,0.8414089010678006,0.14846272423479553,-0.34932359918387046,0.6572123912097525,-0.19379456778184626,-1.2408812015921484,1.2035094366430976,0.7853966046998287,-0.07463623710570366,-0.3372691461266478,-0.3743126253669044,2.69292754498752,-0.04119102761593916,-0.5515662773469023
1.3166497241761443,1.8818281495195213,0.9692369807321712,-0.10521925219147535,-0.256415763036129,0.6572123912097525,-0.19379456778184626,-1.2408812015921484,1.2035094366430976,0.7853966046998287,-0.034374816020072786,-0.22365084498563156,-0.3919993396356811,2.3642474643434803,0.4328427364790628,-0.7334722090169634
0.18646363382712858,0.9273186742384055,0.5058601919488263,0.5924061829807695,-0.34932359918387046,0.6572123912097525,-0.19379456778184626,-1.2408812015921484,1.2035094366430976,0.7853966046998287,-0.2543918637530704,-0.2519369472409672,-0.33494832444453826,1.3170502719850168,0.21547288866563938,0.9833970044355471
-0.6913410184389559,1.4394944902429063,0.2981395624942232,0.3894606018397527,-0.34932359918387046,0.6572123912097525,-0.19379456778184626,-1.2408812015921484,1.2035094366430976,0.7853966046998287,-0.31412958482775893,-0.3845471318352387,-0.33063990191546005,0.1870989856575352,-1.0335211928511978,1.016313010578997
-1.038947091518261,1.4394944902429063,0.3780321122844551,0.8714563570496674,-0.34932359918387046,0.6572123912097525,-0.19379456778184626,-1.2408812015921484,1.2035094366430976,0.7853966046998287,-0.3404124301075164,-0.3975016460542428,-0.33545152058459604,-0.6905232965862729,-0.8892689011329102,0.2473449238100213
0.39253412784018593,0.8109150796919281,0.5378172118649189,0.4528810959463204,-0.34932359918387046,0.6572123912097525,-0.19379456778184626,-1.172498908188097,1.2035094366430976,0.7853966046998287,-0.3534306623727414,-0.1635930450445464,-0.4029001921194463,-1.0380571520860433,0.7665284236814647,-0.9209651080751361
1.6214885145562736,1.3463716146057247,2.135668207669558,1.1124542346546247,-0.34932359918387046,0.6572123912097525,-0.19379456778184626,-1.172498908188097,1.3911391244573632,0.06946707239107,-0.2706236943468363,-0.0745240317317832,-0.40572292452319403,0.39312666709209154,2.69688111861389,-1.3799361000557213
1.8360407381632682,1.4162137713336114,2.2954533072500216,1.0109814440841167,-0.34932359918387046,0.6572123912097525,-0.19379456778184626,-1.172498908188097,1.3911391244573632,0.06946707239107,0.14898790591788458,-0.034261090820974754,-0.343876571719881,1.6218257299860699,2.367416648883174,0.1255066325190843
1.1824820274717924,1.3696523335150197,0.5697742317810116,0.9095086535136082,-0.30286968110999973,0.6572123912097525,-0.19379456778184626,-1.172498908188097,1.3911391244573632,0.06946707239107,-0.17414201820318673,-0.25428644395998196,-0.312984050799683,1.8363333788762437,1.317720339305087,1.0031497409324368
2.142036061699501,1.1601258633313605,2.023818637963233,0.8334040605857267,-0.30286968110999973,0.6572123912097525,-0.19379456778184626,-1.172498908188097,1.3911391244573632,0.06946707239107,-0.20737959605085102,-0.314026420069145,-0.37218209035676464,1.1829104495528888,0.18507244460470065,0.17297818772211085
0.3408903619587785,2.0680739007938844,0.5378172118649189,-0.40963762390300046,-0.07060009074064617,0.6572123912097525,-0.19379456778184626,-1.172498908188097,1.3911391244573632,0.06946707239107,-0.25560708378047725,-0.3403102574979353,-0.4139891460464278,2.1422651297555926,-0.6946442673930115,-0.021902316384692897
-0.168740533734432,1.3696523335150197,0.7774948612356147,0.8460881594070404,-0.34932359918387046,0.6572123912097525,-0.19379456778184626,-1.172498908188097,1.3911391244573632,0.06946707239107,-0.29984877099271867,-0.35332898118737316,-0.379970248040963,0.3414936305622658,-1.043007506173237,0.44517391289037184
0.8351357183064072,1.6490209604265662,0.7295593313614754,-0.8535810826489745,0.39393908999806104,0.6572123912097525,-0.19379456778184626,-1.1041166147840455,1.3911391244573632,0.06946707239107,-0.27014659437368477,-0.27051888728782797,-0.36571326340348154,-0.16803138576751184,0.39159180738652316,0.2562187925962408
2.937996839231897,1.951670306247407,2.966550725487969,0.7826676653004727,-0.2099618449622583,0.6572123912097525,-0.19379456778184626,-1.1041166147840455,1.3911391244573632,0.06946707239107,-0.2714516121455154,0.14910855286176744,-0.3293600113037247,0.8356363039992782,1.6232231384418563,0.3072034672809688
2.3771774941805615,2.161196776431067,1.3047856898511454,-0.48574221683088165,-0.34932359918387046,0.6572123912097525,-0.19379456778184626,-1.1041166147840455,1.3911391244573632,0.06946707239107,1.3441964024357964,-0.17403356906507084,-0.3261903130264672,2.9380605408999716,1.8382427059687436,0.6634998631773968
1.1394009849889497,1.5326173658800888,0.2821610525361772,-1.3609450355015162,-0.2099618449622583,0.6572123912097525,-0.19379456778184626,-1.1041166147840455,1.3911391244573632,0.06946707239107,-0.07882288014383862,-0.2072724015954138,-0.28961779089265993,2.3773577099684755,1.1832603946051345,0.8051349688848826
1.5610536373407453,1.695582398245157,0.9213014508580325,0.6304584794447103,1.6017409599186996,0.6572123912097525,-0.19379456778184626,-1.1041166147840455,1.3911391244573632,0.06946707239107,-0.23048816643654205,-0.2555017098606328,-0.269258833266396,1.1398383574562818,2.144904557455916,0.8775349554827727
-0.024060424929268312,1.6723016793358612,0.3141180724522698,-0.9677379720407965,-0.30286968110999973,0.6572123912097525,-0.19379456778184626,-1.1041166147840455,1.3911391244573632,0.06946707239107,-0.20553909516507157,-0.2997450671488007,-0.32252068455991545,1.5614034085366513,0.33983554954591205,0.7856477927469929
-0.6341506362887622,1.4394944902429063,0.457924662074687,-0.10521925219147535,-0.34932359918387046,0.6572123912097525,-0.19379456778184626,-1.1041166147840455,1.3911391244573632,0.06946707239107,-0.30064462856744834,-0.27004176930466756,-0.2749724231268808,-0.023381335261307513,-0.17090543904909924,0.9926850599545288
-1.0676535578654764,1.6024595226079745,0.15433297287180597,-0.5111104144735089,-0.34932359918387046,0.6572123912097525,5.1601033581379605,-1.035734321379994,1.3911391244573632,0.06946707239107,-0.3558057661087046,-0.2713468363395101,-0.33897719894385236,-0.6333447961357714,0.8351574855641732,0.0451536778037575
0.222804678352369,0.8341957986012235,1.033151020564357,0.769983566479159,-0.34932359918387046,0.6572123912097525,-0.19379456778184626,-1.035734321379994,1.3911391244573632,0.06946707239107,-0.39616241560950416,1.344362167210011,-0.38444726467282236,-1.0667576544652009,2.9425991200015784,-1.1551689450117986
1.0964903213653725,0.8807572364198147,1.7681624786344903,0.5416697876955151,-0.34932359918387046,0.6572123912097525,-0.19379456778184626,-1.035734321379994,1.3911391244573632,0.06946707239107,-0.3682107141738883,-0.07871083281117272,-0.33645617608313266,0.22343248007799715,2.380558181872988,0.046853409813467146
1.6902391205499538,1.5791788036986796,1.9439260881730007,0.6304584794447103,-0.34932359918387046,0.6572123912097525,-0.19379456778184626,-1.035734321379994,1.3911391244573632,0.06946707239107,-0.17077179393627587,-0.2303818443046876,-0.3591504435801364,1.0969366088215473,1.1400855117372866,-0.23009362367083544
-0.13358703350668774,0.8574765175105189,-0.13328020637302904,-1.005790268504737,2.763088911765468,0.6572123912097525,-0.19379456778184626,-1.035734321379994,1.3911391244573632,0.06946707239107,-0.2078451988348532,-0.205431831232713,-0.33689498233393955,1.6905620525631444,1.562656620211654,-0.053799794731499755
-1.060682982950566,0.11249351241306323,-0.2451297760793536,-0.4984263156521954,0.9978400249583802,0.6572123912097525,-0.19379456778184626,-1.035734321379994,1.3911391244573632,0.06946707239107,-0.3261813702759236,-0.3005409547662946,-0.22330006444360292,-0.13288518892395798,-0.02591018380526069,0.41848200042842737
-1.4320899246430834,-0.3298401468635513,0.47390317203273363,0.5543538865168288,-0.30286968110999973,0.6572123912097525,-0.19379456778184626,-1.035734321379994,1.3911391244573632,0.06946707239107,-0.21374414632953131,-0.3557041745809381,-0.25158034526864836,-1.0597885277357144,-0.6373293114820574,0.20191552412487543
-0.16226358322336484,-0.0737522388613009,0.5058601919488263,0.6431425782660236,-0.34932359918387046,0.6572123912097525,-0.19379456778184626,-0.9673520279759426,1.3911391244573632,0.06946707239107,-0.2255054617804638,-0.3960623475016851,-0.3841632379816129,-1.4311183070526903,-1.0717765017838805,-1.0424624329792054
0.29631786599261967,-0.027190801042709663,0.6336882716131975,0.8207199617644134,-0.34932359918387046,0.6572123912097525,-0.19379456778184626,-0.9673520279759426,1.3911391244573632,0.06946707239107,-0.20643112072891617,-0.3681095909195182,-0.39711508609268925,-0.16155578088796524,0.2214926482545397,-0.8987432795161352
0.4417736181699745,0.5082657338710865,1.3527212197252847,-0.2447443392259245,-0.34932359918387046,0.6572123912097525,-0.19379456778184626,-0.9673520279759426,1.3911391244573632,0.06946707239107,-0.15155861933998016,-0.17066321757583258,-0.16325462471717672,0.29693039484217804,1.097081378852912,0.7509344274659677
0.3686482522158189,1.1135644255127697,0.13835446291375939,-0.5364786121161359,-0.34932359918387046,-1.5215781281288188,-0.19379456778184626,-0.9673520279759426,1.3911391244573632,0.06946707239107,-0.24771671757848077,-0.20773802195541838,-0.07420394228108712,0.44235592757526776,1.6921234990135126,2.674152782586722
-1.3338152526798503,1.0204415498755877,0.01052638324938819,-0.029114659263594134,-0.34932359918387046,-1.5215781281288188,5.1601033581379605,-0.9673520279759426,1.3911391244573632,0.06946707239107,-0.2622598699678353,-0.32607866045919853,-0.03394928769766574,0.3692457539245291,-0.13567536644042977,2.3459059719341115
-1.2618799848819018,0.6013886095082686,-0.021430636666704465,-0.815528786185034,-0.256415763036129,-1.5215781281288188,5.1601033581379605,-0.9673520279759426,1.3911391244573632,0.06946707239107,-0.35477717623483945,-0.2136371921289956,-0.253929358448742,-1.3328640523361295,-1.0647907433591004,1.3000892073693517
-1.5830897392305145,0.6479500473268598,-0.06936616654084372,-0.07985105454884836,-0.11705400881451687,-1.5215781281288188,5.1601033581379605,-0.9673520279759426,1.3911391244573632,0.06946707239107,-0.3523550908371638,-0.2253989515568882,-0.3136570397530811,-1.2609437295904278,-1.437006694499704,0.17162743626647203
-1.2604312173226448,-0.49280517922861955,-0.1812157362471683,-0.2066920427619838,-0.30286968110999973,-1.5215781281288188,5.1601033581379605,-0.8989697345718911,1.3911391244573632,0.06946707239107,-0.38802933072001555,-0.2063238904695596,-0.339935467828332,-1.5820867503783278,-0.16441438025525643,-0.7048379538469676
-0.12691708424497414,0.6945114851454506,-0.3889363657017714,-1.1326312567178725,-0.34932359918387046,-1.5215781281288188,-0.19379456778184626,-0.8989697345718911,1.3911391244573632,0.06946707239107,-0.3748747687853597,-0.15144931770293946,-0.3529515121951915,-1.2594952630227088,0.29516596446720983,-1.0519136860850584
0.19005910204582774,0.9273186742384055,-0.2611082860374002,-0.7774764897210933,-0.34932359918387046,-1.5215781281288188,-0.19379456778184626,-0.8989697345718911,1.3911391244573632,0.06946707239107,-0.34830264501346564,-0.24761104580583104,-0.2701584610534152,-0.12621662539059783,0.4409385526122871,0.37738352956099136
0.2148318963144993,-0.05047151995200508,0.3780321122844551,0.3133560089118717,-0.34932359918387046,-1.5215781281288188,-0.19379456778184626,-0.8989697345718911,1.3911391244573632,0.06946707239107,-0.36361739562719475,-0.26215474718348675,0.14938261753711335,0.19069370689270282,0.36765390285023575,1.6044629067368508
-0.26989887701177734,0.3685814204153136,0.9852154906902179,0.26261961362661723,-0.34932359918387046,-1.5215781281288188,-0.19379456778184626,-0.8989697345718911,1.2035094366430978,-0.6464624599176886,-0.418217570307811,-0.3546755458789157,-0.17369300002232743,0.21546135444105233,-1.3385179577756898,1.818687789093032
-1.2541472655622348,0.9273186742384055,-0.13328020637302904,-0.8028446873637203,-0.34932359918387046,-1.5215781281288188,-0.19379456778184626,-0.8989697345718911,1.2035094366430978,-0.6464624599176886,-0.47472974610854074,-0.3522533690501313,-0.20692499182414736,-0.26916871269541165,-1.2664259984764088,1.1661262096465328
-1.3087794109646298,-0.05047151995200508,-0.2451297760793536,0.09772632894954131,-0.34932359918387046,-1.5215781281288188,-0.19379456778184626,-0.8989697345718911,1.2035094366430978,-0.6464624599176886,-0.481758739074485,-0.38792895559702284,-0.25514437424120684,-1.2532126167969861,-1.5883354212935248,2.1242162570998024
0.031028496344242495,-0.4229630225007333,0.13835446291375939,0.4782492935889474,-0.34932359918387046,-1.5215781281288188,-0.19379456778184626,-0.8305874411678396,1.2035094366430978,-0.6464624599176886,-0.46471630308426287,-0.3747738970918563,-0.29937862601112647,-1.3078334119911676,-1.2649740751693401,0.3258185563140117
0.025592425673659835,0.18233566914094987,1.3846782396413775,0.3133560089118717,-0.34932359918387046,-1.5215781281288188,-0.19379456778184626,-0.8305874411678396,1.2035094366430978,-0.6464624599176886,-0.2918944263418677,-0.3482007702509786,-0.2696814412636734,0.03169614090562531,-0.12899088850042492,-0.1830347980792542
0.411290031001527,0.4849850149617911,-0.7564420947368381,-1.3609450355015162,2.6237271575438554,-1.5215781281288188,-0.19379456778184626,-0.8305874411678396,1.2035094366430978,-0.6464624599176886,-0.4218686778348778,-0.36351609898000875,-0.2709862397087789,0.026261199616536276,0.1886757445772867,0.819309845001862
0.4117427936661049,-0.7488930872308699,-0.3090438159115395,-0.1940079439406703,1.2301096153277338,-1.5215781281288188,-0.19379456778184626,-0.8305874411678396,1.2035094366430978,-0.6464624599176886,-0.23811953242982997,-0.41811833475826987,1.3443902423342955,0.41187867358408997,0.21350249966997392,2.918962641268496
0.3098478445710455,0.08921279350376782,-0.053387656582797115,-0.6379514026866443,-0.34932359918387046,-1.5215781281288188,-0.19379456778184626,-0.8305874411678396,1.2035094366430978,-0.6464624599176886,-0.18770804284742904,-0.4746326438326225,-0.07838988169454605,0.412331342184075,-0.27228412838430543,2.3589989354773984
-0.80086069511418,-0.2599979901356646,0.3141180724522698,-0.2066920427619838,-0.34932359918387046,-1.5215781281288188,-0.19379456778184626,-0.8305874411678396,1.2035094366430978,-0.6464624599176886,-0.010606202944383174,-0.48166190213546234,-0.23002967848719877,0.3104575624734434,-1.25867643552167,1.1231108956940012
-1.47212822689823,0.4849850149617911,0.5058601919488263,-0.6379514026866443,-0.34932359918387046,-1.5215781281288188,-0.19379456778184626,-0.8305874411678396,1.2035094366430978,-0.6464624599176886,-0.027523990614467152,-0.4646188228116815,-0.2050848002606167,-0.8000202197868789,-1.3134275822588228,1.5441202347101939
-0.10262806378229003,0.6945114851454506,-0.037409146624750506,-0.06716695572753485,-0.34932359918387046,-1.5215781281288188,-0.19379456778184626,-0.7622051477637881,1.2035094366430978,-0.6464624599176886,-0.3174236519745661,-0.29179042223002716,-0.30017434983071556,-1.4711482910720481,0.02929873376555153,-0.03857542699000836
0.2764196583165387,0.5781078905989732,-0.2611082860374002,-0.14327154865541608,-0.30286968110999973,0.6572123912097525,-0.19379456778184626,-0.7622051477637881,1.2035094366430978,-0.6464624599176886,-0.11012505825268741,-0.42176958011070387,-0.3553262167613231,-0.1019326511408626,0.023850822087062757,-0.647734826775807
0.34047554233780764,-0.05047151995200508,-0.053387656582797115,-0.25742843804723803,-0.30286968110999973,0.6572123912097525,-0.19379456778184626,-0.7622051477637881,1.2035094366430978,-0.6464624599176886,-0.10510735456133175,-0.23801349837380253,-0.39567608375542884,0.2770363211571482,0.41038856520393435,-1.0805763551206333
0.47418354447537553,0.01937063677588116,1.0651080404804498,-0.2447443392259245,-0.34932359918387046,0.6572123912097525,-0.19379456778184626,-0.7622051477637881,1.2035094366430978,-0.6464624599176886,0.003518824189404894,-0.18760010581209685,-0.3677290799992397,0.3410788971229566,0.4108423140893721,0.2079130354424601
0.343018820770334,0.43842357714320024,1.0651080404804498,0.16114682305610903,-0.34932359918387046,0.6572123912097525,-0.19379456778184626,-0.7622051477637881,1.2035094366430978,-0.6464624599176886,0.12334881916667272,-0.010491580505803415,-0.17032334216935166,0.4747591204930443,0.3087254144401457,1.0802657006545646
-0.838726028448928,0.5781078905989732,-0.005452126708657854,-0.8028446873637203,-0.34932359918387046,0.6572123912097525,-0.19379456778184626,-0.7622051477637881,1.2035094366430978,-0.6464624599176886,0.03789039316801538,-0.027410006804106577,-0.20739051635700534,0.34362164717169824,-0.8044025030267135,1.6731086202759957
-1.4224403519473616,0.3685814204153136,-0.08534467649888977,0.008937637200346363,-0.34932359918387046,0.6572123912097525,-0.19379456778184626,-0.7622051477637881,1.2035094366430978,-0.6464624599176886,-0.1923060419356,-0.31732061156343044,-0.3257067997279598,-0.8378776863352457,-1.4771322093542225,-0.14793493137038738
0.24964500366065442,-0.3996823035914375,0.745537841319522,0.04698993366428709,-0.34932359918387046,0.6572123912097525,-0.19379456778184626,-0.6938228543597367,1.2035094366430978,-0.6464624599176886,-0.28685498256298875,-0.11001419254344959,-0.21328847244998475,-1.421470739122816,-0.104648960983959,-1.073616415176888
0.4980716091214933,0.4849850149617911,1.129022080312635,-0.016430560442280636,-0.34932359918387046,0.6572123912097525,-0.19379456778184626,-0.6938228543597367,1.2035094366430978,-0.6464624599176886,-0.11529034168822645,-0.10499629943919696,-0.2250478112452295,0.2502672291220059,0.2752244139340014,-1.444456703162394
0.37828396110714657,0.8807572364198147,1.2248931400609135,-0.07985105454884836,-0.34932359918387046,0.6572123912097525,-0.19379456778184626,-0.6938228543597367,1.2035094366430978,-0.6464624599176886,-0.16910846204808627,0.003633979832508809,-0.20597667590692773,0.498642222227573,0.33941982635272716,-0.17656772941907678
0.40085678852053935,1.2998101767871337,0.6177097616551509,-1.1453153555391862,-0.256415763036129,0.6572123912097525,-0.19379456778184626,-0.6938228543597367,1.2035094366430978,-0.6464624599176886,-0.27980762033244255,0.12346849826271206,-0.15111339661924586,0.3788794609303112,0.47341907516576404,0.2813140643812586
0.007574587677859874,0.717792204054746,-0.5806784851983279,-0.8535810826489745,4.667699552794168,0.6572123912097525,-0.19379456778184626,-0.6938228543597367,1.2035094366430978,-0.6464624599176886,-0.16019248518757126,0.03800684630073883,-0.24725533412703585,0.40144759868179847,0.34196864462861687,0.4265478954474953
-0.820646168170311,0.18233566914094987,-0.2770867959954463,-0.7774764897210933,-0.34932359918387046,0.6572123912097525,-0.19379456778184626,-0.6938228543597367,1.2035094366430978,-0.6464624599176886,-0.18645303562990526,-0.19219827846976914,-0.261796042333594,0.008247104951907077,-0.8423503157364648,0.35353409649719164
-1.0491410009549536,-0.5626473359565062,-0.053387656582797115,0.021621736021660086,-0.34932359918387046,0.6572123912097525,-0.19379456778184626,-0.6938228543597367,1.2035094366430978,-0.6464624599176886,-0.3051167179803412,-0.2867507882175864,-0.35429779975655856,-0.8198015822733601,-1.4273361028229012,-1.3463319683729777
-1.1636884957450353,-0.3764015846821421,0.745537841319522,0.021621736021660086,-0.34932359918387046,0.6572123912097525,5.1601033581379605,-0.6254405609556851,1.2035094366430978,-0.6464624599176886,-0.351280261378676,-0.1151796709628616,-0.35187612142464847,-1.0482489436671445,0.24839143794333768,-1.274506451852097
-0.18846252515991463,-0.05047151995200508,0.8414089010678006,-0.0037464616209671358,-0.34932359918387046,0.6572123912097525,-0.19379456778184626,-0.6254405609556851,1.2035094366430978,-0.6464624599176886,-0.2871720528757964,-0.16899982289866003,-0.38754436574607987,-1.1627726404184227,0.4973591734919932,-1.5952261380905113
-0.10864823842223917,0.34530070150601816,0.8094518811517074,-0.14327154865541608,-0.34932359918387046,0.6572123912097525,-0.19379456778184626,-0.6254405609556851,1.2035094366430978,-0.6464624599176886,-0.15488574905662247,-0.27970315995672473,-0.3743920146219219,-0.18774927981209505,0.3773106005241009,-1.2730598946702345
0.49811356537163093,1.928389587338112,0.7295593313614754,-1.1833676520031269,-0.34932359918387046,0.6572123912097525,-0.19379456778184626,-0.6254405609556851,1.2035094366430978,-0.6464624599176886,-0.43721112716724386,-0.1600835094696447,-0.3478243566718832,-0.10795157504765561,0.39993259672945064,-0.1412751584167888
0.14838888407862832,1.2532487389685423,0.04248340316548141,-1.3863132331441432,-0.256415763036129,0.6572123912097525,-0.19379456778184626,-0.6254405609556851,1.2035094366430978,-0.6464624599176886,-0.1232749697123911,-0.1863450512194056,-0.3631365334248029,0.4986841697610078,0.0057937371102929165,0.175217418897354
-1.2050785189286763,1.1368451444220646,0.6017312516971048,-0.2447443392259245,1.0907478611061217,0.6572123912097525,-0.19379456778184626,-0.6254405609556851,1.2035094366430978,-0.6464624599176886,-0.19063327594584603,-0.3050132129957345,-0.4177275317725264,0.14903214620313268,-0.8242310733781301,0.19995241743813372
-1.5430386676818462,0.6712307662361552,-0.5327429553241886,-0.7140559956145256,1.9269183864357948,0.6572123912097525,-0.19379456778184626,-0.6254405609556851,0.6908955965262368,-1.1705592522067243,-0.3785216822597435,-0.3511784990179919,-0.4742302099014873,-1.2041540645368496,-1.0532236202811982,-0.28403880457993075
-0.22261381826469656,-0.5859280548658017,-0.3090438159115395,-0.2954807345111785,-0.256415763036129,0.6572123912097525,-0.19379456778184626,-0.5570582675516337,0.6908955965262368,-1.1705592522067243,-0.3421775739068625,-0.28706787049945603,-0.4812580215455817,-1.542043999718358,-1.1680206257700232,-1.266785530303489
-0.07340900150942493,0.18233566914094987,-0.037409146624750506,-0.7394241932571526,-0.34932359918387046,0.6572123912097525,-0.19379456778184626,-0.5570582675516337,0.6908955965262368,-1.1705592522067243,-0.30043490706971615,-0.15477657301513642,-0.46421844977817317,-0.22189347774818743,-0.1906703894923255,-1.3213343237158182
0.328695321808784,-0.3996823035914375,-0.34100083582763213,-0.35890122861774626,-0.30286968110999973,0.6572123912097525,-0.19379456778184626,-0.5570582675516337,0.6908955965262368,-1.1705592522067243,-0.41561821284785666,-0.43711260860396767,-0.29142561820058577,-0.07271965933142446,-0.11068224894414025,0.016429445392782648
-0.13341665464742103,0.25217782586883614,0.0265048932074348,-0.2954807345111785,-0.34932359918387046,0.6572123912097525,-0.19379456778184626,-0.5570582675516337,0.6908955965262368,-1.1705592522067243,-0.2210921565001961,-0.12316460039811351,-0.4213780256792469,0.3293011240166879,0.4974012211324603,0.011001668507940833
0.029246997479513367,1.0204415498755877,0.6976023114453828,-0.18132384511935679,-0.34932359918387046,0.6572123912097525,-0.19379456778184626,-0.5570582675516337,0.6908955965262368,-1.1705592522067243,-0.3775735123470113,-0.1905254493349051,-0.2376597619213156,-0.1327148454620844,0.14691475932424808,0.3961108169350068
-1.0191981021579057,-0.027190801042709663,0.8573874110258466,-0.25742843804723803,-0.34932359918387046,0.6572123912097525,-0.19379456778184626,-0.5570582675516337,0.6908955965262368,-1.1705592522067243,-0.09479423183091812,-0.3784209482332863,-0.1872567447039342,0.029915012159676947,-1.2095008059110421,0.39656288882185964
-1.206385729748322,0.9273186742384055,0.01052638324938819,-1.4116814307867704,0.9049321888106389,0.6572123912097525,-0.19379456778184626,-0.5570582675516337,0.6908955965262368,-1.1705592522067243,-0.22968437868128985,-0.3420754679295541,-0.010184669274140818,-1.0183122657155963,-1.5481971093310363,0.2948234003392684
-0.017465632080849423,0.9040379553291101,0.2981395624942232,-1.005790268504737,-0.16350792688838758,0.6572123912097525,-0.19379456778184626,-0.4886759741475822,0.6908955965262368,-1.1705592522067243,-0.13426950011574504,-0.30033122535180234,-0.02709961367032729,-1.205461003774355,-0.22489607194120592,-0.8141905369011196
-0.029815727937888545,0.5082657338710865,-0.500785935408096,-0.8916333791129152,2.4379114852483728,0.6572123912097525,-0.19379456778184626,-0.4886759741475822,0.6908955965262368,-1.1705592522067243,0.1835028188984624,-0.4155188791753778,-0.31695055328523614,-0.016787912526974452,-0.07536625289624928,-1.4844339191807248
0.2623748947907221,0.15905495023165406,-0.46882891549200334,-1.0565266637899913,-0.30286968110999973,0.6572123912097525,-0.19379456778184626,-0.4886759741475822,0.6908955965262368,-1.1705592522067243,-0.30324411674778484,-0.220985479679111,-0.10968679902889597,-0.0291354425656954,0.3276139458032821,-0.11702319559072864
0.04910945113373059,0.6013886095082686,0.17031148282985203,-1.0818948614326185,-0.30286968110999973,0.6572123912097525,-0.19379456778184626,-0.4886759741475822,0.6908955965262368,-1.1705592522067243,-0.12885736241546383,-0.37747274252816365,-0.104669938633733,0.2629944755286457,-0.13550461645695555,0.2614462153007686
-0.08905138607326916,1.0204415498755877,0.20226850274594524,-0.5998991062227036,-0.34932359918387046,0.6572123912097525,-0.19379456778184626,-0.4886759741475822,0.6908955965262368,-1.1705592522067243,-0.17501872097946772,-0.09468278739953487,0.003937983948723772,0.04977333925098973,0.027513354387962968,0.32540436958125474
-1.3188492758356904,0.6945114851454506,0.2182470127039913,-0.25742843804723803,-0.34932359918387046,0.6572123912097525,-0.19379456778184626,-0.4886759741475822,0.6908955965262368,-1.1705592522067243,-0.18592692392223145,-0.22957802620731546,0.12374783979766692,-0.08835879408107142,-1.0232154989874478,0.45890837409098334
-1.482907334815171,0.8109150796919281,0.26618254257813057,-1.005790268504737,-0.34932359918387046,0.6572123912097525,-0.19379456778184626,-0.4886759741475822,0.6908955965262368,-1.1705592522067243,-0.3695936240477604,-0.1341595458331199,0.03830377629821471,-1.3179011847777582,-1.2108108641354751,0.3279437677466402
0.08480254522198853,-0.888577400686643,-0.11730169641498242,-0.7267400944358391,-0.34932359918387046,0.6572123912097525,-0.19379456778184626,-0.4202936807435307,0.6908955965262368,-1.1705592522067243,-0.30250878415090676,0.18362476874304612,-0.1918539710332171,-1.4819251595543428,-0.019301025986445102,-0.8519980992868283
0.30565367890466455,-0.027190801042709663,-0.516764445366142,-1.1706835531818132,-0.30286968110999973,0.6572123912097525,-0.19379456778184626,-0.4202936807435307,0.6908955965262368,-1.1705592522067243,-0.2656010917530011,-0.3031405410745034,-0.28638702137162925,0.08545901785067947,-0.031678023182989574,-1.4348218527713075
0.31607415209212625,0.34530070150601816,-0.16523722628912169,-0.9423697743981694,-0.34932359918387046,0.6572123912097525,-0.19379456778184626,-0.4202936807435307,0.6908955965262368,-1.1705592522067243,-0.06416934449607757,-0.12874720383048374,-0.11485121436537549,0.3062642681741531,0.26114905769406715,0.23471241060112255
0.3189983203085576,0.717792204054746,-0.3090438159115395,-1.5765747154638463,-0.34932359918387046,0.6572123912097525,-0.19379456778184626,-0.4202936807435307,0.6908955965262368,-1.1705592522067243,-0.04697068320203822,-0.1749103049359351,-0.1686602898276508,0.31668257643582814,0.04741907301885297,0.48275999283675425
0.5607794205838489,0.01937063677588116,-0.46882891549200334,-0.8028446873637203,0.06876166348096599,0.6572123912097525,-0.19379456778184626,-0.4202936807435307,0.6908955965262368,-1.1705592522067243,-0.24664029071389754,-0.18581891965158284,-0.27934084355014804,0.31960613713597286,-0.09104271015901798,0.36315510423582126
-0.5606607982138074,-0.7954545250494611,-0.2930653059534929,-0.7267400944358391,-0.34932359918387046,0.6572123912097525,-0.19379456778184626,-0.4202936807435307,0.6908955965262368,-1.1705592522067243,0.023235199994466854,-0.369492552996745,-0.1597458114233626,0.5613370057059189,-1.3235193816036563,0.3856934923997125
-1.3427107073838862,-0.5393666170472108,0.2981395624942232,-0.7774764897210933,-0.34932359918387046,0.6572123912097525,-0.19379456778184626,-0.4202936807435307,0.6908955965262368,-1.1705592522067243,-0.23640792620916057,-0.30240518071961364,-0.18600194840815343,-0.5598702260858519,-1.4879347966388536,-0.006988679762852582
0.10244058794476628,0.29873926368742737,-0.500785935408096,-0.955053873219483,0.16166949962870744,0.6572123912097525,-0.19379456778184626,-0.35191138733947924,0.6908955965262368,-1.1705592522067243,-0.40075109349586013,-0.26549609509616756,-0.3046456876456251,-1.3417576589475761,0.08318991484714301,-0.8339458233603035
0.8680133655916521,-0.1901558334077784,-0.7244850748207451,-0.9296856755768558,0.06876166348096599,0.6572123912097525,-0.19379456778184626,-0.35191138733947924,0.6908955965262368,-1.1705592522067243,-0.502861248953766,-0.06405674400826172,-0.3508014726064786,0.10309339614739618,0.304522112919611,-1.0620920427252822
0.886521179621724,-0.9118581195959387,-0.7564420947368381,-1.2341040472883809,-0.34932359918387046,0.6572123912097525,-0.19379456778184626,-0.35191138733947924,0.6908955965262368,-1.1705592522067243,-0.24046014594684217,-0.04685743348332712,-0.2867040383962788,0.8685071207246119,0.3149652842861207,-1.1764647729774265
1.2448512702373482,-0.28327870904496005,-1.2517759034362759,-1.4624178260720246,2.530819321396114,0.6572123912097525,-0.19379456778184626,-0.35191138733947924,0.6908955965262368,-1.1705592522067243,-0.07999005948025663,-0.2465345783072959,-0.15443996716460281,0.8870110896275838,0.31789582201116734,-0.20272669976139499
1.0432237606958616,-0.5393666170472108,-0.9481842142333945,-0.840896983827661,0.7655704345890266,0.6572123912097525,-0.19379456778184626,-0.35191138733947924,0.6908955965262368,-1.1705592522067243,0.17290980939312547,0.02335109990947054,-0.4367178964956414,1.2452667346744368,0.5602035769407846,-0.12303418528044223
-0.005961593128848329,-1.354191778872553,-1.1399263337299512,-1.0692107626113045,-0.2099618449622583,0.6572123912097525,-0.19379456778184626,-0.35191138733947924,0.6908955965262368,-1.1705592522067243,-0.06523609569888682,-0.23630182754184625,-0.12283450045967997,1.043681114650523,-0.5636793956953883,0.4828018850744516
-0.09256148244385433,-0.6557702115936883,-1.0280767640236264,-1.031158466147364,0.6262086803674145,0.6572123912097525,-0.19379456778184626,-0.35191138733947924,0.6908955965262368,-1.1705592522067243,0.03996663502291606,-0.4006511986056771,-0.19018148617548636,-0.005286263619084575,-1.3474327888189719,0.13361077697258256
1.0918444875452868,-1.0049809952331206,-0.7883991146529307,-0.6506355015079578,-0.34932359918387046,0.6572123912097525,-0.19379456778184626,-0.28352909393542775,0.6908955965262368,-1.1705592522067243,-0.061255391014998425,-0.5027652086117079,-0.3780383151808293,-0.09186816120472033,0.10086637726973426,-1.2177916476104147
1.4871960436123737,-1.8430868759677586,-0.46882891549200334,-0.6506355015079578,-0.34932359918387046,0.6572123912097525,-0.19379456778184626,-0.28352909393542775,0.6908955965262368,-1.1705592522067243,0.29765696907235706,-0.24035420024644796,-0.3417003149702553,1.0922917402057528,0.8681067479009932,-1.5552361722607058
1.545050429025684,-1.5637182490562125,-0.5327429553241886,-0.815528786185034,-0.34932359918387046,0.6572123912097525,-0.19379456778184626,-0.28352909393542775,-0.009347931404889483,-1.3623919922264476,0.6078507379438706,-0.07987805620735051,-0.2999646635796523,1.48756115923711,0.8866548761921436,-0.23682588840967736
1.552166938723692,-1.5637182490562125,-1.2038403735621366,-0.6886877979718986,-0.34932359918387046,0.6572123912097525,-0.19379456778184626,-0.28352909393542775,-0.009347931404889483,-1.3623919922264476,0.7023120731892023,0.17303135936303712,-0.4151286111714191,1.5454035249994313,1.2457654918769023,-0.08784871269453555
1.291286258872853,-1.0981038708703026,-0.9961197441075338,-0.7774764897210933,-0.34932359918387046,0.6572123912097525,-0.19379456778184626,-0.28352909393542775,-0.009347931404889483,-1.3623919922264476,0.7942536931601782,-0.06512353547977714,-0.2206352476834388,1.5525185561930492,1.0436987914051927,0.3136421220755725
0.20021032555846444,-0.3996823035914375,-1.1079693138138584,-1.3863132331441432,1.0907478611061217,0.6572123912097525,-0.19379456778184626,-0.28352909393542775,-0.009347931404889483,-1.3623919922264476,0.7557027819963433,0.0400831665315279,-0.377090304621484,1.2916920761180635,-0.007771928600800018,-0.14776481245729117
-0.289512147023849,-0.2367172712263692,-0.9961197441075338,-1.4370496284293977,0.44039300807193166,0.6572123912097525,-0.19379456778184626,-0.28352909393542775,-0.009347931404889483,-1.3623919922264476,0.3812696315168618,-0.061142680528584716,-0.09435854916970343,0.20084282141804563,-0.09456045232403702,0.014650664551930873
1.0805929157680574,-0.6092087737750971,-0.9322057042753482,-0.955053873219483,-0.024146172666775465,0.6572123912097525,-0.19379456778184626,-0.21514680053137628,-0.009347931404889483,-1.3623919922264476,0.35106470745914903,0.2977832281128628,-0.22922602581986634,-0.2887779079142137,1.0924254253419081,-1.0321948276586588
1.1153436359944395,-0.2367172712263692,-0.8043776246109771,-1.2594722449310078,-0.34932359918387046,0.6572123912097525,-0.19379456778184626,-0.21514680053137628,-0.009347931404889483,-1.3623919922264476,0.2340699044941803,0.6079887064642492,-0.1338271830764367,1.0810425060208229,1.4886381477154629,-1.2190968640250732
1.2612309902928216,-0.4229630225007333,-0.9002486843592555,-1.2594722449310078,-0.07060009074064617,0.6572123912097525,-0.19379456778184626,-0.21514680053137628,-0.009347931404889483,-1.3623919922264476,0.0882862587549152,0.7024536075230008,0.18389172979758128,1.1157860065433616,1.5466185532408347,-0.031990695783941925
0.9368143190855072,-0.16687511449848255,-0.4528504055339567,-1.094578960253932,-0.024146172666775465,0.6572123912097525,-0.19379456778184626,-0.21514680053137628,-0.009347931404889483,-1.3623919922264476,0.11107569234342185,0.7943986981908655,-0.30277340113023565,1.261643051729136,1.5537505643281193,-0.04432194916171169
0.8894008377293058,-0.2599979901356646,-0.7244850748207451,-1.0184743673260506,-0.34932359918387046,0.6572123912097525,-0.19379456778184626,-0.21514680053137628,-0.009347931404889483,-1.3623919922264476,-0.2021425323980836,0.7558463317717559,-0.12841595496257147,0.937293780341818,1.2923016265608809,0.24742287980017888
0.053480197887664914,-0.5859280548658017,-1.0919908038558122,-1.031158466147364,0.34748517192419026,0.6572123912097525,-0.19379456778184626,-0.21514680053137628,-0.009347931404889483,-1.3623919922264476,-0.22359355830014227,0.381399046845102,-0.17456955545628636,0.8898901494661635,0.19884907978146565,0.034482814160288824
0.20073569077763462,-1.5171568112376215,-1.0440552739816729,-0.9296856755768558,-0.2099618449622583,0.6572123912097525,-0.19379456778184626,-0.21514680053137628,-0.009347931404889483,-1.3623919922264476,-0.16133244596284757,0.35119298258411696,-0.18547592512100566,0.05414317795188421,-0.2919401205939626,-0.10346723175075302
0.1522430217003751,-1.7965254381491675,-1.1079693138138584,-0.7140559956145256,-0.34932359918387046,0.6572123912097525,5.1601033581379605,-0.14676450712732478,-0.009347931404889483,-1.3623919922264476,0.0035574444287026184,0.23419376319165025,-0.3691117574555154,0.20136807748893726,1.0811493450624088,-1.3313888250445813
1.3459610901993124,-0.6790509305029837,-0.7564420947368381,-0.8028446873637203,-0.34932359918387046,0.6572123912097525,-0.19379456778184626,-0.14676450712732478,-0.009347931404889483,-1.3623919922264476,0.13966346357002,0.08840461427715444,-0.30203819211641814,0.1528854831009802,1.115975760322553,-1.4951965814668124
1.5238577798234778,-1.2843496221446664,-0.3889363657017714,-0.6886877979718986,-0.34932359918387046,0.6572123912097525,-0.19379456778184626,-0.14676450712732478,-0.009347931404889483,-1.3623919922264476,0.10748764432999035,0.11119490814217435,-0.2651367025791027,1.3463555483680116,1.2621808907170036,0.07012145147402433
1.511933083859188,-0.8652966817773476,-0.9641627241914409,-1.2087358496457539,-0.34932359918387046,0.6572123912097525,-0.19379456778184626,-0.14676450712732478,-0.009347931404889483,-1.3623919922264476,0.1194678850072098,-0.2020351402491477,-0.0637388087810518,1.5242152787175072,0.9370575656412197,0.2906356336903959
1.313603700415819,-0.516085898137915,-0.83633464452707,-1.4116814307867704,0.6262086803674145,0.6572123912097525,-0.19379456778184626,-0.14676450712732478,-0.009347931404889483,-1.3623919922264476,0.10050325795396528,-0.2234869759042745,-0.04654303796570168,1.5122930601917488,0.8895408068551215,0.3010402084142113
0.22924076712416433,-0.3531208657728467,-1.2198188835201833,-1.1833676520031269,1.6481948779925701,0.6572123912097525,-0.19379456778184626,-0.14676450712732478,-0.009347931404889483,-1.3623919922264476,0.17404475562772684,-0.16122351327720952,-0.24617908817123732,1.3140048810573148,0.051799340261023216,0.30395991524187
-0.026146562653724933,-0.9817002763238251,-1.0919908038558122,-0.9423697743981694,-0.256415763036129,0.6572123912097525,-0.19379456778184626,-0.14676450712732478,-0.009347931404889483,-1.3623919922264476,-0.10534020064818599,0.0036726015296788704,0.023651046137503674,0.2298672317075825,0.1993755893665006,0.5453721313058648
1.051797064366196,-0.5626473359565062,-1.1399263337299512,-1.424365529608084,0.4868469261458025,0.6572123912097525,-0.19379456778184626,-0.0783822137232733,-0.009347931404889483,-1.3623919922264476,0.020100587192321686,0.1397837585262714,-0.23594844336032045,-0.02546703957614128,0.15077729214113042,-0.5743571117779898
1.2762593542567566,-0.2599979901356646,-0.9002486843592555,-0.9677379720407965,0.39393908999806104,0.6572123912097525,-0.19379456778184626,-0.0783822137232733,-0.009347931404889483,-1.3623919922264476,0.29072111469608763,0.10760672468380418,-0.40026399044945676,1.0522526371573866,1.3470955522018244,-1.3552138513264143
1.0064237512777598,-0.0737522388613009,-0.7883991146529307,-1.0184743673260506,-0.34932359918387046,0.6572123912097525,-0.19379456778184626,-0.0783822137232733,-0.009347931404889483,-1.3623919922264476,-0.11128215815490478,0.11958741760217469,-0.5023569848491117,1.2766682934459244,1.5253797415911623,0.08773258392353755
1.2199788754792076,-0.2599979901356646,-0.8842701744012089,-0.9423697743981694,-0.2099618449622583,0.6572123912097525,-0.19379456778184626,-0.0783822137232733,-0.009347931404889483,-1.3623919922264476,-0.13717526605831945,0.10062207465473415,-0.23999998206506606,1.0068887506903486,1.513429070905838,0.8521373310256424
1.7977620445553797,-1.074823151961007,-1.539389082681111,-1.1199471578965592,2.8559967479132093,-1.5215781281288188,-0.19379456778184626,-0.0783822137232733,-0.009347931404889483,-1.3623919922264476,0.011973325198239456,0.1741663484406335,-0.07955686486994078,1.2203995073293126,1.3146676806068416,0.8706169077767313
0.8544728067414563,-1.3774724977818487,-1.2198188835201833,-0.7394241932571526,0.1152155815548367,-1.5215781281288188,-0.19379456778184626,-0.0783822137232733,-0.009347931404889483,-1.3623919922264476,-0.06718000740112255,-0.10522915431573958,0.1733005005975662,1.798062637933208,0.22794275630287678,1.2284002959714053
0.4695771130467367,-1.9827711894235314,-1.4754750428489254,-0.8789492802916016,-0.30286968110999973,-1.5215781281288188,-0.19379456778184626,-0.0783822137232733,-0.009347931404889483,-1.3623919922264476,0.17549031390690562,0.02021636877907639,-0.0648053807012084,0.8549693750197016,-0.028000865615838602,1.0270804085093457
2.0882901052674843,-1.5637182490562125,-1.5553675926391572,-1.2594722449310078,-0.30286968110999973,-1.5215781281288188,-0.19379456778184626,-0.009999920319221818,-0.009347931404889483,-1.3623919922264476,0.33316318595472966,0.290847111915579,0.040379669211256915,0.4701536460825758,1.052290769695983,-0.020504208486436158
1.6144628492607382,-1.5171568112376215,-0.5327429553241886,-0.8662651814702881,-0.30286968110999973,-1.5215781281288188,-0.19379456778184626,-0.009999920319221818,-0.009347931404889483,-1.3623919922264476,0.3858191014687611,-0.111171336124939,-0.060825345031138026,2.0885303394198664,1.2772419899022585,-0.10697197278492121
1.1712337392271794,-0.6092087737750971,-0.7244850748207451,-0.7267400944358391,-0.30286968110999973,-1.5215781281288188,-0.19379456778184626,-0.009999920319221818,-0.009347931404889483,-1.3623919922264476,0.25568567270489795,-0.1370654214652214,0.2980266947492819,1.614801524321368,1.0068186231317577,1.075626954959823
1.5365446201925315,-0.28327870904496005,-1.379603983100647,-1.1453153555391862,-0.34932359918387046,-1.5215781281288188,-0.19379456778184626,-0.009999920319221818,-0.009347931404889483,-1.3623919922264476,0.025746452503551027,0.012088799989628515,0.6081683311633251,1.1716644982183988,1.2208389193420508,1.470375325141915
1.215360769267916,-0.9817002763238251,-0.9961197441075338,-0.955053873219483,1.1372017791799924,-1.5215781281288188,-0.19379456778184626,-0.009999920319221818,-0.7095914593360158,-1.1705592522067245,0.2925726482310379,-0.06706752056258089,0.7026137908430058,1.536899483307228,1.7998806325924317,1.5281414424097457
-0.0975524520259685,-0.3764015846821421,-0.6126355051144206,-1.005790268504737,-0.30286968110999973,-1.5215781281288188,-0.19379456778184626,-0.009999920319221818,-0.7095914593360158,-1.1705592522067245,0.31235359565330617,0.17561196128807663,0.7945399587221802,1.2157823605617089,0.8545366946100305,1.5352470944846222
-0.5446353348443213,-0.14359439558918713,-0.5806784851983279,-0.8662651814702881,-0.34932359918387046,-1.5215781281288188,-0.19379456778184626,-0.009999920319221818,-0.7095914593360158,-1.1705592522067245,0.1045245998224161,0.33329078531658823,0.755995526585129,-0.096858093878188,0.4688026098736472,1.2747644389777857
1.1449859091382937,-0.2599979901356646,-1.2198188835201833,-1.398997331965457,-0.34932359918387046,-1.5215781281288188,-0.19379456778184626,0.058382373084829665,-0.7095914593360158,-1.1705592522067245,-0.062158100051281216,0.38594868853458014,0.38162530490129626,-0.5438480921178495,2.091041530011839,0.18535315473922204
1.6331049232912624,-0.7721738061401657,-1.2038403735621366,-1.6273111107491007,-0.2099618449622583,-1.5215781281288188,-0.19379456778184626,0.058382373084829665,-0.7095914593360158,-1.1705592522067245,0.36134430885081387,0.2558103473742803,0.351425457208994,1.1454221212987865,1.6161821696369754,-0.3036221507243754
1.0241409636203682,-0.3996823035914375,-1.171883353646044,-1.2721563437523216,4.899969143163521,-1.5215781281288188,-0.19379456778184626,0.058382373084829665,-0.7095914593360158,-1.1705592522067245,0.5371114643842232,0.025862447215625646,0.2344503168781652,1.6334397253313433,1.1719876050105382,1.0643925496491873
1.3679596642411989,-0.2367172712263692,-1.0600337839397194,-1.3355768378588893,0.533300844219673,-1.5215781281288188,-0.19379456778184626,0.058382373084829665,-0.7095914593360158,-1.1705592522067245,0.30450011906217356,0.2926987153439212,0.08869117214592878,1.0246022821588567,1.5380942168064526,1.0990902508761187
1.2163337894342539,-0.4229630225007333,-0.8043776246109771,-0.9170015767555422,-0.16350792688838758,-1.5215781281288188,-0.19379456778184626,0.058382373084829665,-0.7095914593360158,-1.1705592522067245,0.7637657236809825,0.3124804094755981,0.1114767756472559,1.3683495520531248,1.2162107538369287,1.2447550255701927
0.17140316421091284,-1.447314654509735,-0.8203561345690237,-0.6506355015079578,-0.30286968110999973,-1.5215781281288188,-0.19379456778184626,0.058382373084829665,-0.7095914593360158,-1.1705592522067245,0.29048568641539146,0.10464356832449884,-0.2016888083341219,1.216755178576339,-0.09956229338186633,0.9208333152500338
-0.05853934162211662,-1.167946027598189,-0.9801412341494875,-1.398997331965457,-0.34932359918387046,-1.5215781281288188,-0.19379456778184626,0.058382373084829665,-0.7095914593360158,-1.1705592522067245,0.21960461314995647,-0.06204542364115902,-0.22313622908737438,0.17204164495863872,-0.5476190251935346,0.87349217240439
0.5973568794577121,-0.7488930872308699,-0.6925280549046524,-0.8916333791129152,0.4868469261458025,-1.5215781281288188,-0.19379456778184626,0.12676466648888116,-0.7095914593360158,-1.1705592522067245,-0.3094426033304521,0.36147297201963596,-0.16088558061208047,-0.057853088719387005,1.1456826011315318,0.03884689248783554
1.2814312829699193,-0.1901558334077784,-1.0600337839397194,-0.8282128850063475,-0.34932359918387046,0.6572123912097525,-0.19379456778184626,0.12676466648888116,-0.7095914593360158,-1.1705592522067245,-0.24317294353981367,0.5372467625733989,0.003976597697343138,0.5979068653582783,1.6348648503776324,0.18587771841131392
1.8758283974284422,-1.633560405784099,-1.3316684532265077,-0.7140559956145256,-0.256415763036129,0.6572123912097525,-0.19379456778184626,0.12676466648888116,-0.7095914593360158,-1.1705592522067245,-0.21037383761905737,0.3046266364242032,0.14005974229388757,1.2818391476549222,1.0245744276237578,0.13745903435590207
1.7572888566465847,-1.1446653086888936,-1.01209825406558,-0.8662651814702881,-0.11705400881451687,0.6572123912097525,-0.19379456778184626,0.12676466648888116,-0.7095914593360158,-1.1705592522067245,-0.08260985096259542,0.7639095778237384,0.10788933065612603,1.8761127719784532,1.3691420441802018,1.3293558531884793
1.5429942079317605,-0.6324894926843925,-0.9961197441075338,-0.9423697743981694,-0.34932359918387046,0.6572123912097525,-0.19379456778184626,0.12676466648888116,-0.7095914593360158,-1.1705592522067245,-0.004813776808836348,0.29061167474771943,0.11986755788417189,1.7575978586107217,1.217185893464212,1.5069811267260709
0.046600832212191565,-0.8652966817773476,-1.0600337839397194,-0.5618468097587631,-0.34932359918387046,0.6572123912097525,-0.19379456778184626,0.12676466648888116,-0.7095914593360158,-1.1705592522067245,0.021036800179744748,0.21972792579829573,0.10090611810518144,1.5433477310997425,0.16997916983369538,1.4950746242105688
-0.48175787419660987,-1.959490470514236,-0.6765495449466058,-0.5491627109374494,-0.34932359918387046,0.6572123912097525,-0.19379456778184626,0.12676466648888116,-0.7095914593360158,-1.1705592522067245,-0.023289909968114177,-0.30933926164334696,0.1744352560883737,0.04726524151248092,-0.060464203481475916,1.297047830912191
0.5360562441414275,-0.44624374141002876,-0.42089338561786405,-0.7394241932571526,-0.34932359918387046,0.6572123912097525,-0.19379456778184626,0.19514695989293263,-0.7095914593360158,-1.1705592522067245,-0.21320340237144714,-0.2430671002445997,-0.10490274558750355,-0.480983694699946,0.5968607099038856,0.21433930470591622
1.240996767778638,0.25217782586883614,-0.6925280549046524,-1.1326312567178725,-0.34932359918387046,0.6572123912097525,-0.19379456778184626,0.19514695989293263,-0.7095914593360158,-1.1705592522067245,-0.25054317322598507,-0.2102667561930066,0.020516960151448937,0.536618965675371,1.2824251842616008,-0.040658381904608194
1.2280151391477307,-0.3996823035914375,-0.6765495449466058,-0.6886877979718986,0.06876166348096599,0.6572123912097525,-0.19379456778184626,0.19514695989293263,-0.7095914593360158,-1.1705592522067245,-0.2081297083323459,-0.0824979465839893,0.29109200604160285,1.2414130330154234,1.8781170318754081,1.035640631933296
1.1752586205451532,-1.074823151961007,-0.3569793457856782,-0.9170015767555422,0.06876166348096599,0.6572123912097525,-0.19379456778184626,0.19514695989293263,-0.7095914593360158,-1.1705592522067245,-0.18618617805890486,-0.004698935712423789,-0.11084370446408177,1.2284341014081608,1.7593192848036325,1.2597604608346487
0.6389990049791646,-0.5393666170472108,-0.3250223258695855,-1.2087358496457539,1.4623792056970872,0.6572123912097525,-0.19379456778184626,0.19514695989293263,-0.7095914593360158,-1.1705592522067245,-0.24265097681976922,0.02115261710752894,-0.13673246066387756,1.1756885433392827,1.5445578532260684,0.99033654468093
-0.00962601553256305,-0.935138838505234,-1.3955824930586933,-0.7140559956145256,0.30103125385031954,0.6572123912097525,-0.19379456778184626,0.19514695989293263,-0.7095914593360158,-1.1705592522067245,-0.42439635203314724,-0.023175766325780545,0.012391064058886259,0.6395403394385025,0.04490498975030976,1.2035658489011232
0.007764302895892994,-1.5869989679655079,-1.427539512974786,-0.5491627109374494,-0.16350792688838758,0.6572123912097525,-0.19379456778184626,0.19514695989293263,-0.7095914593360158,-1.1705592522067245,-0.10705380720945856,-0.2130964277584108,-0.06674896570154258,-0.008949924713556209,-0.48460460302457686,1.780467497095877
1.321741388758604,-1.21450746541678,-0.9641627241914409,-0.9043174779342287,-0.34932359918387046,0.6572123912097525,-0.19379456778184626,0.2635292532969841,-0.7095914593360158,-1.1705592522067245,-0.18698334311990858,-0.25043760814898447,0.17588057142100397,0.008436780755284045,0.535426547753346,0.8386174309381302
1.9296367409802282,-1.167946027598189,-1.4914535528069717,-0.9423697743981694,0.7655704345890266,0.6572123912097525,-0.19379456778184626,0.2635292532969841,-0.7095914593360158,-1.1705592522067245,-0.29561830033549913,-0.20802254219283742,0.3335269443088798,1.3221408787387432,1.241902593428358,0.45430897067165754
1.6920596569691675,-0.935138838505234,-1.1878618636040903,-0.98042207086211,-0.256415763036129,0.6572123912097525,-0.19379456778184626,0.2635292532969841,-0.7095914593360158,-1.1705592522067245,-0.2194344110118998,-0.18607818357482,0.3861740102503164,1.9299099364725902,1.2288926878348123,2.070552300603786
1.6287152050155294,-1.074823151961007,-0.8203561345690237,-1.0565266637899913,-0.34932359918387046,0.6572123912097525,-0.19379456778184626,0.2635292532969841,-0.7095914593360158,-1.1705592522067245,-0.30768689615588146,-0.24254511382087512,0.2560624522527978,1.6923822107532538,1.1760212534425536,1.597447960463598
1.4449318710779477,-0.30655942795425584,-0.8043776246109771,-1.2214199484670674,-0.34932359918387046,0.6572123912097525,-0.19379456778184626,0.2635292532969841,-0.7095914593360158,-1.1705592522067245,-0.26830700612122266,-0.4242973497259453,0.026161876595025998,1.6290509190501157,0.6385935415193915,1.1548950828588445
0.11149693574717533,-0.5626473359565062,-1.0440552739816729,-0.7774764897210933,0.2081234177025781,0.6572123912097525,-0.19379456778184626,0.2635292532969841,-0.7095914593360158,-1.1705592522067245,-0.3269617468394376,-0.10694282556380974,0.29294322840011133,1.445305767378506,-0.011444332956421385,1.519648610846443
-0.4041822270317344,-0.28327870904496005,-0.5327429553241886,-0.42232172272431395,0.1152155815548367,0.6572123912097525,-0.19379456778184626,0.2635292532969841,-0.7095914593360158,-1.1705592522067245,-0.3957422786132958,-0.1868753787279441,0.3127208513539224,0.11214786243055581,0.005983865571554974,1.198954788511302
1.3071632336005317,-0.0737522388613009,-0.9481842142333945,-1.1960517508244402,0.30103125385031954,0.6572123912097525,-0.19379456778184626,0.33191154670103556,-1.2222052994528765,-0.6464624599176895,-0.3276589182030131,-0.29551443679588135,0.10492678413015966,-0.40342416441536394,1.3228230947000525,-0.11195532766979145
1.2609635648027808,-0.7023316494122791,-1.1079693138138584,-0.43500582154562767,2.9953585021348212,0.6572123912097525,-0.19379456778184626,0.33191154670103556,-1.2222052994528765,-0.6464624599176895,-0.23462471108872884,-0.21932767161271233,-0.06172790235437831,1.3075657522938067,1.9320425823327,-0.5583560983775416
1.5251803137953541,-0.6557702115936883,-1.2038403735621366,-0.7901605885424068,0.30103125385031954,0.6572123912097525,-0.19379456778184626,0.33191154670103556,-1.2222052994528765,-0.6464624599176895,-0.21465535388460677,-0.307583488192726,0.36170333096801066,1.2613756817986008,1.693948000978327,1.128687298952599
1.6527853233035603,-1.5404375301469169,-0.9162271943173019,-0.44768992036694116,-0.16350792688838758,0.6572123912097525,-0.19379456778184626,0.33191154670103556,-1.2222052994528765,-0.6464624599176895,-0.14273777187102735,-0.26820211160973506,0.5374409463407847,1.5255375379237517,1.6304655702893405,1.6160615923753303
1.8585402333481567,-1.8896483137863493,-0.9162271943173019,-0.7521082920784663,-0.34932359918387046,0.6572123912097525,-0.19379456778184626,0.33191154670103556,-1.2222052994528765,-0.6464624599176895,-0.19202914304822646,-0.3268590664810852,0.3048686946507936,1.653116036603647,1.4462819141260117,1.008026725961582
0.7943666476248632,-1.3309110599632574,-0.9481842142333945,-0.9677379720407965,-0.34932359918387046,0.6572123912097525,-0.19379456778184626,0.33191154670103556,-1.2222052994528765,-0.6464624599176895,-0.049911810250876314,-0.3956421946457587,0.7640571131781879,1.858828199634507,0.10994245187343549,1.3513208641163512
0.026179813175648117,-0.9118581195959387,-0.5966569951563739,-0.5364786121161359,-0.34932359918387046,0.6572123912097525,-0.19379456778184626,0.33191154670103556,-1.2222052994528765,-0.6464624599176895,-0.17042848813989042,-0.3275562641621271,0.29085661732796464,0.7948757033757469,-0.40685997831929305,1.1999263241456553
1.3488717594483004,-1.5171568112376215,-0.9801412341494875,-0.840896983827661,-0.34932359918387046,0.6572123912097525,-0.19379456778184626,0.40029384010508706,-1.2222052994528765,-0.6464624599176895,-0.3344717515608219,-0.23451854510696898,0.21998745663108607,0.026848465084685316,1.3082131849786305,0.15658994433316786
0.9339124059235112,-0.4229630225007333,-0.22915126612130757,-0.8662651814702881,-0.34932359918387046,0.6572123912097525,-0.19379456778184626,0.40029384010508706,-1.2222052994528765,-0.6464624599176895,-0.31744443084067664,-0.21454843408117244,-0.3089708459694168,1.3492656129052176,1.2619128827129495,-0.07300173937269298
0.7731750929335377,-0.44624374141002876,-0.8043776246109771,-0.42232172272431395,-0.34932359918387046,0.6572123912097525,-0.19379456778184626,0.40029384010508706,-1.2222052994528765,-0.6464624599176895,-0.361855927855274,-0.14262813725651816,-0.24271232373396903,0.9343924700724664,1.5267051563451635,0.5818937841342904
1.3387986110446244,-1.0981038708703026,-0.7404635847787917,-0.5491627109374494,1.5552870418448286,0.6572123912097525,-0.19379456778184626,0.40029384010508706,-1.2222052994528765,-0.6464624599176895,-0.41427219837651613,-0.19192136912976157,-0.20991873016763782,0.7736885513773112,1.6545881188120428,1.264924498762129
1.0846728874666591,-0.888577400686643,-0.9961197441075338,-0.37158532743906,-0.34932359918387046,0.6572123912097525,-0.19379456778184626,0.40029384010508706,-1.2222052994528765,-0.6464624599176895,-0.28169256124248554,-0.0497986715565359,-0.08217621605920555,1.3391945572681883,1.8607912102111872,1.8584147445261419
0.02643665839390844,-0.842015962868052,-0.83633464452707,-0.6506355015079578,0.022307745407095292,0.6572123912097525,-0.19379456778184626,0.40029384010508706,-1.2222052994528765,-0.6464624599176895,-0.2718885554986636,-0.17031989882002396,-0.00439321663786917,1.085121630076925,0.7942996105021275,1.7400560589267573
-0.5074336399357328,-0.7023316494122791,-0.2611082860374002,-0.38426942626037347,-0.30286968110999973,0.6572123912097525,-0.19379456778184626,0.40029384010508706,-1.2222052994528765,-0.6464624599176895,-0.28928351171192745,-0.3343693546970396,0.021453015795015844,0.027105256941565,0.024439489053663714,1.526088358482026
0.5754020858507569,-0.30655942795425584,-0.3569793457856782,-0.15595564747672958,-0.34932359918387046,0.6572123912097525,-0.19379456778184626,0.46867613350913856,-1.2222052994528765,-0.6464624599176895,-0.33312689330898865,-0.31734139121392074,-0.022866244621212468,-0.506654126120143,1.350012561555583,0.03197802262604873
0.3615251754525682,-0.3531208657728467,-0.34100083582763213,-0.14327154865541608,-0.34932359918387046,0.6572123912097525,-0.19379456778184626,0.46867613350913856,-1.2222052994528765,-0.6464624599176895,-0.2814449341093513,-0.36175456471458134,-0.21274781937158363,0.5759566330124066,0.934149331447218,-0.49557456955598606
0.9150638341748973,0.2288971069595407,-0.7564420947368381,-0.6379514026866443,-0.256415763036129,0.6572123912097525,-0.19379456778184626,0.46867613350913856,-1.2222052994528765,-0.6464624599176895,-0.39875899299510004,-0.4141728138934442,-0.2500813147486253,0.3621241570300221,0.7730618957474311,0.5206866748896668
0.24911124719145544,-1.0282617141424162,0.20226850274594524,-0.1940079439406703,-0.34932359918387046,0.6572123912097525,-0.19379456778184626,0.46867613350913856,-1.2222052994528765,-0.6464624599176895,-0.27341811911413577,-0.28158817202125197,-0.20767497803864626,0.9155478142457388,1.339917471525847,1.2245516743077522
0.9156855163509192,0.8807572364198147,-0.6286140150724672,-1.5131542213572786,-0.30286968110999973,0.6572123912097525,-0.19379456778184626,0.46867613350913856,-1.2222052994528765,-0.6464624599176895,-0.37575230559332995,-0.27178379618679815,-0.18573513568634847,0.249733583544426,1.085238203874528,1.211589851682498
0.07527045002667118,-1.074823151961007,-1.0760122938977656,-0.6252673038653308,1.8340105502880533,0.6572123912097525,-0.19379456778184626,0.46867613350913856,-1.2222052994528765,-0.6464624599176895,-0.3747591413500988,-0.2891794090408785,-0.24219044473782672,0.9161693672629643,0.024696893739680134,1.1589138234355905
-0.06581309604892119,-0.46952446031932416,-0.8842701744012089,-0.9677379720407965,-0.07060009074064617,0.6572123912097525,-0.19379456778184626,0.46867613350913856,-1.2222052994528765,-0.6464624599176895,-0.3945760909109669,-0.3330244456782593,-0.42390527506605696,0.07592890301444159,-0.5103362964665453,0.6234723764738185
1.3997336797292301,-0.8652966817773476,-0.6925280549046524,-0.7521082920784663,0.9513861068845094,0.6572123912097525,-0.19379456778184626,0.5370584269131901,-1.2222052994528765,-0.6464624599176895,-0.288503456517663,-0.2813405355404608,-0.1066160641529163,-0.06512533197311518,0.5748580937242617,-0.024163040099279665
1.3586450118726991,-1.0515424330517116,-1.1079693138138584,-0.05448285690622136,2.205641894879019,0.6572123912097525,-0.19379456778184626,0.5370584269131901,-1.2222052994528765,-0.6464624599176895,-0.12774820747243204,-0.3986590229052739,-0.18653216677247,1.4001169662684274,0.3605153103931355,-0.006799253992375517
1.5397796294969663,-1.819806157058463,-1.2198188835201833,-0.07985105454884836,-0.34932359918387046,0.6572123912097525,-0.19379456778184626,0.5370584269131901,-1.2222052994528765,-0.6464624599176895,-0.027139305237161824,-0.2733134175416454,-0.2951488663444353,1.359036834868445,0.9152597031891107,1.305173103624711
1.437715031216552,-1.167946027598189,-1.171883353646044,-0.14327154865541608,-0.07060009074064617,0.6572123912097525,-0.19379456778184626,0.5370584269131901,-1.2222052994528765,-0.6464624599176895,0.2840786586820103,-0.37565146702589364,-0.21897778080275762,1.540133820515978,0.24785651883020804,1.9121409929582114
1.4520545830042393,-1.0049809952331206,-0.9481842142333945,-0.7394241932571526,-0.2099618449622583,0.6572123912097525,-0.19379456778184626,0.5370584269131901,-1.2222052994528765,-0.6464624599176895,-0.015903857747943374,-0.37465826529178453,-0.3072154338663105,1.43809042686579,0.9158827395314058,1.6749263791119309
-0.03263664729526661,-0.516085898137915,-0.6445925250305132,-0.37158532743906,-0.34932359918387046,0.6572123912097525,-0.19379456778184626,0.5370584269131901,-1.2222052994528765,-0.6464624599176895,-0.0695494861287855,-0.39447596292110315,-0.2678421621800791,1.4524269995118513,0.07363705656366709,1.6116785714707405
-0.3785600923253998,-0.2367172712263692,-0.21317275616326095,-0.3081648333324922,-0.34932359918387046,0.6572123912097525,-0.19379456778184626,0.5370584269131901,-1.2222052994528765,-0.6464624599176895,-0.34268112737757056,-0.2883993244003727,-0.3264870451381364,-0.031955775857455425,-0.06775380181261768,1.4281756348434191
0.3674048878637838,-0.6557702115936883,0.01052638324938819,-0.05448285690622136,-0.34932359918387046,0.6572123912097525,-0.19379456778184626,0.6054407203172415,-1.2222052994528765,-0.6464624599176895,-0.3606804161387931,-0.12763800701805034,-0.3952560173691949,-0.3778073528857351,1.4009852707567938,0.09677511450155432
1.0016921807726085,-0.30655942795425584,-0.5646999752402813,-1.1960517508244402,-0.34932359918387046,0.6572123912097525,-0.19379456778184626,0.6054407203172415,-1.2222052994528765,-0.6464624599176895,-0.28675634428305397,-0.02702530690534358,-0.3271840993321873,0.3680026478900866,1.3598071023638598,-0.41811727916667174
0.643103055916971,0.29873926368742737,-0.021430636666704465,-0.5745309085800766,-0.16350792688838758,0.6572123912097525,-0.19379456778184626,0.6054407203172415,-1.2222052994528765,-0.6464624599176895,-0.1796637362509758,0.2842044051559587,-0.23416552793445305,1.0021581632018812,1.5413362727026394,1.2906171902848018
1.038009875732556,0.01937063677588116,-0.7724206046948844,-0.7394241932571526,-0.34932359918387046,0.6572123912097525,-0.19379456778184626,0.6054407203172415,-1.4098349872671425,0.06946707239106965,-0.33695583430026277,-0.015789435290112813,-0.2141995268637212,0.64364353773118,1.4390493543332477,1.24448800808988
1.112959061638528,-0.44624374141002876,-0.8523131544851164,-0.6379514026866443,-0.256415763036129,0.6572123912097525,-0.19379456778184626,0.6054407203172415,-1.4098349872671425,0.06946707239106965,-0.2282983938520605,-0.0694370887355076,-0.1422940316186779,1.038468312908085,1.4534201409514544,1.5083016429145033
-0.10204760818249817,-0.3531208657728467,-0.7404635847787917,-0.2193761415832973,-0.30286968110999973,0.6572123912097525,-0.19379456778184626,0.6054407203172415,-1.4098349872671425,0.06946707239106965,-0.18385865290366812,-0.34257904040886206,-0.19157711868262453,1.1134019275993592,-0.03450508714930254,1.6357119661000967
-0.6592233265367102,-0.3298401468635513,-0.5487214652822352,-0.5872150074013901,-0.30286968110999973,0.6572123912097525,-0.19379456778184626,0.6054407203172415,-1.4098349872671425,0.06946707239106965,-0.3162780630378406,-0.3605790086238023,-0.049483670716471355,-0.10135231613475908,-0.38118203273079476,1.8411529569110319
0.5294016180319359,0.29873926368742737,-0.3090438159115395,-0.37158532743906,-0.34932359918387046,0.6572123912097525,-0.19379456778184626,0.6738230137212929,-1.4098349872671425,0.06946707239106965,-0.3983151818334264,-0.286652146214163,-0.16998009407036901,-0.6584122773579217,0.3664078301656541,0.7786029754868548
0.6947858593528641,-0.5393666170472108,0.18628999278789862,0.14846272423479553,-0.34932359918387046,0.6572123912097525,-0.19379456778184626,0.6738230137212929,-1.4098349872671425,0.06946707239106965,-0.29384709439004847,-0.17955549555175465,-0.33399578769683075,0.5299657221107414,1.002076746181537,0.011588159835765173
0.23980899927951518,-0.44624374141002876,0.10639744299766672,0.26261961362661723,-0.34932359918387046,0.6572123912097525,-0.19379456778184626,0.6738230137212929,-1.4098349872671425,0.06946707239106965,-0.3664377144412575,-0.3368535312079219,-0.3169713286591639,0.6953156037051679,0.6427065320208178,1.3322620816440016
-0.16764602286116034,0.3685814204153136,0.47390317203273363,0.17383092187742252,-0.34932359918387046,0.6572123912097525,-0.19379456778184626,0.6738230137212929,-1.4098349872671425,0.06946707239106965,-0.4008291075150152,-0.2281919890586552,-0.36137536169249646,0.24043326823919334,1.0384735494053783,0.9179358295223856
0.3949073922503962,1.043722268784883,-0.5806784851983279,-1.1072630590752455,-0.2099618449622583,0.6572123912097525,-0.19379456778184626,0.6738230137212929,-1.4098349872671425,0.06946707239106965,-0.48987704694058404,-0.18375057055802158,-0.4137828229168799,-0.1669371022864872,1.1135859918171334,0.7574437526441707
-0.6280669800181573,-0.0039100821334142515,-0.9641627241914409,-0.8535810826489745,1.8340105502880533,0.6572123912097525,-0.19379456778184626,0.6738230137212929,-1.4098349872671425,0.06946707239106965,-0.4067876123887573,-0.31617497938195943,-0.28122546766916656,0.39549943844011287,-0.10406724101882628,1.3222043017922922
-0.7950003190617255,-0.9817002763238251,-0.5327429553241886,-0.35890122861774626,-0.07060009074064617,0.6572123912097525,-0.19379456778184626,0.6738230137212929,-1.4098349872671425,0.06946707239106965,-0.2911977985901663,-0.398215194990208,-0.2714231096274063,-0.627262403787073,-0.6624566157962022,1.0684662965554441
0.7987581900853911,-0.3764015846821421,-1.0760122938977656,-0.9677379720407965,0.022307745407095292,0.6572123912097525,-0.19379456778184626,0.7422053071253445,-1.4098349872671425,0.06946707239106965,-0.20131207067689855,-0.29374316398931855,-0.28881514237183875,-0.7941610612683124,0.5287574263429009,0.01184461318656499
1.0725956896540207,-0.44624374141002876,-0.9162271943173019,-1.5004701225359653,1.7411027141403117,0.6572123912097525,-0.19379456778184626,0.7422053071253445,-1.4098349872671425,0.06946707239106965,-0.06535981695252678,-0.36633652425806174,-0.33265115546747975,0.7992663334627822,0.6945019124486558,-0.5212111619081762
0.7756713073985121,-0.2367172712263692,-0.6765495449466058,-0.18132384511935679,4.435429962424814,0.6572123912097525,-0.19379456778184626,0.7422053071253445,-1.4098349872671425,0.06946707239106965,-0.111940126154887,-0.40072921556977714,-0.28097788215328023,1.0730469413861379,0.238534008490175,0.55997248684576
1.0371550627405313,-0.6557702115936883,-0.9162271943173019,-0.98042207086211,0.1152155815548367,0.6572123912097525,-0.19379456778184626,0.7422053071253445,-1.4098349872671425,0.06946707239106965,-0.1670547468040024,-0.48978051645891835,-0.39827222474940854,0.7761842472363675,-0.16980854408027599,0.34642188737641105
0.8547114101118266,-0.5859280548658017,-0.7404635847787917,-0.2701125368685515,2.763088911765468,-1.5215781281288188,-0.19379456778184626,0.7422053071253445,-1.4098349872671425,0.06946707239106965,-0.2587143529619251,-0.4066879453706451,-0.27295241617804306,1.037613677509405,0.3939702413105878,0.899116014945096
-0.971265822647763,-0.09703295777059631,-0.08534467649888977,0.5289856888742018,-0.34932359918387046,-1.5215781281288188,-0.19379456778184626,0.7422053071253445,-1.4098349872671425,0.06946707239106965,-0.22650677961441285,-0.2910937681813802,-0.3752694039473992,0.8552079288185621,-0.6312324036136783,0.23417946848148993
-0.7082121738765198,-0.16687511449848255,-1.2517759034362759,-1.1579994543604997,-0.256415763036129,-1.5215781281288188,-0.19379456778184626,0.7422053071253445,-1.4098349872671425,0.06946707239106965,-0.31049885509432684,-0.2012046471789293,-0.3742764066194896,-0.9703899444699254,-0.7985293617319773,0.8997367486237418
0.5378129340930283,-0.7023316494122791,-0.6445925250305132,0.1991991195200495,-0.30286968110999973,-1.5215781281288188,-0.19379456778184626,0.8105876005293959,-1.4098349872671425,0.06946707239106965,-0.21658547839604317,-0.06524726140376086,-0.39409002566123114,-0.7073909469239436,0.7987007187487067,0.06060389934850907
0.19291176221853687,-0.5626473359565062,-0.2451297760793536,0.4909333924102611,-0.34932359918387046,-1.5215781281288188,-0.19379456778184626,0.8105876005293959,-1.4098349872671425,0.06946707239106965,-0.1548389744359995,-0.11182932896250285,-0.288035218276901,0.5383752906624154,1.0731346991568753,-0.08026439626887238
0.5244949257870529,-0.14359439558918713,-0.8203561345690237,-0.7394241932571526,-0.07060009074064617,-1.5215781281288188,-0.19379456778184626,0.8105876005293959,-1.4098349872671425,0.06946707239106965,-0.25598863147891066,-0.166946030129043,-0.12730698642874158,0.19354577440541876,0.7755635475396601,1.3830464021484126
0.8272198508339497,-0.44624374141002876,-1.1079693138138584,-0.5998991062227036,-0.07060009074064617,-1.5215781281288188,-0.19379456778184626,0.8105876005293959,-1.4098349872671425,0.06946707239106965,-0.18655765790098347,-0.25860909633813745,-0.02671499294484957,0.525060049265302,1.0376168744347276,1.342020423066224
0.5399537973611538,-0.3996823035914375,-0.6126355051144206,0.23725141598399024,-0.2099618449622583,-1.5215781281288188,-0.19379456778184626,0.8105876005293959,-1.4098349872671425,0.06946707239106965,-0.16048678666176588,-0.2264003071895044,0.2844506663863644,0.8277220811033488,0.854775817713231,1.5228786845134172
-0.9663963437725772,-0.3531208657728467,-0.037409146624750506,0.4782492935889474,-0.34932359918387046,-1.5215781281288188,-0.19379456778184626,0.8105876005293959,-1.4098349872671425,0.06946707239106965,-0.23035784459987557,-0.31039555327958535,-0.015481433731757758,0.5405157091513058,-0.9751788119861167,1.420969805678382
-1.028033358763913,-0.46952446031932416,-0.9002486843592555,0.3133560089118717,0.9978400249583802,-1.5215781281288188,-0.19379456778184626,0.8105876005293959,-1.4098349872671425,0.06946707239106965,-0.253096998847135,-0.21647863145272528,-0.06911804620473622,-0.9655214772628468,-0.7115521720741058,1.4352874796838706
0.31541562138337914,-0.7954545250494611,-0.5487214652822352,-0.1305874498341026,-0.2099618449622583,-1.5215781281288188,-0.19379456778184626,0.8789698939334475,-1.4098349872671425,0.06946707239106965,-0.2977663753968608,-0.15472979662882203,-0.34220378381166866,-1.027145686735588,0.5371870641783071,-0.047138564656583164
0.5011599539689069,-0.9584195574145294,-0.8842701744012089,-0.15595564747672958,2.5772732394699847,-1.5215781281288188,-0.19379456778184626,0.8789698939334475,-1.4098349872671425,0.06946707239106965,-0.22172026249594073,-0.25588327196207994,-0.3602000475374133,0.3160241825414163,0.19153461849770176,-0.3925342360226723
0.08192434646224764,-0.935138838505234,-0.16523722628912169,0.6304584794447103,0.16166949962870744,-1.5215781281288188,-0.19379456778184626,0.8789698939334475,-1.4098349872671425,0.06946707239106965,-0.20553168889067264,-0.18644967743986157,-0.28628839966925484,0.501729925449863,0.5238400461976602,0.3522926291399085
0.20708093514694875,0.2288971069595407,-0.5806784851983279,0.1991991195200495,0.06876166348096599,-1.5215781281288188,-0.19379456778184626,0.8789698939334475,-1.4098349872671425,0.06946707239106965,-0.3379265434946898,-0.16037782205340226,-0.17921379006717067,0.08258141705675087,0.8272243755179883,0.9856121931091526
-0.48017813016952154,-0.516085898137915,-0.6286140150724672,0.24993551480530396,0.1152155815548367,-1.5215781281288188,5.1601033581379605,0.8789698939334475,-1.4098349872671425,0.06946707239106965,-0.2985477944635902,-0.2302515175485125,-0.3364794529509745,0.20771200358959788,0.5393325907373314,0.6275701658817056
-0.7909108616022238,0.01937063677588116,-0.2770867959954463,-0.3462171297964327,0.022307745407095292,-1.5215781281288188,-0.19379456778184626,0.8789698939334475,-1.2222052994528767,0.7853966046998286,-0.33310758156483583,-0.2529915301742943,-0.22784027392502323,-0.47940427887566756,-0.970298726269822,1.0218744783441625
-1.607294117519004,0.13577423132235864,0.5857527417390582,0.5163015900528881,-0.34932359918387046,-1.5215781281288188,-0.19379456778184626,0.8789698939334475,-1.2222052994528767,0.7853966046998286,-0.4290143523436524,-0.2976625929447574,-0.18340800170468885,-0.7900724534220431,-1.0320700008074457,1.0967093146533349
-0.3051122105005879,-0.09703295777059631,-0.7085065648626988,-0.11790335101278908,1.7875566322141823,-1.5215781281288188,-0.19379456778184626,0.9473521873374989,-1.2222052994528767,0.7853966046998286,-0.48108860750719346,-0.22161360938517885,-0.3158051568809614,-1.6062861000388688,0.31430531914655,-0.11644362558913232
0.2969023347989464,-0.21343655231707379,-0.516764445366142,-0.18132384511935679,0.1152155815548367,0.6572123912097525,-0.19379456778184626,0.9473521873374989,-1.2222052994528767,0.7853966046998286,-0.42050730799190306,-0.2054244246787352,-0.39782848817648825,-0.3043747303692556,0.5004542454623548,-0.6727692637460726
0.6229874054140713,-0.8187352439587566,-0.516764445366142,-0.9043174779342287,0.30103125385031954,0.6572123912097525,-0.19379456778184626,0.9473521873374989,-1.2222052994528767,0.7853966046998286,-0.4098317316578359,-0.33782427704557305,-0.29337795807523703,0.2975147422210448,0.08030544671080003,0.5140422017098338
-0.30076846168153365,-0.4229630225007333,1.0970650603965424,1.0109814440841167,-0.34932359918387046,0.6572123912097525,-0.19379456778184626,0.9473521873374989,-1.2222052994528767,0.7853966046998286,-0.27171368926784384,-0.29844404150921294,-0.3659563782443325,0.6235320663945911,0.20573465513242567,0.6791741171237697
-0.2789373478032556,0.6013886095082686,0.3460750923683625,-0.8662651814702881,-0.34932359918387046,0.6572123912097525,-0.19379456778184626,0.9473521873374989,-1.2222052994528767,0.7853966046998286,-0.3550233382924875,-0.333005133205109,-0.4003419913572507,-0.3000318839942325,-0.4830214179529091,0.22489141296250498
-1.3659292962125118,-0.4229630225007333,-0.5487214652822352,1.0617178393693707,-0.34932359918387046,0.6572123912097525,-0.19379456778184626,0.9473521873374989,-1.2222052994528767,0.7853966046998286,-0.3005066852306738,-0.42891552436097635,-0.48937496501502925,-0.2782053056817138,-0.7944309964967965,-0.181941957095729
-1.8290252379437881,-0.46952446031932416,0.26618254257813057,-0.06716695572753485,-0.34932359918387046,0.6572123912097525,-0.19379456778184626,0.9473521873374989,-1.2222052994528767,0.7853966046998286,-0.3167389231967479,-0.48099174527142763,-0.40629949481983274,-1.3649714239528705,-1.61259252226574,0.3797531730936014
-0.232697911777105,0.34530070150601816,-0.5646999752402813,0.4782492935889474,-0.16350792688838758,0.6572123912097525,-0.19379456778184626,1.0157344807415505,-1.2222052994528767,0.7853966046998286,-0.463961292666129,-0.4204081588774874,-0.2907291075270474,-1.827971154281084,-0.307574164584598,-0.6416604523090429
0.33895709091962223,-0.935138838505234,-0.83633464452707,0.26261961362661723,-0.024146172666775465,0.6572123912097525,-0.19379456778184626,1.0157344807415505,-1.2222052994528767,0.7853966046998286,-0.3743521310077528,-0.4097321795519395,-0.2008584861837945,-0.23197547622002648,0.2957517063805611,-0.8083391019949977
0.6269214423295648,-0.30655942795425584,-0.7883991146529307,-0.2193761415832973,-0.34932359918387046,0.6572123912097525,-0.19379456778184626,1.0157344807415505,-1.2222052994528767,0.7853966046998286,-0.29394259170436315,-0.271608923354967,-0.06492908116173891,0.3395607611736152,0.6225470650204743,0.7829878177930898
0.5999574372926055,-1.0981038708703026,-0.9162271943173019,1.0363496417267437,0.6262086803674145,0.6572123912097525,-0.19379456778184626,1.0157344807415505,-1.2222052994528767,0.7853966046998286,-0.2438396496923485,-0.35492171722891575,-0.11150156188321997,0.6274652859865515,-0.30322095408499816,1.0564075248628981
0.124846320031512,-1.4705953734190305,0.3780321122844551,1.2519793216890738,-0.30286968110999973,0.6572123912097525,-0.19379456778184626,1.0157344807415505,-1.2222052994528767,0.7853966046998286,-0.14027074446854831,-0.3004030062223081,-0.1666069197395093,0.6005068829091929,-0.2813422870368485,0.7599361586472633
-1.6149881641211457,-0.49280517922861955,0.7135808214034294,0.9095086535136082,-0.34932359918387046,0.6572123912097525,-0.19379456778184626,1.0157344807415505,-1.2222052994528767,0.7853966046998286,-0.2499713750278434,-0.3166358569378402,-0.2582511212020471,0.12549447328745278,-1.37070195305593,1.0210209695360295
-1.330010368047402,1.3696523335150197,0.441946152116641,-0.840896983827661,-0.34932359918387046,0.6572123912097525,-0.19379456778184626,1.0157344807415505,-1.2222052994528767,0.7853966046998286,-0.4883976838342288,-0.4638637838927195,-0.22604896079353057,-1.6139785481493112,-1.8348066238931398,0.8388556702725358
-0.29023890224370075,-0.3996823035914375,-0.22915126612130757,0.021621736021660086,1.9269183864357948,0.6572123912097525,-0.19379456778184626,1.084116774145602,-1.2222052994528767,0.7853966046998286,-0.41724866237477864,-0.37425123958523754,-0.3100269202152183,-1.3290599581949292,-0.23500213092062947,-0.9843356781868134
0.2367750151388102,-0.44624374141002876,-0.5966569951563739,0.23725141598399024,-0.11705400881451687,0.6572123912097525,-0.19379456778184626,1.084116774145602,-1.2222052994528767,0.7853966046998286,-0.35954425579627336,-0.2938386649085537,-0.21612932699038878,-0.2895045121456135,0.3378980673993132,-0.7216833690473494
0.4627262046539716,-0.935138838505234,-0.6126355051144206,0.9475609499775489,0.25457733577644887,0.6572123912097525,-0.19379456778184626,1.084116774145602,-1.2222052994528767,0.7853966046998286,-0.30521823611770893,-0.24373383156457198,-0.15439320040511753,0.23739991442979716,0.6264896711700788,0.5224406846682246
-0.37602556997986136,-1.0981038708703026,0.2342255226620379,1.3915044087235229,-0.34932359918387046,0.6572123912097525,-0.19379456778184626,1.084116774145602,-1.2222052994528767,0.7853966046998286,-0.12250445104343684,-0.14016101672641823,-0.25552585781514403,0.4633041610136823,0.5994669323498096,0.1780657267807539
0.21560316164319968,0.7643536418733372,-0.4368718955759101,-1.6146270119277872,-0.34932359918387046,0.6572123912097525,-0.19379456778184626,1.084116774145602,-1.2222052994528767,0.7853966046998286,-0.37609747626983875,-0.24986578836607815,-0.18610655309597676,-0.3752733571048434,0.1233209141765161,0.5091429955806843
-0.42585974455079384,-1.074823151961007,-1.1399263337299512,0.2879878112692442,3.459897682873528,0.6572123912097525,-0.19379456778184626,1.084116774145602,-1.2222052994528767,0.7853966046998286,-0.25547505329661413,-0.48830109750820305,-0.16004006343602506,0.21623245953401593,-1.6203033282649106,0.811406054728681
-0.6371145717335805,-0.842015962868052,-0.9961197441075338,0.5163015900528881,1.6946487960664411,0.6572123912097525,-0.19379456778184626,1.084116774145602,-1.2222052994528767,0.7853966046998286,-0.29004470032111085,-0.4171493902500091,-0.22989937855296325,-0.42509717827937593,-1.3347047852324059,0.5245782816320059
0.38305456916677827,-0.49280517922861955,-0.516764445366142,0.719247171193905,-0.256415763036129,0.6572123912097525,-0.19379456778184626,1.1524990675496534,-1.2222052994528767,0.7853966046998286,-0.2732126203991298,-0.35944280539245627,-0.25263471116319874,-0.6363081158023848,-0.29266845885326065,-0.9794736286511098
-0.21030239512518173,-0.44624374141002876,0.8573874110258466,1.0744019381906844,-0.30286968110999973,0.6572123912097525,-0.19379456778184626,1.1524990675496534,-1.2222052994528767,0.7853966046998286,-0.0780469180974326,-0.30511473496530234,-0.29729658039135043,0.3836490778629355,0.23549341563660112,-1.0410166043580025
0.11564586163079055,1.1601258633313605,-0.2930653059534929,-0.7140559956145256,-0.34932359918387046,0.6572123912097525,-0.19379456778184626,1.1524990675496534,-1.2222052994528767,0.7853966046998286,-0.30292355456329195,-0.12239405264291141,-0.2212632481170723,-0.20958461239246473,0.4619367786321263,0.30038268242246163
0.008897121649729818,-0.3298401468635513,-0.7883991146529307,1.4168726063661499,-0.30286968110999973,0.6572123912097525,-0.19379456778184626,1.1524990675496534,-1.2222052994528767,0.7853966046998286,-0.16266393463087778,-0.37599665073222277,-0.20507739523094712,0.11629592634595992,-0.37864198961465745,0.48584362581193324
-0.014577947560200132,-1.21450746541678,-0.5966569951563739,1.5056612981153445,-0.34932359918387046,0.6572123912097525,-0.19379456778184626,1.1524990675496534,-1.2222052994528767,0.7853966046998286,-0.25367696681687474,-0.2553696743927615,-0.3374499990039691,0.009569364158145181,0.2142754449913396,0.06724764396768676
-1.1550294553896265,-0.516085898137915,0.8414089010678006,1.4168726063661499,-0.34932359918387046,0.6572123912097525,-0.19379456778184626,1.1524990675496534,-1.2222052994528767,0.7853966046998286,-0.1695770056083828,-0.28994062638411006,-0.29807786812953513,-0.013900827942870269,-0.42858471444014823,0.1922132818731378
-1.8748808654903786,0.27545854477813153,1.2248931400609135,0.6177743806233965,-0.34932359918387046,0.6572123912097525,-0.19379456778184626,1.1524990675496534,-1.2222052994528767,0.7853966046998286,-0.42291760056237104,-0.27310791106928484,-0.3326318469689391,-1.1541153990388775,-0.6402997030576293,-0.49399723573643173
-0.6829067176495193,-0.842015962868052,-0.4528504055339567,0.5543538865168288,0.06876166348096599,0.6572123912097525,-0.19379456778184626,1.2208813609537048,-1.2222052994528767,0.7853966046998286,-0.5328464928283767,-0.0779348414730372,-0.42852249925618535,-1.8738172550020924,0.38209160006154336,-0.8042558838002188
-1.0977423914456264,-0.49280517922861955,-0.3090438159115395,0.3894606018397527,-0.256415763036129,0.6572123912097525,5.1601033581379605,1.2208813609537048,-0.7095914593360166,1.3094933969888636,-0.43972925231256227,-0.30281996678913414,-0.480588002603394,-0.682090748081492,-0.21255783170022857,-1.6193935878805172
-0.008465469169936339,-0.4229630225007333,-0.2930653059534929,-0.16863974629804307,-0.256415763036129,0.6572123912097525,-0.19379456778184626,1.2208813609537048,-0.7095914593360166,1.3094933969888636,-0.4524076765284746,-0.1625550522074994,-0.42001688463376124,-1.0968402368808847,0.11410041506858817,-0.31919841326255777
-0.09799536409268628,-0.3531208657728467,-0.19719424620521434,1.6959227804350478,-0.34932359918387046,0.6572123912097525,-0.19379456778184626,1.2208813609537048,-0.7095914593360166,1.3094933969888636,-0.2295422087947304,-0.2535715200371988,-0.4093431024815412,-0.007789619462508774,0.007119151864287669,0.2818976414664607
-0.46363569283089295,-0.30655942795425584,1.41663525955747,1.3027157169743278,-0.34932359918387046,0.6572123912097525,-0.19379456778184626,1.2208813609537048,-0.7095914593360166,1.3094933969888636,-0.12602714565125128,-0.1694683841459701,-0.271248272785334,-0.09730091392684315,-0.016407051427032263,0.6074852057258263
-1.3287177507060683,-0.3531208657728467,-0.5646999752402813,-0.48574221683088165,-0.34932359918387046,0.6572123912097525,-0.19379456778184626,1.2208813609537048,-0.7095914593360166,1.3094933969888636,-0.3873330350934237,-0.4228185424338976,-0.3545439204431854,-0.4628652783434607,-1.1593427240400074,-0.31486129167927734
-1.68449398261739,-0.0039100821334142515,0.17031148282985203,1.3407680134382685,-0.34932359918387046,0.6572123912097525,-0.19379456778184626,1.2208813609537048,-0.7095914593360166,1.3094933969888636,-0.4688286712377912,-0.5327515843969012,-0.3000364296772731,-1.3277676094038393,-1.8807621355069584,-0.29306348542188254
-0.2765578811647629,0.717792204054746,0.8893444309419393,0.16114682305610903,-0.34932359918387046,0.6572123912097525,-0.19379456778184626,1.2892636543577563,-0.7095914593360166,1.3094933969888636,-0.4010095155341281,-0.43963082880579163,-0.3162659395857898,-1.6834699263282995,-0.6861915947632545,-1.3783970156705878
-0.16241827409345674,-0.12031367667989173,-0.34100083582763213,1.8100796698268695,-0.30286968110999973,0.6572123912097525,-0.19379456778184626,1.2892636543577563,-0.7095914593360166,1.3094933969888636,-0.3536699777209887,-0.4523097316185297,-0.46346356625023655,-0.27582633339396617,-1.1019308757401396,-1.8407864142476407
0.15400627871721317,-0.5393666170472108,-0.46882891549200334,0.9348768511562352,-0.34932359918387046,0.6572123912097525,-0.19379456778184626,1.2892636543577563,-0.7095914593360166,1.3094933969888636,-0.17405866032827658,-0.2294358509539963,-0.37386946468099785,-0.1617104396199529,-0.010281258657811492,-0.24689459667122157
0.19073915813508557,0.08921279350376782,-0.4528504055339567,0.719247171193905,-0.34932359918387046,0.6572123912097525,-0.19379456778184626,1.2892636543577563,-0.7095914593360166,1.3094933969888636,-0.16078927341861515,-0.125916880228644,-0.2934734393398751,0.1546483737889083,-0.10000617021258397,0.3238882348567776
-0.15079529829322752,-0.7256123683215745,0.5537957218229655,1.835447867469497,-0.34932359918387046,0.6572123912097525,-0.19379456778184626,1.2892636543577563,-0.7095914593360166,1.3094933969888636,-0.21382435224809657,-0.38723263368602284,-0.24337891783708948,0.19137362169557784,-0.4664429473941141,0.6114132405009411
-1.4676060728068319,0.391862139324609,0.825430391109754,0.300671910090558,0.1152155815548367,0.6572123912097525,-0.19379456778184626,1.2892636543577563,-0.7095914593360166,1.3094933969888636,-0.3806866557683538,-0.46873134620266765,-0.139827418835105,-0.15008987857379238,-1.3334093522742259,0.5844903743111463
-1.6939067761275264,0.04265135568517658,-0.21317275616326095,-0.6252673038653308,0.1152155815548367,0.6572123912097525,-0.19379456778184626,1.2892636543577563,-0.7095914593360166,1.3094933969888636,-0.5026279391485975,-0.40090963039909805,-0.24950961264927168,-1.4666270764896174,-1.6899605463650618,0.1101041316972831
-0.23373988612845956,-0.0039100821334142515,-0.7085065648626988,0.021621736021660086,1.6481948779925701,0.6572123912097525,-0.19379456778184626,1.357645947761808,-0.7095914593360166,1.3094933969888636,-0.5034398286587953,-0.35356830556951646,-0.48789585053660267,-1.6928807642651114,-0.27895763737462675,-1.627075895714371
-0.008384475365311006,-0.12031367667989173,-0.1812157362471683,0.3133560089118717,-0.34932359918387046,0.6572123912097525,-0.19379456778184626,1.357645947761808,-0.7095914593360166,1.3094933969888636,-0.28403140866126886,-0.17395020804349093,-0.416758786678199,-0.23301723409396186,-0.16456940807751963,-1.3425328888339183
0.15514055681888345,0.08921279350376782,0.20226850274594524,1.4168726063661499,-0.34932359918387046,0.6572123912097525,-0.19379456778184626,1.357645947761808,-0.7095914593360166,1.3094933969888636,-0.38004305346156003,-0.1606803202288,-0.3590640781427355,-0.007708642484909723,0.15254438993590208,-0.30434779713743554
0.17834309282136976,0.11249351241306323,1.7681624786344903,1.7973955710055562,-0.34932359918387046,0.6572123912097525,-0.19379456778184626,1.357645947761808,-0.7095914593360166,1.3094933969888636,-0.3135337393490337,-0.21371740107524767,-0.30474718872143164,0.15578241623641323,0.1893572819845806,0.22186205775617726
0.10365403566626927,0.8807572364198147,-0.22915126612130757,0.12309452659216831,-0.34932359918387046,0.6572123912097525,-0.19379456778184626,1.357645947761808,-0.7095914593360166,1.3094933969888636,-0.36748670945858053,-0.38058600346730925,-0.12206411128730421,0.17898013175065458,-0.1529211147719298,0.4474685146754455
-0.9596669260867436,0.04265135568517658,-0.14925871633107565,1.936920658040005,-0.34932359918387046,0.6572123912097525,-0.19379456778184626,1.357645947761808,-0.7095914593360166,1.3094933969888636,-0.3429280337586915,-0.5025318899993461,-0.37561451661308565,0.10430659176669463,-1.4726002049747038,-0.39000358058515683
-0.5780595078922912,0.08921279350376782,2.0717541678373714,0.9475609499775489,-0.34932359918387046,0.6572123912097525,-0.19379456778184626,1.357645947761808,-0.7095914593360166,1.3094933969888636,-0.39721802593851874,-0.5033438101574964,-0.25501236594693705,-0.9587934576603455,-1.6993938430969415,0.2007225060511927
1.3616676860677148,1.4860559280614971,2.3433888371241602,0.6558266770873373,-0.34932359918387046,0.6572123912097525,-0.19379456778184626,1.4260282411658594,-0.7095914593360166,1.3094933969888636,-0.25668580319553497,-0.28392710772900026,-0.2895762030524924,-0.5772653210613793,-0.2360463749309491,-0.4397617234060423
0.4813821424888875,0.6945114851454506,-0.8682916644431626,-1.6653634072130414,1.6481948779925701,0.6572123912097525,-0.19379456778184626,1.4260282411658594,-0.7095914593360166,1.3094933969888636,-0.19607063042671227,-0.3799423768652232,-0.27274695200000754,1.3620588810818717,-0.010200088430115339,-0.6506942401591918
-0.13874655776329303,-0.12031367667989173,-0.5646999752402813,0.2879878112692442,0.9049321888106389,0.6572123912097525,-0.19379456778184626,1.4260282411658594,-0.7095914593360166,1.3094933969888636,-0.30293007125671567,-0.3134305520978963,-0.07761405005955521,0.4819562229477475,0.1536811387552623,0.36791843380267797
0.021018099897298508,-0.28327870904496005,-0.5327429553241886,0.8841404558709812,0.16166949962870744,0.6572123912097525,-0.19379456778184626,1.4260282411658594,-0.7095914593360166,1.3094933969888636,-0.2656353698931069,-0.36738555887381413,-0.3024528928207593,-0.1380436412535107,0.17693421519934627,-0.22453324874666086
-0.2925213222514341,-0.14359439558918713,-0.3889363657017714,0.1357786254134818,-0.16350792688838758,0.6572123912097525,-0.19379456778184626,1.4260282411658594,-0.7095914593360166,1.3094933969888636,-0.2950142569272543,-0.3428259561104323,-0.1622168455045764,0.021687824188172743,0.10208246815850543,0.10091771038977054
-1.1178927014595177,0.15905495023165406,-0.46882891549200334,0.5289856888742018,-0.34932359918387046,0.6572123912097525,-0.19379456778184626,1.4260282411658594,-0.7095914593360166,1.3094933969888636,-0.37464361832655063,-0.3971179976788499,-0.2532145816611046,-0.29178645796471436,-0.963554650369839,-0.005668163574426301
-1.2624524140686209,0.01937063677588116,-0.6445925250305132,-0.5745309085800766,-0.256415763036129,0.6572123912097525,-0.19379456778184626,1.4260282411658594,-0.7095914593360166,1.3094933969888636,-0.40381695632995,-0.25658046999618384,-0.16912875464256402,-1.1169863605277106,-0.5811160037514582,-0.029107416989073764
-0.0988071263236961,0.15905495023165406,-0.11730169641498242,1.23929522286776,-0.30286968110999973,0.6572123912097525,-0.19379456778184626,1.4944105345699108,-0.7095914593360166,1.3094933969888636,-0.3030623429527572,-0.1959630090700325,-0.4224267721204154,-1.2615160398510017,1.3628363606360905,-1.167818943676432
-0.06211912185162929,-0.2599979901356646,-0.053387656582797115,2.0764457450744542,-0.30286968110999973,0.6572123912097525,-0.19379456778184626,1.4944105345699108,-0.7095914593360166,1.3094933969888636,-0.08659162622831193,-0.30282648372855603,-0.532337189278679,-0.09811250750860309,0.48063335337571866,-1.8865720800934125
0.07640363361746505,0.41514285823390484,-0.22915126612130757,-0.6379514026866443,-0.34932359918387046,0.6572123912097525,-0.19379456778184626,1.4944105345699108,-0.7095914593360166,1.3094933969888636,-0.10155849465516986,-0.2655303745302361,-0.4392355984343541,-0.06143212522465702,-0.14084612932346513,-0.6964165212279174
-0.5105146880439919,0.32201998259672276,0.25020403262008395,1.6959227804350478,-0.34932359918387046,0.6572123912097525,-0.19379456778184626,1.4944105345699108,-0.009347931404889999,1.5013261370085875,-0.005511272817203222,-0.29491037058565,-0.45191189186145775,0.07706185117846236,0.019266532380692918,-1.1106192823183925
-0.7809073970574784,0.34530070150601816,0.20226850274594524,1.911552460397378,-0.34932359918387046,0.6572123912097525,-0.19379456778184626,1.4944105345699108,-0.009347931404889999,1.5013261370085875,-0.15811966236861752,-0.37454273790736703,-0.2290838798269705,-0.5097345341192268,-0.29495585049491757,-0.02300426437641414
-1.541144434197168,-0.3764015846821421,0.5697742317810116,2.1018139427170808,-0.34932359918387046,0.6572123912097525,-0.19379456778184626,1.4944105345699108,-0.009347931404889999,1.5013261370085875,-0.26878329152495517,-0.4037171771727789,-0.12558621385638272,-0.7800710671666382,-1.122125077747834,-0.11239756398779181
-1.657829143885791,0.27545854477813153,1.8160980085086296,-0.06716695572753485,-0.34932359918387046,0.6572123912097525,-0.19379456778184626,1.4944105345699108,-0.009347931404889999,1.5013261370085875,-0.362545762010007,-0.30295876041771125,-0.38684818714183267,-1.540150159773862,-1.2669996745451013,-0.47748003711143144
-0.7552487786553702,1.2532487389685423,0.18628999278789862,0.8841404558709812,0.2081234177025781,0.6572123912097525,-0.19379456778184626,1.5627928279739622,-0.009347931404889999,1.5013261370085875,-0.2517538787449418,-0.08647987215742316,-0.46833012678997216,-1.6568106274024204,-0.10081970064779454,-1.3412422436323752
-0.6415612045747225,0.29873926368742737,0.07444042308157406,1.213927025225133,-0.34932359918387046,0.6572123912097525,-0.19379456778184626,1.5627928279739622,-0.009347931404889999,1.5013261370085875,-0.39235015647236887,-0.10144730556740515,-0.4005223690562401,-0.7544177795209773,-0.06405178129283923,-1.696475669532155
-0.5313789839842166,-0.2367172712263692,1.2728286699350528,2.051077547431827,-0.34932359918387046,0.6572123912097525,-0.19379456778184626,1.5627928279739622,-0.009347931404889999,1.5013261370085875,-0.21606985081273714,-0.0053964580505119234,-0.3531907873231041,-0.6407538248246245,0.07477270848805534,-0.2906876491236987
-1.0634885791557198,0.9040379553291101,0.457924662074687,-0.38426942626037347,0.16166949962870744,0.6572123912097525,-0.19379456778184626,1.5627928279739622,-0.009347931404889999,1.5013261370085875,-0.2442101316100499,-0.1580106084038675,-0.17360965615688914,-0.5305944953568434,-0.5134240558037821,-0.17672218427808453
-1.0475495821452199,-0.3531208657728467,-0.48480742545004935,1.0870860370119977,1.183655697253863,0.6572123912097525,-0.19379456778184626,1.5627928279739622,-0.009347931404889999,1.5013261370085875,-0.38808402998630076,-0.2686784149927273,-0.16034249935568942,-1.0625935410587417,-0.7844057421134082,0.1392196011803586
-1.5613294037220458,-0.0737522388613009,-0.2451297760793536,1.213927025225133,-0.30286968110999973,0.6572123912097525,-0.19379456778184626,1.5627928279739622,-0.009347931404889999,1.5013261370085875,-0.3936936382065896,-0.36244442490980894,-0.2133686648888091,-1.046657855485738,-1.546298749771657,0.17589643742844938
-1.922494277499446,0.32201998259672276,-0.16523722628912169,1.5690817922219125,-0.11705400881451687,0.6572123912097525,-0.19379456778184626,1.5627928279739622,-0.009347931404889999,1.5013261370085875,-0.4379696027459933,-0.2516483593707674,-0.3802029248349697,-1.5603309357309199,-1.6632376255029369,-0.16511694159370308
0.02696968518919336,-0.1901558334077784,1.9918616180471396,1.9496047568613186,-0.34932359918387046,0.6572123912097525,-0.19379456778184626,1.6311751213780137,-0.009347931404889999,1.5013261370085875,-0.46019693217326985,-0.3922499444558833,-0.5021237142549613,-1.9214207749936292,-0.7586912333592847,-1.4799186645171294
0.6429268396663769,1.1601258633313605,2.551109466578763,-0.06716695572753485,-0.34932359918387046,0.6572123912097525,-0.19379456778184626,1.6311751213780137,-0.009347931404889999,1.5013261370085875,-0.2408892483917562,-0.2159629844050347,-0.5029354673156247,0.02763817299682561,-0.6447560216842988,-1.7058741019904715
-0.62728112121115,0.9738801120569964,-0.16523722628912169,0.8460881594070404,-0.34932359918387046,0.6572123912097525,-0.19379456778184626,1.6311751213780137,-0.009347931404889999,1.5013261370085875,-0.2444315334437273,-0.24410432746756577,-0.283563922011506,0.6434673580907376,-0.5343337989628077,-0.2479349812875375
-0.9447917936450649,0.04265135568517658,-0.2770867959954463,2.051077547431827,-0.34932359918387046,0.6572123912097525,-0.19379456778184626,1.6311751213780137,-0.009347931404889999,1.5013261370085875,-0.4333377645900459,-0.3879836569281463,-0.37955943069466164,-0.6264767082476992,-1.0676024507958515,-0.022923394143630052
-0.46133174744265626,-0.4229630225007333,0.825430391109754,0.744615368836532,-0.34932359918387046,0.6572123912097525,-0.19379456778184626,1.6311751213780137,-0.009347931404889999,1.5013261370085875,-0.34773565669128303,-0.393593476905089,-0.3130612944146301,-0.9439214156308989,-1.0516287349965328,0.14035214871962157
-2.1739187482421736,0.8341957986012235,0.0904189330396201,0.9982973452628029,-0.34932359918387046,0.6572123912097525,-0.19379456778184626,1.6311751213780137,-0.009347931404889999,1.5013261370085875,-0.2126812320447122,-0.4378711128143513,-0.3670051969631815,-0.4605618116159041,-1.5665276867866966,0.16351928472937227
-2.124037874540647,-0.3531208657728467,-0.4528504055339567,1.9876570533252593,-0.34932359918387046,0.6572123912097525,-0.19379456778184626,1.6311751213780137,-0.009347931404889999,1.5013261370085875,-0.4054514325216535,-0.46009928129931593,-0.34245064869667424,-2.17279301055372,-1.9284792604407102,0.08894418029394162
-0.7851431541370378,-0.6324894926843925,1.576420359137934,1.860816065112124,-0.34932359918387046,0.6572123912097525,-0.19379456778184626,1.6995574147820651,-0.009347931404889999,1.5013261370085875,-0.38320589829686996,-0.240783318889516,-0.3967315166741725,-2.122922499950663,0.02523108158949867,-0.9727544780040676
-0.990112205374625,0.6712307662361552,0.18628999278789862,1.4422408040087769,0.34748517192419026,-1.5215781281288188,-0.19379456778184626,1.6995574147820651,-0.009347931404889999,1.5013261370085875,-0.3664972946093329,-0.2443257376589234,-0.2562229123621843,-0.7843059442382017,0.6425299319308398,-0.5917292763324336
-1.140552360068862,0.46170429605249563,-0.06936616654084372,1.7973955710055562,-0.30286968110999973,-1.5215781281288188,-0.19379456778184626,1.6995574147820651,-0.009347931404889999,1.5013261370085875,-0.46223157386259717,-0.43323909981151437,-0.19561792683189935,-0.9892324117296858,-0.630444833026065,1.3450384855823898
-1.058557077997713,0.717792204054746,-0.053387656582797115,1.8988683615760646,-0.34932359918387046,-1.5215781281288188,-0.19379456778184626,1.6995574147820651,-0.009347931404889999,1.5013261370085875,-0.42245835868361564,-0.34763376052559897,-0.3024594084189604,-1.1396413114353647,-0.9486471164802175,0.46609598923963275
-0.5671428564422795,0.2288971069595407,0.9532584707741252,1.7847114721842425,-0.34932359918387046,-1.5215781281288188,-0.19379456778184626,1.6995574147820651,-0.009347931404889999,1.5013261370085875,-0.42527693403138317,-0.2125742377203098,-0.2651709749582814,-1.0576630644544025,-0.4641339834847414,-0.15308658376672774
-0.377724615692137,1.0902837066034738,2.3274103271661137,1.4802931004727176,-0.16350792688838758,-1.5215781281288188,-0.19379456778184626,1.6995574147820651,-0.009347931404889999,1.5013261370085875,-0.399708783204753,-0.405351715064194,-0.2945449244542429,-0.5663509376216396,-2.18045139130897,0.00643432175745996
-0.4051388295349728,1.1368451444220646,2.551109466578763,2.24133902975153,-0.30286968110999973,-1.5215781281288188,-0.19379456778184626,1.6995574147820651,-0.009347931404889999,1.5013261370085875,-0.3206829287473267,-0.3831053410945109,-0.3741609030112222,-0.3769720498285542,-2.130461865631475,-0.30662673486841757
-1.0022558035135756,3.2321098462586595,1.4326137695155168,-0.5618468097587631,-0.34932359918387046,-1.5215781281288188,5.1601033581379605,1.7679397081861168,-0.009347931404889999,1.5013261370085875,-0.3667824960518283,-0.36639610667522415,-0.4033293380218624,-0.40438056817777845,-0.7886507256427523,-1.130738849105421
-1.48262932905336,1.509336646970793,1.5125063193057486,-1.1199471578965592,0.022307745407095292,-1.5215781281288188,5.1601033581379605,1.7679397081861168,-0.009347931404889999,1.5013261370085875,-0.41052887170511554,-0.4621339997941703,-0.3025916578848695,-1.0013734869516553,-0.9940662464542811,-1.2750780076864785
0.2680108961141519,2.0447931818845895,2.8547011557816453,0.05967403248560058,-0.11705400881451687,-1.5215781281288188,-0.19379456778184626,1.7679397081861168,-0.009347931404889999,1.5013261370085875,-0.4036419240461557,-0.4223592832192571,-0.08615732213117763,-1.4816472115501627,-1.1448340942873825,-0.11320808771723967
1.1347376389948922,3.6046013488073876,2.103711187753465,0.1357786254134818,-0.34932359918387046,-1.5215781281288188,-0.19379456778184626,1.7679397081861168,-0.009347931404889999,1.5013261370085875,-0.2780626107198655,-0.42517796496520094,-0.10112167516375616,0.268629305933598,-1.0626602076979876,-0.07657605794947484
-0.5748857911967614,1.9982317440659987,1.192936120144821,1.7973955710055562,4.388976044350942,-1.5215781281288188,-0.19379456778184626,1.7679397081861168,-0.009347931404889999,1.5013261370085875,-0.2257346643997726,-0.3996088489684818,-0.005090595422150194,1.1351759803047916,-0.5701755733324152,0.06173535404678541
-1.772549206556888,1.3463716146057247,0.5537957218229655,2.051077547431827,-0.34932359918387046,-1.5215781281288188,-0.19379456778184626,1.7679397081861168,-0.009347931404889999,1.5013261370085875,-0.4017238777387317,-0.32058001137037034,-0.15767333697164992,-0.5740922637275686,-0.38034473623792764,-0.5242875092767989
-2.234068322956732,1.229968020059247,0.12237595295571332,-0.7774764897210933,-0.34932359918387046,-1.5215781281288188,5.1601033581379605,1.7679397081861168,0.6908955965262368,1.3094933969888642,-0.4510349315373363,-0.36668131888376604,-0.26831836753730187,-1.7715068561825362,-0.4078186645220435,-0.7942676814911263
-2.4453581744874655,0.7643536418733372,-0.40491487565981743,-0.8662651814702881,-0.256415763036129,-1.5215781281288188,5.1601033581379605,-1.7195572554205087,0.6908955965262368,1.3094933969888642,-0.38813817371281245,-0.4104293459155033,-0.36206507991082665,-2.232930088775748,-1.0062362961333764,-1.553344828798549
-1.6385376600704604,0.717792204054746,-0.13328020637302904,1.4295567051874631,-0.256415763036129,-1.5215781281288188,-0.19379456778184626,-1.7195572554205087,0.6908955965262368,1.3094933969888642,-0.35175113288384957,-0.4035421382817048,-0.2512918167913672,-2.4441760433701516,-1.4876561853167727,-1.6698515132111895
-0.24908894177826454,0.41514285823390484,1.4326137695155168,2.1525503380023356,-0.34932359918387046,-1.5215781281288188,-0.19379456778184626,-1.7195572554205087,0.6908955965262368,1.3094933969888642,-0.36648111153224217,-0.2779580844719188,-0.391864465322451,-1.6375231515270388,0.2667973355201904,-0.7686482103143448
0.5880695898610485,1.6257402415172704,1.8160980085086296,1.911552460397378,-0.34932359918387046,-1.5215781281288188,-0.19379456778184626,-1.7195572554205087,0.6908955965262368,1.3094933969888642,-0.15079585090306735,-0.22562816282834844,-0.21561378606560322,-0.2483631008706918,1.1354120079067826,-0.6551340887949239
1.1885102285248144,1.5791788036986796,2.3753458570402537,1.9622888556826323,-0.34932359918387046,-1.5215781281288188,-0.19379456778184626,-1.7195572554205087,0.6908955965262368,1.3094933969888642,-0.02509067028767327,-0.4016240195701035,-0.24374933749005587,0.5886215052606283,-0.5779353739735275,-0.5451199726654163
1.08973317607075,2.184477495340362,2.6150235064109495,1.7593432745416155,-0.34932359918387046,-1.5215781281288188,-0.19379456778184626,-1.7195572554205087,0.6908955965262368,1.3094933969888642,0.15975150701617957,-0.4509369348077502,-0.3875990558193784,1.1889373982052116,-1.7782075747651758,-1.0764177308979919
0.20113664659420946,3.837408537900343,2.0397971479212793,1.860816065112124,-0.34932359918387046,-1.5215781281288188,-0.19379456778184626,-1.7195572554205087,0.6908955965262368,1.3094933969888642,0.0065138132053878,-0.3880378026985252,-0.3932077212655328,1.0901808673708606,-2.2407319855839622,-1.06050305193524
-0.27789683279973126,1.6257402415172704,0.6496667815712436,-0.041798758084907635,-0.34932359918387046,-1.5215781281288188,-0.19379456778184626,-1.6511749620164573,0.6908955965262368,1.3094933969888642,-0.05737159363914939,-0.3516493882980565,-0.43747624460182427,0.20176895000415226,-2.4524820748404474,-1.5734990022167221
0.025233790944181763,1.4394944902429063,0.9372799608160786,1.7720273733629293,-0.34932359918387046,-1.5215781281288188,-0.19379456778184626,-1.6511749620164573,0.6908955965262368,1.3094933969888642,-0.06595212786855531,-0.36637992298723976,-0.4596998384114891,-0.277165006852419,-1.643904120414113,-1.934112848558729
-0.6147241627990621,1.1834065822406563,0.6336882716131975,1.4295567051874631,-0.34932359918387046,-1.5215781281288188,-0.19379456778184626,-1.6511749620164573,0.6908955965262368,1.3094933969888642,-0.03001047649617463,-0.15068652047234168,-0.240429012393235,0.025902639395917817,-0.25142886434207073,0.012376826745543372
-0.0902279852620341,0.7876343607826327,0.9852154906902179,2.0383934486105133,-0.34932359918387046,-1.5215781281288188,-0.19379456778184626,-1.6511749620164573,0.6908955965262368,1.3094933969888642,-0.08390959772252309,-0.024976594622097503,-0.24397070211401847,-0.613922358631064,0.5875531904617685,0.6273942184833605
-0.6332710143836111,1.3929330524243155,1.3527212197252847,-1.6907316048556684,-0.024146172666775465,-1.5215781281288188,-0.19379456778184626,-1.6511749620164573,0.6908955965262368,1.3094933969888642,-0.04772117261876238,0.1598725602743829,-0.4328451848918997,-0.08953514882317079,1.189301726461756,-0.6408757924828736
-2.263731026970226,0.8574765175105189,0.5058601919488263,0.23725141598399024,0.25457733577644887,-1.5215781281288188,-0.19379456778184626,-1.6511749620164573,0.6908955965262368,1.3094933969888642,-0.05136762943528524,0.006629081906093515,-0.3472574636401209,-0.6324653569781896,1.0903095149470525,-0.9579020404773033
-2.169064957356171,0.8574765175105189,0.18628999278789862,1.02366554290543,-0.34932359918387046,-1.5215781281288188,-0.19379456778184626,-1.6511749620164573,0.6908955965262368,1.3094933969888642,-0.26271821713815163,-0.0572587365435779,-0.21222573680296986,-2.2625866301561572,0.19977741855674583,-0.4751796068411111
0.06626955744184403,0.15905495023165406,1.975883108089094,2.0130252509678863,-0.34932359918387046,-1.5215781281288188,-0.19379456778184626,-1.5827926686124059,0.6908955965262368,1.3094933969888642,-0.16245085963457695,-0.06583959467888698,-0.40496353951668573,-2.167940228076536,-0.2802995055531532,-2.1851537222482333
1.4956237773365615,1.1368451444220646,2.790787115949459,1.3788203099022092,-0.34932359918387046,-1.5215781281288188,-0.19379456778184626,-1.5827926686124059,0.6908955965262368,1.3094933969888642,0.2395711148670384,-0.029896586547971546,-0.38272174396908804,0.06692988042765667,0.023491406168942283,-2.135348951545383
-0.6427804896875519,0.950599393147701,0.07444042308157406,1.6325022863284802,-0.34932359918387046,-1.5215781281288188,-0.19379456778184626,-1.5827926686124059,0.6908955965262368,1.3094933969888642,0.40023874749011795,-0.08379774240795387,-0.3660159483991166,1.4959871420409954,-0.6178605226804126,-0.7984969760973669
-0.5581339374443806,-0.12031367667989173,0.4898816819907797,1.911552460397378,-0.34932359918387046,-1.5215781281288188,-0.19379456778184626,-1.5827926686124059,0.6908955965262368,1.3094933969888642,-0.01207170122394819,-0.047607951230216494,-0.4617341381504551,-0.6419728566224907,-0.09222187225050084,-1.0031533070821308
-0.8816512855508131,1.067002987694179,0.07444042308157406,-0.18132384511935679,4.899969143163521,-1.5215781281288188,-0.19379456778184626,-1.5827926686124059,0.6908955965262368,1.3094933969888642,-0.105712964785465,-0.05125454569654726,-0.42196760742376394,-0.557343890289326,-0.6364477735587813,-1.1533639359873442
-1.69586631542764,0.8807572364198147,0.3620536023264091,1.3280839146169552,-0.2099618449622583,-1.5215781281288188,-0.19379456778184626,-1.5827926686124059,0.6908955965262368,1.3094933969888642,-0.28789450435237773,-0.2626131116559139,-0.4247857090700126,-0.8807940254163916,-2.2704593017656975,-1.0714937537065525
-1.2206632592531923,0.27545854477813153,1.4805492993896558,1.9876570533252593,-0.34932359918387046,-1.5215781281288188,-0.19379456778184626,-1.5827926686124059,0.6908955965262368,1.3094933969888642,-0.23081222183500083,-0.16234196916784752,-0.3992218553333608,-1.6948398964573057,-2.175587027753895,-0.5808292803627533
1.555048785853014,1.4627752091522022,2.6150235064109495,0.5797220841594558,-0.34932359918387046,-1.5215781281288188,-0.19379456778184626,-1.5144103752083544,0.6908955965262368,1.3094933969888642,-0.12173046187538458,0.2396951812292605,-0.3202092822903599,-1.2197355670231598,0.06461655797172239,-0.391700034071916
-0.31787055891336274,1.7654245549730436,0.26618254257813057,1.6451863851497939,-0.2099618449622583,-1.5215781281288188,-0.19379456778184626,-1.5144103752083544,0.6908955965262368,1.3094933969888642,0.01803854777412144,0.4003688788820061,-0.3663011019094691,1.5553998045985846,1.4970842389753978,-0.4190724221862718
-0.5898535922257065,0.46170429605249563,0.12237595295571332,1.9242365592186916,-0.34932359918387046,-1.5215781281288188,-0.19379456778184626,-1.5144103752083544,0.6908955965262368,1.3094933969888642,-0.12910670295129137,-0.011957134106346252,-0.4100401253645593,-0.3171304281464042,-0.6459779626795726,-1.0152783777943442
-1.5637230990018893,1.1368451444220646,0.13835446291375939,0.2879878112692442,-0.34932359918387046,-1.5215781281288188,5.1601033581379605,-1.5144103752083544,0.6908955965262368,1.3094933969888642,-0.13629002634061912,-0.10560193252446232,-0.40315433515472304,-0.5890569550917379,-0.5611470308440313,-1.4949189998569972
-0.5477426512135389,1.276529457877838,0.5218387019068729,1.860816065112124,-0.34932359918387046,-1.5215781281288188,-0.19379456778184626,-1.5144103752083544,0.6908955965262368,1.3094933969888642,-0.29664990582496775,-0.2877903492478006,-0.27759612721115845,-1.562724133703919,-0.8853690738870883,0.2530502823046741
-0.8525486062674758,0.8109150796919281,1.41663525955747,1.8481319662908102,-0.34932359918387046,-1.5215781281288188,-0.19379456778184626,-1.5144103752083544,0.6908955965262368,1.3094933969888642,-0.05407467380064086,-0.23070591193588783,-0.22527697534379096,-0.5469547629204778,-1.7013576507227912,1.1184546645435236
-0.8026352620767095,0.8341957986012235,1.0651080404804498,1.8735001639334372,-0.34932359918387046,-1.5215781281288188,-0.19379456778184626,-1.5144103752083544,0.6908955965262368,1.3094933969888642,-0.020482887800142593,-0.12162003425760368,-0.4012366112021546,-0.8516973924171056,-1.2251194933721168,-0.5885604017605387
0.311750104468788,1.4627752091522022,1.5444633392218412,-1.3863132331441432,-0.34932359918387046,-1.5215781281288188,-0.19379456778184626,-1.446028081804303,0.6908955965262368,1.3094933969888642,-0.0012342409209559198,0.018154251521114398,-0.45053937757956336,-0.8017944180707786,1.5566386887810284,-1.784396548058399
-0.5222631677576887,1.1601258633313605,0.2821610525361772,1.5437135945792855,0.34748517192419026,0.6572123912097525,-0.19379456778184626,-1.446028081804303,0.6908955965262368,1.3094933969888642,0.14808023996693592,-0.1289965537786473,-0.3876531904462698,0.3123594271634605,-0.320360303604519,-2.2452115270585145
-0.4295420439654394,0.6479500473268598,0.04248340316548141,-0.6760036991505848,-0.34932359918387046,0.6572123912097525,-0.19379456778184626,-1.446028081804303,1.2035094366430976,0.7853966046998287,-0.13692951723521915,-0.1361801483306775,-0.35127226497502473,-0.5214805730045438,-0.5929357783038387,-2.456179014723139
-0.6823346532997573,0.624669328417564,0.6017312516971048,1.7212909780776748,-0.34932359918387046,0.6572123912097525,-0.19379456778184626,-1.446028081804303,1.2035094366430976,0.7853966046998287,-0.07537857668571302,-0.29654608122734344,-0.3659997680418213,-0.428778712670705,-1.5689265960835115,-1.6505894623159005
-0.187396836406305,0.9040379553291101,1.1609791002287282,1.7086068792563616,-0.34932359918387046,0.6572123912097525,-0.19379456778184626,-1.446028081804303,1.2035094366430976,0.7853966046998287,0.04361056186342227,-0.05396169224990501,-0.15035075637637527,-0.6815188025820778,-0.5507331100100232,-0.2632606189601678
-0.1940054930591199,0.717792204054746,2.4871954267465775,1.6071340886858532,-0.34932359918387046,0.6572123912097525,-0.19379456778184626,-1.446028081804303,1.2035094366430976,0.7853966046998287,0.07901440167800322,-0.02036863819575273,-0.02466670229748793,-0.18668381246273663,-0.8562030022977334,0.5726206641087556
-0.70312999505496,1.6257402415172704,1.6563129089281659,-0.6760036991505848,-0.34932359918387046,0.6572123912097525,-0.19379456778184626,-1.446028081804303,1.2035094366430976,0.7853966046998287,0.031023625029578256,-0.0011192647009282538,0.16014440965975246,-0.19329109612116388,-0.8061809354028305,1.1721452135034611
-0.8215491396407612,0.8341957986012235,-0.3729578557437248,-1.3609450355015162,7.176211128783185,0.6572123912097525,-0.19379456778184626,-1.3776457884002515,1.2035094366430976,0.7853966046998287,0.2830599725295024,0.1482008526474091,0.006932469614371602,-0.7023098239603841,0.3106318178959567,1.0735188647026073
-0.6185217506923602,0.9040379553291101,1.1609791002287282,1.6832386816137341,-0.34932359918387046,0.6572123912097525,-0.19379456778184626,-1.3776457884002515,1.2035094366430976,0.7853966046998287,0.11707013889171436,-0.13681966336536838,-0.056942200382460964,-0.8207043661452065,-0.5251981263991294,0.18627806249161163
1.6193772030817328,1.1601258633313605,2.5031739367046244,1.6578704839711071,-0.34932359918387046,0.6572123912097525,-0.19379456778184626,-1.3776457884002515,1.2035094366430976,0.7853966046998287,-0.058555024786740045,-0.07526639933431022,-0.06552129253152654,-0.6177191575490623,-0.4322750347469278,-0.29202455792687726
2.5567856339735737,2.0447931818845895,2.5031739367046244,1.23929522286776,-0.34932359918387046,0.6572123912097525,-0.19379456778184626,-1.3776457884002515,1.2035094366430976,0.7853966046998287,0.44464506550571364,0.043727230926338165,-0.029585681662855527,1.6197148571511735,-0.6856182843262175,0.010643580945669695
1.3698236162583814,1.6723016793358612,1.0810865504384963,0.8460881594070404,-0.34932359918387046,0.6572123912097525,-0.19379456778184626,-1.3776457884002515,1.2035094366430976,0.7853966046998287,0.6096414323912045,0.0791324071976482,-0.0834757443782763,2.556928534921141,-0.18960237942434718,-0.6283379921592172
-0.5864379886271878,1.6257402415172704,0.6816238014873367,0.8080358629430997,-0.34932359918387046,0.6572123912097525,-0.19379456778184626,-1.3776457884002515,1.2035094366430976,0.7853966046998287,1.0415321314219441,0.03113981894921821,-0.047293401252046945,1.3702131168213108,-0.19622543124610242,-0.10464203580804049
-2.2632549147403545,0.8341957986012235,-0.06936616654084372,-0.25742843804723803,0.1152155815548367,0.6572123912097525,-0.19379456778184626,-1.3776457884002515,1.2035094366430976,0.7853966046998287,0.15905612299592872,0.28318568054914833,-0.0509392452298413,-0.5856420611086248,-0.7064589231022015,-0.6468565469053821
-1.1073817487065318,0.5781078905989732,0.10639744299766672,0.744615368836532,-0.34932359918387046,0.6572123912097525,-0.19379456778184626,-1.3092634949961999,1.2035094366430976,0.7853966046998287,-0.4337494677281015,0.11718958097435213,-0.26225431247217484,-2.2621106168419134,-0.8251360117274102,-2.274828974833359
-0.6134694885013345,0.6945114851454506,-0.13328020637302904,0.12309452659216831,-0.2099618449622583,0.6572123912097525,-0.19379456778184626,-1.3092634949961999,1.2035094366430976,0.7853966046998287,-0.05877068786560306,-0.058442212364416685,-0.1620038063185474,-1.1064775914982705,-0.6216663825905759,-2.1803073367666266
-0.27151948277813537,-0.3531208657728467,1.784140988592537,1.4422408040087769,-0.34932359918387046,0.6572123912097525,-0.19379456778184626,-1.3092634949961999,1.2035094366430976,0.7853966046998287,0.10633458619592316,0.4447768731881634,0.23995060269468277,-0.612667945000649,1.6211072280469965,0.05161673938032704
-0.005319844920150311,0.7876343607826327,0.5218387019068729,1.0870860370119977,-0.34932359918387046,0.6572123912097525,-0.19379456778184626,-1.3092634949961999,1.2035094366430976,0.7853966046998287,0.017504645805613697,0.6097794685083652,0.40059123284587184,-0.2707889817696492,2.5605575493619166,1.4787902007150546
-0.593555227999111,0.5082657338710865,0.825430391109754,0.4782492935889474,-0.34932359918387046,0.6572123912097525,-0.19379456778184626,-1.3092634949961999,1.2035094366430976,0.7853966046998287,0.27556186092028556,1.0416864709467004,-0.011649921255957783,-0.004644648738040738,1.3710100563121088,-0.6563515136505755
-1.7801961891914764,0.41514285823390484,-0.22915126612130757,0.18651502069873624,-0.34932359918387046,0.6572123912097525,-0.19379456778184626,-1.3092634949961999,1.2035094366430976,0.7853966046998287,0.12950543047663055,0.1591771500041361,-0.10527544707648823,-0.592757821824563,-0.5895127347378021,-0.5718341062273576
-2.0971172851016586,0.04265135568517658,-0.48480742545004935,-0.5998991062227036,-0.34932359918387046,0.6572123912097525,-0.19379456778184626,-1.3092634949961999,1.2035094366430976,0.7853966046998287,-0.20535131901848772,-0.4336508184909189,-0.28742636845465425,-1.779152250103292,-2.269982152454261,-0.8948578655393762
-1.0710614998878838,0.01937063677588116,-0.005452126708657854,0.9856132464414892,0.4868469261458025,0.6572123912097525,-0.19379456778184626,-1.2408812015921484,1.2035094366430976,0.7853966046998287,-0.18017253169194256,-0.05865788358432809,-0.23035367942355683,-2.096007503451383,-1.111591229730568,-1.7078306516313093
-0.5595889072319165,-0.3298401468635513,0.5857527417390582,1.3153998157956415,-0.30286968110999973,0.6572123912097525,-0.19379456778184626,-1.2408812015921484,1.2035094366430976,0.7853966046998287,0.12946037909298644,0.10645362302303735,-0.12129025219909698,-1.0701648884639483,-0.6166031154144843,-1.2333526103748305
-0.24300528550766176,0.29873926368742737,2.0717541678373714,1.0744019381906844,-0.34932359918387046,0.6572123912097525,-0.19379456778184626,-1.2408812015921484,1.2035094366430976,0.7853966046998287,0.20206551381212845,0.01762032939838377,0.018455267288186476,-0.5587985577967682,-0.27390826420147685,1.5381245447942415
-0.15117472872929483,1.0204415498755877,0.745537841319522,1.1251383334759384,-0.34932359918387046,0.6572123912097525,-0.19379456778184626,-1.2408812015921484,1.2035094366430976,0.7853966046998287,0.009982041149750723,0.2756872858943136,-0.12866525359318948,-0.24228070852199546,-0.007128782517410259,-0.3319372963271878
-0.6414546721830602,0.9971608309662923,-0.053387656582797115,-0.18132384511935679,-0.024146172666775465,0.6572123912097525,-0.19379456778184626,-1.2408812015921484,1.2035094366430976,0.7853966046998287,0.1953045840880903,0.12962534197809983,-0.1358473697232533,-0.1504692301805474,-0.5966454770883987,-0.6035053664905707
-1.8222578772143465,0.5082657338710865,-0.14925871633107565,1.1758747287611924,-0.34932359918387046,0.6572123912097525,-0.19379456778184626,-1.2408812015921484,1.2035094366430976,0.7853966046998287,0.1636525364777878,-0.20524404799778234,-0.2961802984579864,-0.6406473145658075,-1.7858712142806845,-1.5758890454476902
-1.4246797211940767,0.391862139324609,1.5125063193057486,1.213927025225133,-0.34932359918387046,0.6572123912097525,-0.19379456778184626,-1.2408812015921484,1.2035094366430976,0.7853966046998287,-0.23744480924417705,-0.18006431019920002,-0.05364583463803979,-1.8212051995179057,-2.1034826369783004,-0.5614586739297691
0.8077692981050364,0.950599393147701,2.0397971479212793,1.1758747287611924,-0.34932359918387046,0.6572123912097525,-0.19379456778184626,-1.172498908188097,1.2035094366430976,0.7853966046998287,-0.1580120453545162,0.12958028889381462,-0.020059694213084164,-1.4237096431249938,-1.0751918670851366,-0.8657995880677679
1.4700742451848277,1.3463716146057247,2.1196896977115114,1.137822432297252,-0.34932359918387046,0.6572123912097525,-0.19379456778184626,-1.172498908188097,1.2035094366430976,0.7853966046998287,0.1509891593605437,0.20218816437840384,-0.0008142823417070957,0.8082755693620577,-0.5626051698892538,-0.8159623964157402
1.2602543217568964,1.1834065822406563,1.624355889012073,1.1505065311185654,-0.34932359918387046,0.6572123912097525,-0.19379456778184626,-1.172498908188097,1.3911391244573632,0.06946707239107,0.17688106514430335,0.01009744077231685,0.1484751041322869,1.4704429179822818,-0.24533195647369382,0.29672275796863146
0.555484541815917,1.4394944902429063,0.47390317203273363,0.9348768511562352,-0.34932359918387046,0.6572123912097525,-0.19379456778184626,-1.172498908188097,1.3911391244573632,0.06946707239107,0.07057317962804967,0.19542697943656806,-0.13648675314234862,1.2606665861028925,-0.15330137169445499,-0.5360180643939569
0.3130908802885458,1.5326173658800888,1.3207641998091921,0.44019699712500715,-0.34932359918387046,0.6572123912097525,-0.19379456778184626,-1.172498908188097,1.3911391244573632,0.06946707239107,0.06671822944244618,0.16377373699564154,-0.0749461571004131,0.5560432269858808,-0.6446492572406695,-0.4434384047549508
-0.28728737125544607,1.067002987694179,1.129022080312635,1.0617178393693707,-0.34932359918387046,0.6572123912097525,-0.19379456778184626,-1.172498908188097,1.3911391244573632,0.06946707239107,-0.021498896374387556,-0.23733874971807783,0.04402298363823293,0.31369992442771566,-1.8280245223009026,-0.6958453296738628
-1.2026103969094488,1.4162137713336114,0.8094518811517074,0.27530371244793095,-0.30286968110999973,0.6572123912097525,-0.19379456778184626,-1.172498908188097,1.3911391244573632,0.06946707239107,0.006457735119949352,-0.1579029873273401,0.07942087333595585,-0.2865535943584517,-1.4295803499291149,-0.20166263692376854
-0.26068637899145036,1.4394944902429063,1.129022080312635,0.9729291476201759,-0.34932359918387046,0.6572123912097525,-0.19379456778184626,-1.1041166147840455,1.3911391244573632,0.06946707239107,-0.23857749353966268,0.15110988184958332,0.03143816221744689,-1.2016864552871391,0.8077314550270281,-0.20826121078229418
-0.15243159204876677,0.8109150796919281,1.2568501599770063,0.9856132464414892,-0.34932359918387046,0.6572123912097525,-0.19379456778184626,-1.1041166147840455,1.3911391244573632,0.06946707239107,-0.1533779999112794,0.17700276502483203,0.2834321514384964,-0.25995812863562795,1.471479054086505,-0.7166089440805123
0.31742769720540576,0.624669328417564,1.784140988592537,0.9475609499775489,-0.34932359918387046,0.6572123912097525,-0.19379456778184626,-1.1041166147840455,1.3911391244573632,0.06946707239107,-0.14665263181245866,0.07069086650067587,0.11747021474388078,-0.1517258323779223,1.2612020947731477,-0.8348474171717128
0.7025849789988399,0.8109150796919281,1.9119690682569077,0.8207199617644134,-0.34932359918387046,0.6572123912097525,-0.19379456778184626,-1.1041166147840455,1.3911391244573632,0.06946707239107,-0.021545923839521707,0.0668357707948649,-0.05812543263768123,0.3180358403406955,0.5548971647132728,-0.6321297860917248
0.38859352385945406,1.6257402415172704,0.5537957218229655,0.6050902818020828,-0.34932359918387046,0.6572123912097525,-0.19379456778184626,-1.1041166147840455,1.3911391244573632,0.06946707239107,0.0544511107772664,-0.021384685123224435,0.4449900877506069,0.7031131030297887,0.31197551423276515,1.6023548164796309
-0.8175038274531489,1.509336646970793,0.9692369807321712,-0.09253515337016185,-0.34932359918387046,0.6572123912097525,-0.19379456778184626,-1.1041166147840455,1.3911391244573632,0.06946707239107,0.040305217384774814,0.006573001703767887,0.6099587246590878,0.38918688179924643,-0.2897104987540019,2.538333048032903
-1.2698505778980218,1.4860559280614971,1.0810865504384963,0.6304584794447103,-0.34932359918387046,0.6572123912097525,-0.19379456778184626,-1.1041166147840455,1.3911391244573632,0.06946707239107,-0.1981518489920506,-0.2384714767711727,1.0417768383391255,-0.8166598943993393,-1.207027307756346,1.3531819723112954
-1.1347594788535929,0.9738801120569964,0.6336882716131975,0.769983566479159,-0.30286968110999973,0.6572123912097525,5.1601033581379605,-1.035734321379994,1.3911391244573632,0.06946707239107,-0.2613020202076583,-0.15326876695389097,0.15944914250863795,-1.2689126666604076,-0.2630515634317209,-0.6000949740613208
0.9637013435243909,1.695582398245157,1.975883108089094,0.7826676653004727,-0.34932359918387046,0.6572123912097525,-0.19379456778184626,-1.035734321379994,1.3911391244573632,0.06946707239107,-0.07552788608274084,-0.14654314497968554,-0.4332568188374102,-1.1338496337314616,-0.15456097275031863,-2.274353589005527
1.4339798304430313,2.161196776431067,2.055775657879326,0.5416697876955151,-0.34932359918387046,0.6572123912097525,-0.19379456778184626,-1.035734321379994,1.3911391244573632,0.06946707239107,0.18829383961836071,-0.02143171436359462,-0.05834105947130848,0.9641752188143558,0.316321777730899,-1.1202439328603007
0.3090517703292201,2.3707232466147263,0.4259676421585944,-1.2467881461096946,0.06876166348096599,0.6572123912097525,-0.19379456778184626,-1.035734321379994,1.3911391244573632,0.06946707239107,0.1926391500596028,0.054568189059199745,0.10673646630981402,1.434356002106211,0.7023180203648336,-0.6270852321117689
-0.6135406317080986,0.9971608309662923,0.2821610525361772,0.693878973551278,-0.34932359918387046,0.6572123912097525,-0.19379456778184626,-1.035734321379994,1.3911391244573632,0.06946707239107,0.08498498617471724,0.04042176167450527,0.017921455049468495,0.309661653621579,0.38764261986710713,-0.28565693779620416
-0.8966756363082155,0.2056163880502453,1.6722914188862124,0.6685107759086506,-0.34932359918387046,0.6572123912097525,-0.19379456778184626,-1.035734321379994,1.3911391244573632,0.06946707239107,-0.045771655792403505,-0.1980443061991247,0.27593529999316363,-0.6127390734269171,-0.8210818879226394,-0.0198634393897595
-0.46893786833797824,0.6945114851454506,2.103711187753465,0.6431425782660236,-0.34932359918387046,0.6572123912097525,-0.19379456778184626,-1.035734321379994,1.3911391244573632,0.06946707239107,-0.06002298234380156,-0.2611968612655154,0.12990341640187147,-0.8958152547604188,-1.274413953271034,-0.6072013546968527
0.8727255997380478,1.8119859927916346,1.2248931400609135,-0.42232172272431395,-0.34932359918387046,0.6572123912097525,-0.19379456778184626,-0.9673520279759426,1.3911391244573632,0.06946707239107,0.3383552618121908,-0.07541571436760658,-0.20489705567247457,-0.46816635228670395,-1.1390285948490573,-1.7920318637299588
0.5549073697487438,1.951670306247407,0.9213014508580325,-1.0818948614326185,0.6726625984412853,0.6572123912097525,-0.19379456778184626,-0.9673520279759426,1.3911391244573632,0.06946707239107,0.824092107836068,0.18841597031880394,-0.17972249999785536,0.8732183758715866,0.964003156182026,-2.1084694347145994
-0.38848767078293434,1.4627752091522022,0.2342255226620379,-0.9296856755768558,1.7875566322141823,0.6572123912097525,-0.19379456778184626,-0.9673520279759426,1.3911391244573632,0.06946707239107,0.2756888943549486,0.19276144479082374,0.12985837258975064,0.5554661748302192,1.435306017436308,-1.0839790976629997
-0.6120258286594888,1.0902837066034738,0.7615163512775687,0.326040107733185,-0.34932359918387046,0.6572123912097525,-0.19379456778184626,-0.9673520279759426,1.3911391244573632,0.06946707239107,0.0019180122013185046,0.08510321707748081,0.20245130498738362,-0.3877328688197916,0.30792760616615567,-0.5732868561747906
-0.33631306712798625,0.5548271716896778,0.6976023114453828,0.18651502069873624,-0.34932359918387046,0.6572123912097525,-0.19379456778184626,-0.9673520279759426,1.3911391244573632,0.06946707239107,0.16069595549119076,-0.04565836081170223,0.010400114673893013,-0.6112245850891772,-0.6166744135874593,-0.2571862444934058
-0.9160703689825865,0.8807572364198147,1.496527809347702,-0.14327154865541608,-0.34932359918387046,0.6572123912097525,-0.19379456778184626,-0.9673520279759426,1.3911391244573632,0.06946707239107,0.31797766743827804,-0.059910225335291084,0.19569151153336978,-0.3355691048016651,-0.9004261511241269,-0.16549579313465826
-1.1551757550096853,1.8119859927916346,1.0171725106063105,-0.0037464616209671358,-0.34932359918387046,0.6572123912097525,-0.19379456778184626,-0.9673520279759426,1.3911391244573632,0.06946707239107,0.4731135940056574,0.3384830571693074,0.1640447834980926,-0.9152059580441724,-0.4717566722547497,-0.6550277189391968
-0.27605586551088435,1.8119859927916346,1.8480550284247224,-0.8916333791129152,-0.34932359918387046,0.6572123912097525,-0.19379456778184626,-0.8989697345718911,1.3911391244573632,0.06946707239107,0.5393448942969806,0.8242382392346942,-0.23698515213245303,-1.1542616682641726,0.8728292463734368,-1.8340293784465016
-0.6557960481555388,0.08921279350376782,0.6336882716131975,0.4021447006610664,0.6262086803674145,0.6572123912097525,-0.19379456778184626,-0.8989697345718911,1.3911391244573632,0.06946707239107,0.31883617603086833,0.2758143241243517,-0.15756573804411247,-0.27532442203733165,0.5543187354330453,-1.4370578054236012
-0.7574137211627003,0.5548271716896778,1.0970650603965424,0.008937637200346363,-0.30286968110999973,0.6572123912097525,-0.19379456778184626,-0.8989697345718911,1.3911391244573632,0.06946707239107,0.34433054214226627,0.002033107415498193,0.15138353464077903,-0.6549857110176732,-0.3911312357296805,0.7919851776104524
-0.9141812432153207,-0.30655942795425584,-0.3889363657017714,-0.2066920427619838,0.44039300807193166,0.6572123912097525,-0.19379456778184626,-0.8989697345718911,1.3911391244573632,0.06946707239107,0.43501432282300695,0.16081704440130434,0.17727108892295304,-0.7565822722464429,-0.6151563109506062,1.4532796493563027
-0.6828472492254036,-0.3298401468635513,-0.3889363657017714,-0.2954807345111785,0.30103125385031954,-1.5215781281288188,-0.19379456778184626,-0.8989697345718911,1.3911391244573632,0.06946707239107,0.2931240779506519,0.31810469356320775,0.07098106995295721,-0.913317224755925,-0.3388429838291864,1.2437798471325512
-1.650393401849738,-0.3531208657728467,-0.21317275616326095,-0.14327154865541608,-0.34932359918387046,-1.5215781281288188,-0.19379456778184626,-0.8989697345718911,1.2035094366430978,-0.6464624599176886,0.5221002431856808,0.4732464763443219,0.06712676764634669,-0.682031292012355,-0.9198631299716719,0.5400853309078965
-1.8638354265942754,0.04265135568517658,-0.34100083582763213,-0.5745309085800766,-0.256415763036129,-1.5215781281288188,-0.19379456778184626,-0.8989697345718911,1.2035094366430978,-0.6464624599176886,0.1715704315870173,0.5394802767957242,-0.021075532032694116,-1.6493764301934963,-1.1594893423341717,0.29806148817344985
-0.8847275907786223,-0.7721738061401657,0.18628999278789862,0.27530371244793095,-0.34932359918387046,-1.5215781281288188,-0.19379456778184626,-0.8305874411678396,1.2035094366430978,-0.6464624599176886,0.12327659419517699,0.3189632345635705,0.006876400953649889,-1.862774110872749,-0.2784545282155885,-0.30140076928519716
-0.5021489766026191,-0.3531208657728467,0.6496667815712436,0.22456731716267653,-0.34932359918387046,-1.5215781281288188,-0.19379456778184626,-0.8305874411678396,1.2035094366430978,-0.6464624599176886,0.22649462551055685,0.3444585630597641,-0.2381176460642957,-0.8838696915203917,-0.6590218720171602,-1.2153272911925654
-0.42533766286424546,-0.12031367667989173,0.8094518811517074,0.14846272423479553,-0.34932359918387046,-1.5215781281288188,-0.19379456778184626,-0.8305874411678396,1.2035094366430978,-0.6464624599176886,0.350094027242588,0.4351457669553183,-0.15293247141786437,-0.5013705607125954,-0.7608608916076158,-0.2748403620215999
-0.3796633592856573,0.11249351241306323,1.0011940006482645,-0.14327154865541608,-0.34932359918387046,-1.5215781281288188,-0.19379456778184626,-0.8305874411678396,1.2035094366430978,-0.6464624599176886,0.4996925539416124,0.2932501658794117,-0.14620823361243301,-0.4245752050589294,-0.9179698892554841,-0.16675073886407132
-0.7194929326103737,0.27545854477813153,0.9372799608160786,0.12309452659216831,-0.34932359918387046,-1.5215781281288188,-0.19379456778184626,-0.8305874411678396,1.2035094366430978,-0.6464624599176886,0.3769386333006535,0.5222349747174632,-0.021122551594196497,-0.3789103906346076,-0.6861319968032805,0.30239168843050435
-1.527627589749223,1.6490209604265662,1.2408716500189603,-0.10521925219147535,-0.34932359918387046,-1.5215781281288188,-0.19379456778184626,-0.8305874411678396,1.2035094366430978,-0.6464624599176886,0.18744031005136658,0.17169193099686283,0.05486171064425067,-0.7186693620017046,-1.655785686716405,0.6869613376920422
-1.749656052294577,0.04265135568517658,-0.8203561345690237,-1.031158466147364,2.1127340587312773,-1.5215781281288188,-0.19379456778184626,-0.8305874411678396,1.2035094366430978,-0.6464624599176886,0.14578805262798689,0.12339627056480164,0.04071819466955296,-1.5266361235443706,-1.8696926371132474,0.37344893773997667
-0.4913217102072562,-0.5859280548658017,-0.5327429553241886,-1.4751019248933381,5.55032399619771,-1.5215781281288188,-0.19379456778184626,-0.7622051477637881,1.2035094366430978,-0.6464624599176886,-0.016448464972804777,0.22661819824942386,-0.19769879561897252,-1.7486184581322617,-0.8884520800127944,-0.8308082768966035
-0.4276277444480861,0.18233566914094987,-0.2930653059534929,-0.14327154865541608,3.2276280925041747,-1.5215781281288188,-0.19379456778184626,-0.7622051477637881,1.2035094366430978,-0.6464624599176886,0.2672767370833772,0.35022226572542575,-0.2608383535536393,-0.4905455437571377,-0.5050401219254103,-1.2824648841744533
-0.41478329451328527,-0.16687511449848255,-0.16523722628912169,-0.07985105454884836,-0.34932359918387046,-1.5215781281288188,-0.19379456778184626,-0.7622051477637881,1.2035094366430978,-0.6464624599176886,0.40633293350815164,0.4998264396073184,-0.07509544140388144,-0.4268648108623918,-0.42806149554002176,-1.1475798929418732
-0.5338624291556702,-0.14359439558918713,0.2981395624942232,-0.09253515337016185,-0.34932359918387046,-1.5215781281288188,-0.19379456778184626,-0.7622051477637881,1.2035094366430978,-0.6464624599176886,0.3799192616190328,0.37706788513838707,0.18868194531857174,-0.4140230294514074,-0.38228770285936825,0.9476793182906652
-1.6479019302652136,0.34530070150601816,-0.3889363657017714,-0.7267400944358391,-0.34932359918387046,-1.5215781281288188,5.1601033581379605,-0.7622051477637881,1.2035094366430978,-0.6464624599176886,0.3110085270796083,0.18756240853199016,0.1930265254688328,-0.5330774245752886,-0.7228575028861111,1.417240303681936
-1.489405081032826,0.0659320745944724,-0.48480742545004935,-0.6252673038653308,-0.34932359918387046,-1.5215781281288188,5.1601033581379605,-0.7622051477637881,1.2035094366430978,-0.6464624599176886,0.2517558837538209,0.14590857878086277,0.08539045439135806,-1.6468854762295235,-1.5327524625383486,0.29402854066391854
-1.7093160298753622,-0.3764015846821421,0.3620536023264091,-0.5745309085800766,-0.34932359918387046,-1.5215781281288188,5.1601033581379605,-0.7622051477637881,1.2035094366430978,-0.6464624599176886,0.30526826349750896,-0.016334063073308966,-0.04534421206961015,-1.4884215558200249,-1.7552645539656095,-0.6271562667756995
-1.4648205426343563,-0.09703295777059631,-0.3250223258695855,-0.47305811800956815,-0.34932359918387046,-1.5215781281288188,5.1601033581379605,-0.6938228543597367,1.2035094366430978,-0.6464624599176886,0.14409853047604174,0.2674018493029255,-0.059593143483678265,-1.7082868166332985,-0.49418927126215273,-0.9098592937202286
-0.5885055196667963,-0.46952446031932416,0.01052638324938819,-0.11790335101278908,-0.34932359918387046,-1.5215781281288188,-0.19379456778184626,-0.6938228543597367,1.2035094366430978,-0.6464624599176886,0.2122052150754397,0.4064632949489823,0.33871814756443536,-1.4638421250304106,-0.43035656544645484,-0.4827741231159549
-0.4074154121513777,0.34530070150601816,1.049129530522403,-0.2447443392259245,-0.34932359918387046,0.6572123912097525,-0.19379456778184626,-0.6938228543597367,1.2035094366430978,-0.6464624599176886,0.27508660448233874,0.38004862597226735,0.8243733586297536,-0.5877091626042787,-0.41748413735565787,0.8568423757400495
-0.5256437470082747,0.717792204054746,0.9852154906902179,-0.282796635689865,-0.34932359918387046,0.6572123912097525,-0.19379456778184626,-0.6938228543597367,1.2035094366430978,-0.6464624599176886,0.18731930870805172,0.31113529012701374,0.27606231207805826,-0.4066566778183095,-0.5368226536470679,0.5395090394292495
-0.4011788891954756,1.1601258633313605,0.0904189330396201,-1.398997331965457,1.8340105502880533,0.6572123912097525,-0.19379456778184626,-0.6938228543597367,1.2035094366430978,-0.6464624599176886,0.20839195313462214,0.2518804100779132,0.0023374409997711813,-0.524860449916276,-1.6532887881357068,-0.40244666802357637
-1.2763527021591712,1.2532487389685423,0.3460750923683625,-0.35890122861774626,0.7191165165151558,0.6572123912097525,-0.19379456778184626,-0.6938228543597367,1.2035094366430978,-0.6464624599176886,0.43065525191539183,0.3053948098561617,0.16108869940681714,-0.40042145054343103,-1.4944466964371002,-0.6256437748544988
-1.6537280116436388,0.6712307662361552,0.2342255226620379,-0.3462171297964327,-0.34932359918387046,0.6572123912097525,-0.19379456778184626,-0.6938228543597367,1.2035094366430978,-0.6464624599176886,0.2662597945809981,0.14421899285128048,0.31834397793395286,-1.2754134400600146,-1.7148366617313493,-0.35035166689958314
-0.7733581907275643,1.0204415498755877,0.6976023114453828,-0.5998991062227036,-0.34932359918387046,0.6572123912097525,-0.19379456778184626,-0.6254405609556851,1.2035094366430978,-0.6464624599176886,0.10658437597380754,0.2123282484044904,0.47345383171101374,-1.6527103471990177,-1.4698086072790495,-0.9292244359482922
-1.347836301803416,1.0902837066034738,-0.42089338561786405,-1.1199471578965592,4.667699552794168,0.6572123912097525,5.1601033581379605,-0.6254405609556851,1.2035094366430978,-0.6464624599176886,0.27839770470309827,0.2752120115159494,0.5396740008940036,-0.7725234292368495,-0.5915847693339075,-1.1679650200878946
-0.23533823684039387,-0.3298401468635513,-0.9322057042753482,-1.0438425649686776,4.296068208203201,0.6572123912097525,-0.19379456778184626,-0.6254405609556851,1.2035094366430978,-0.6464624599176886,0.07656715259445883,0.18744140262100525,0.3192023422420114,-1.346882188489213,-0.41010020605719566,-0.2901863993925839
0.4603536699176764,-0.7488930872308699,-0.7564420947368381,-0.955053873219483,3.2276280925041747,0.6572123912097525,-0.19379456778184626,-0.6254405609556851,1.2035094366430978,-0.6464624599176886,0.18262318994007773,0.2085148425171516,0.34469242366399777,-0.2346152527374181,-0.5285860693261757,-0.6693472143463273
0.00902554425886104,-0.49280517922861955,-0.08534467649888977,-1.094578960253932,-0.256415763036129,0.6572123912097525,-0.19379456778184626,-0.6254405609556851,1.2035094366430978,-0.6464624599176886,0.5256358566769721,0.43078653149748275,0.4353609636506497,0.46093211918798127,-0.4038500985248407,-0.7708098497797564
-1.1059264140820366,0.7876343607826327,-0.3569793457856782,-0.8535810826489745,-0.30286968110999973,0.6572123912097525,-0.19379456778184626,-0.6254405609556851,1.2035094366430978,-0.6464624599176886,0.3359724760142202,0.2663848684120649,0.29349456544414865,0.009697760086586085,-1.2809302406491565,-0.9273381924107288
-1.1867388947361395,0.4849850149617911,-0.40491487565981743,-0.9296856755768558,-0.34932359918387046,0.6572123912097525,-0.19379456778184626,-0.6254405609556851,1.2035094366430978,-0.6464624599176886,0.18354572821460274,0.10670342223021616,0.5224322479906334,-1.1050225592296665,-1.6591275600547528,-0.696357143534478
-0.3587603906279179,0.4849850149617911,0.01052638324938819,-0.7521082920784663,-0.34932359918387046,0.6572123912097525,-0.19379456778184626,-0.5570582675516337,0.6908955965262368,-1.1705592522067243,0.2503244295700956,0.27852323672716744,0.1719613478928737,-1.1858182505288042,-0.7768400918817765,-1.6624271158494441
0.05094166233558423,-0.2599979901356646,-0.8203561345690237,-0.6633196003292713,0.2081234177025781,0.6572123912097525,-0.19379456778184626,-0.5570582675516337,0.6908955965262368,-1.1705592522067243,0.17088639145220397,0.07668506573309308,0.12367562696460088,-0.35801176471400215,-1.3525695479579698,-1.875543493168001
0.6695449792673862,-0.9584195574145294,-0.8043776246109771,-0.48574221683088165,-0.16350792688838758,0.6572123912097525,-0.19379456778184626,-0.5570582675516337,0.6908955965262368,-1.1705592522067243,0.25295873868122526,0.18274510657961793,0.22687631102749628,0.05160516979822183,-0.2376482072170872,-0.897929477263738
0.5282512871041274,-1.3309110599632574,-0.5487214652822352,-0.3335330309751192,-0.34932359918387046,0.6572123912097525,-0.19379456778184626,-0.5570582675516337,0.6908955965262368,-1.1705592522067243,0.39568114694793166,0.5257707216743465,0.3504549401289952,0.6700799675880964,0.4595590759713738,-0.5159345613593884
0.22837975190385706,-1.2377881843260754,0.0265048932074348,-0.5111104144735089,-0.34932359918387046,0.6572123912097525,-0.19379456778184626,-0.5570582675516337,0.6908955965262368,-1.1705592522067243,0.3562749241867903,0.3361001814237455,0.5000283246761991,0.5288156301721847,0.007247854207296943,-0.439240438256903
-1.0950528133930388,-0.44624374141002876,-0.053387656582797115,-1.0818948614326185,-0.30286968110999973,0.6572123912097525,-0.19379456778184626,-0.5570582675516337,0.6908955965262368,-1.1705592522067243,0.2404978715585253,0.18366767967896677,0.37729503457069685,0.22900639536917622,-1.1101327250536877,-0.39363581973406536
-0.9191284323625069,-0.6092087737750971,-0.8842701744012089,-0.6633196003292713,-0.024146172666775465,0.6572123912097525,-0.19379456778184626,-0.5570582675516337,0.6908955965262368,-1.1705592522067243,0.038351561164623266,0.2504489018583379,0.18782855919931354,-1.0941512176068457,-1.1911212338134434,-0.7329469167842162
0.425967056975147,-0.3298401468635513,-0.7244850748207451,-0.9423697743981694,0.06876166348096599,0.6572123912097525,-0.19379456778184626,-0.4886759741475822,0.6908955965262368,-1.1705592522067243,0.21472316074535644,0.17100786504027296,0.1461833020278943,-0.9182633860901545,-0.3613392027447851,-1.5398486069323432
0.4918157498068291,-0.14359439558918713,-0.7085065648626988,-0.9296856755768558,0.022307745407095292,0.6572123912097525,-0.19379456778184626,-0.4886759741475822,0.6908955965262368,-1.1705592522067243,0.428725573632848,0.25308331041179233,-0.016025949427659402,0.42655265030347456,0.049255275196659926,-1.7615383217666554
0.41790160634999923,-0.7954545250494611,-0.42089338561786405,-0.42232172272431395,-0.34932359918387046,0.6572123912097525,-0.19379456778184626,-0.4886759741475822,0.6908955965262368,-1.1705592522067243,0.4746131649748823,0.39581110629532,0.26765156858869393,0.4923876626111954,0.6692060519409647,-0.5051238140700276
0.6371974400817593,-1.261068903235371,-0.6126355051144206,-0.7647923908997798,-0.34932359918387046,0.6572123912097525,-0.19379456778184626,-0.4886759741475822,0.6908955965262368,-1.1705592522067243,0.555679273885663,0.35640339599181453,0.40668439464960693,0.41848887533179524,0.5276045897306677,-0.4415270258747641
0.2555684965067992,-1.3076303410539618,-0.13328020637302904,-0.5998991062227036,-0.34932359918387046,0.6572123912097525,-0.19379456778184626,-0.4886759741475822,0.6908955965262368,-1.1705592522067243,0.7132914982709322,0.24062197290481196,0.38027516195225974,0.6377391488287358,0.22707986559406895,-0.42870217265276817
-0.7693008389203507,-0.7256123683215745,-0.7564420947368381,-0.5745309085800766,-0.30286968110999973,0.6572123912097525,-0.19379456778184626,-0.4886759741475822,0.6908955965262368,-1.1705592522067243,0.400785623465322,0.03846803170594068,0.3113760088380544,0.25618949132130964,-1.0992354391700836,-0.5475996288570353
-0.9138047314749139,-1.1912267465074844,-0.83633464452707,-0.8789492802916016,-0.34932359918387046,0.6572123912097525,-0.19379456778184626,-0.4886759741475822,0.6908955965262368,-1.1705592522067243,0.40846765899703125,0.2148462891241377,0.2521333237584285,-0.7684669203726956,-0.9229278545145632,-1.6599394454906127
0.42696269703286355,-1.21450746541678,-0.5487214652822352,-0.815528786185034,-0.34932359918387046,0.6572123912097525,-0.19379456778184626,-0.4202936807435307,0.6908955965262368,-1.1705592522067243,0.3825470267341846,0.42885678037166713,0.3056367099885741,-0.9129407912384512,0.4250975611042023,-1.5016844141056729
0.5691615496883179,-1.3774724977818487,-0.34100083582763213,-0.7140559956145256,-0.34932359918387046,0.6572123912097525,-0.19379456778184626,-0.4202936807435307,0.6908955965262368,-1.1705592522067243,0.44144822132261163,0.47474610392073185,0.14449406382408278,0.42754808351004375,0.4910896874818547,-1.7212598459171966
0.3686442390092851,-0.9118581195959387,-0.5327429553241886,-1.37362913432283,-0.34932359918387046,0.6572123912097525,-0.19379456778184626,-0.4202936807435307,0.6908955965262368,-1.1705592522067243,0.39320258912319667,0.5558152729896004,0.21258930213024527,0.5697173933647628,0.41701454207893507,-1.4771373842140585
0.2108745098337109,-0.1901558334077784,-0.021430636666704465,-0.6125832050440171,-0.16350792688838758,0.6572123912097525,-0.19379456778184626,-0.4202936807435307,0.6908955965262368,-1.1705592522067243,0.3590393147210329,0.7134334470661736,0.27546012342879433,0.36924174155176687,0.6367880524007083,-0.6021593506791983
0.2430509404861475,-0.30655942795425584,-0.40491487565981743,-1.5385224189999058,-0.34932359918387046,0.6572123912097525,-0.19379456778184626,-0.4202936807435307,0.6908955965262368,-1.1705592522067243,0.23709499867073108,0.4009157755011878,0.18770757819198872,0.21150479013483178,0.2543278335146075,-0.42134553143200393
-0.7959926755868224,-0.30655942795425584,-0.16523722628912169,-0.6125832050440171,-0.34932359918387046,0.6572123912097525,-0.19379456778184626,-0.4202936807435307,0.6908955965262368,-1.1705592522067243,0.1501517453712373,0.40859810102144445,0.20877668106212055,0.24367453590998991,-0.7727739022323533,-0.539393485911746
-1.0294485613230524,-0.16687511449848255,-0.2611082860374002,-0.9931061696834236,-0.34932359918387046,0.6572123912097525,-0.19379456778184626,-0.4202936807435307,0.6908955965262368,-1.1705592522067243,0.08682920527501492,0.3826764902827152,0.43100262534665695,-0.7951532116244387,-0.9175925573862075,-0.4151185235078773
-0.4720594133485511,-0.2599979901356646,-0.005452126708657854,-0.5745309085800766,-0.34932359918387046,0.6572123912097525,-0.19379456778184626,-0.35191138733947924,0.6908955965262368,-1.1705592522067243,0.0002549052618304404,0.441579908327645,0.26663479699790976,-1.028560595276552,0.4260953698941723,-1.2889570881772485
-0.06518119843808542,0.29873926368742737,-0.16523722628912169,-0.9170015767555422,-0.34932359918387046,0.6572123912097525,-0.19379456778184626,-0.35191138733947924,0.6908955965262368,-1.1705592522067243,-0.029107414330641516,0.39333245490770313,0.10698621410698737,-0.4712872487745882,0.5686039642436861,-1.6657566380459174
0.11320692656818328,0.04265135568517658,-0.516764445366142,-0.840896983827661,-0.34932359918387046,0.6572123912097525,-0.19379456778184626,-0.35191138733947924,0.6908955965262368,-1.1705592522067243,0.15318188696862295,0.3591678908788152,0.27877066717225235,-0.06449356564340336,0.3676498809020183,-0.7867299929474236
0.2911058052140994,0.5082657338710865,-0.2930653059534929,-1.1326312567178725,-0.34932359918387046,0.6572123912097525,-0.19379456778184626,-0.35191138733947924,0.6908955965262368,-1.1705592522067243,0.2020091612684501,0.23721897156224017,0.07697403554729088,0.11385749798907648,0.20953649309436956,-1.3603316256522613
0.2269360920620168,0.3685814204153136,-0.3729578557437248,-0.815528786185034,-0.34932359918387046,0.6572123912097525,-0.19379456778184626,-0.35191138733947924,0.6908955965262368,-1.1705592522067243,0.24225481096827253,0.150272436248803,0.18301224867330504,0.29171941690553815,0.24178301138783106,-0.24953089340381202
-1.1220066029951905,0.08921279350376782,-0.40491487565981743,-0.8028446873637203,-0.34932359918387046,0.6572123912097525,-0.19379456778184626,-0.35191138733947924,0.6908955965262368,-1.1705592522067243,0.1368532344588827,0.08694750579505842,0.5259672672719873,0.22756303545770978,-0.799523879837041,0.4450995997034908
-0.7290133530230478,-0.30655942795425584,-0.8043776246109771,-0.8916333791129152,1.2301096153277338,0.6572123912097525,-0.19379456778184626,-0.35191138733947924,0.6908955965262368,-1.1705592522067243,-0.12115422422702939,0.0003699376955187433,0.33633576222737577,-1.1210994073717244,-1.0334882860021333,-0.005539936899025333
0.7658367623652148,-0.888577400686643,-0.8842701744012089,-0.840896983827661,-0.024146172666775465,0.6572123912097525,-0.19379456778184626,-0.28352909393542775,0.6908955965262368,-1.1705592522067243,-0.03360511640063044,-0.028993490292816674,0.18393463190220313,-0.7281878044808165,-0.47488501670583566,-1.1187908186325384
0.9297419546593906,-0.516085898137915,-1.1559048436879977,-0.98042207086211,0.16166949962870744,0.6572123912097525,-0.19379456778184626,-0.28352909393542775,0.6908955965262368,-1.1705592522067243,0.1474412225728204,0.15330269223076243,0.2507021101508586,0.7663517453982072,-0.06712052778395014,-1.1994800040904698
1.387131846371341,-1.121384589779598,-1.171883353646044,-0.7774764897210933,0.9049321888106389,0.6572123912097525,-0.19379456778184626,-0.28352909393542775,0.6908955965262368,-1.1705592522067243,0.14461755787554514,0.2021318097074778,0.17127742272069604,0.9302228852486044,0.11165616744639349,-0.37276474263070425
1.4726452512261416,-0.842015962868052,-1.0280767640236264,-1.2594722449310078,-0.256415763036129,0.6572123912097525,-0.19379456778184626,-0.28352909393542775,-0.009347931404889483,-1.3623919922264476,0.3347502275779307,0.24237897863712501,0.253335976529021,1.387517751029073,0.28994255062567303,0.03631222996670686
1.2285011019754595,-0.8187352439587566,-0.9002486843592555,-0.9296856755768558,-0.34932359918387046,0.6572123912097525,-0.19379456778184626,-0.28352909393542775,-0.009347931404889483,-1.3623919922264476,0.27879938124412834,0.1369734233320192,0.3960343982730256,1.4730133898792075,0.22563306113019616,0.6539717469223654
0.15621646100730915,-0.3764015846821421,-0.9641627241914409,-0.8028446873637203,-0.34932359918387046,0.6572123912097525,-0.19379456778184626,-0.28352909393542775,-0.009347931404889483,-1.3623919922264476,0.153182746885128,-0.1210437748568994,0.35663479828589945,1.2289199632737318,-1.1262479403039867,0.5128936258361488
-0.0778231638613314,-1.6568411246933943,-0.7244850748207451,-0.6760036991505848,-0.34932359918387046,0.6572123912097525,-0.19379456778184626,-0.28352909393542775,-0.009347931404889483,-1.3623919922264476,0.23254576037217917,-0.033491362146202776,0.24087720363157805,0.1568580968982601,-0.7323986609565913,0.21347960313220954
0.9381383124052116,-1.3774724977818487,-0.4528504055339567,-1.2214199484670674,-0.34932359918387046,0.6572123912097525,-0.19379456778184626,-0.21514680053137628,-0.009347931404889483,-1.3623919922264476,0.2515877771489818,0.14756181113107686,0.03876486678900726,-0.07713290461039861,0.7657075806131335,-1.107933807741542
0.9671122042424628,-0.6557702115936883,-1.0280767640236264,-1.0565266637899913,1.1372017791799924,0.6572123912097525,-0.19379456778184626,-0.21514680053137628,-0.009347931404889483,-1.3623919922264476,0.18592942456259653,0.14473803984350786,0.21510682462371966,0.9386174985927009,0.9299697959843474,-0.9322778336562607
1.1744556144011336,-1.3076303410539618,-0.9641627241914409,-0.6886877979718986,-0.34932359918387046,0.6572123912097525,-0.19379456778184626,-0.21514680053137628,-0.009347931404889483,-1.3623919922264476,0.16122515089692407,0.33487788684889713,0.42907327137388684,0.9675853709023885,1.3883559877174223,0.41076545024375644
1.4222280671967182,-1.8430868759677586,-0.8523131544851164,-0.9423697743981694,-0.34932359918387046,0.6572123912097525,-0.19379456778184626,-0.21514680053137628,-0.009347931404889483,-1.3623919922264476,0.2207300323907228,0.27892492843105327,0.47495315065609234,1.1748857040253748,1.47405566036827,0.47651367805525097
0.800747281179083,-1.1446653086888936,-0.8523131544851164,-0.8662651814702881,0.06876166348096599,0.6572123912097525,-0.19379456778184626,-0.21514680053137628,-0.009347931404889483,-1.3623919922264476,0.25451506327105866,0.15330355217972838,0.5560056352587818,1.4226066803704542,1.2293797092009657,0.4027123050361505
0.04950238053723474,-1.0515424330517116,-0.7244850748207451,-0.7267400944358391,-0.34932359918387046,0.6572123912097525,-0.19379456778184626,-0.21514680053137628,-0.009347931404889483,-1.3623919922264476,0.17712123028863824,0.23266956153485407,0.7135913706768018,0.8012550113089639,0.1547593865096152,0.6216735602149358
-0.4849436305117462,-1.8896483137863493,-0.7724206046948844,-0.7647923908997798,-0.30286968110999973,0.6572123912097525,-0.19379456778184626,-0.21514680053137628,-0.009347931404889483,-1.3623919922264476,0.1591637812102327,0.25171229712723125,0.40113801691082046,0.05016618702067719,-0.07979003030551521,0.24062686600395936
-0.1699273483580173,-1.2843496221446664,-0.7085065648626988,-1.2087358496457539,-0.34932359918387046,0.6572123912097525,5.1601033581379605,-0.14676450712732478,-0.009347931404889483,-1.3623919922264476,0.08490391283982535,0.18605146600892417,0.40881876136762485,-0.48416878915204864,0.938384442921843,-0.7826788314215003
1.1065105684101755,-0.6324894926843925,-0.83633464452707,-1.0184743673260506,-0.34932359918387046,0.6572123912097525,-0.19379456778184626,-0.14676450712732478,-0.009347931404889483,-1.3623919922264476,0.19030493085388778,0.1613462597835929,0.3829024854342556,-0.16921795382210392,0.9674214465365352,-0.9269622551123947
1.1844740372611482,-1.7499640003305763,-0.46882891549200334,-0.7267400944358391,-0.34932359918387046,0.6572123912097525,-0.19379456778184626,-0.14676450712732478,-0.009347931404889483,-1.3623919922264476,0.25317586678007664,0.2208533875224233,0.4417937808424605,1.1069547740903287,1.1752164981670976,0.41175957125843365
1.115142975667673,-0.888577400686643,-0.21317275616326095,-0.9170015767555422,-0.34932359918387046,0.6572123912097525,-0.19379456778184626,-0.14676450712732478,-0.009347931404889483,-1.3623919922264476,0.12841634152792816,0.25463969375119877,0.39355625700504754,1.184902045488355,1.4235286561560576,0.5537414718380254
1.1126898119637074,-1.1446653086888936,-0.516764445366142,-0.7267400944358391,-0.34932359918387046,0.6572123912097525,-0.19379456778184626,-0.14676450712732478,-0.009347931404889483,-1.3623919922264476,0.19893035978339668,0.17724293923514184,0.3593987242251488,1.1155853879051738,0.8006941425387145,0.35353008941358693
0.08450958114490952,-1.7034025625119853,-0.7724206046948844,-0.6886877979718986,-0.34932359918387046,0.6572123912097525,-0.19379456778184626,-0.14676450712732478,-0.009347931404889483,-1.3623919922264476,0.23343405299706896,0.15928481228242142,0.2374749026447822,1.113132733863031,0.047812858312660134,0.19600106872203862
-0.2851388464112111,-1.4240339356004394,-0.6445925250305132,-0.8535810826489745,-0.34932359918387046,0.6572123912097525,-0.19379456778184626,-0.14676450712732478,-0.009347931404889483,-1.3623919922264476,0.20998930923422143,0.08502214068215805,0.15054626139075744,0.08516611463892526,-0.4877972986471653,0.22812840795570824
1.0875966908461239,-1.0282617141424162,-0.6765495449466058,-1.094578960253932,-0.34932359918387046,0.6572123912097525,-0.19379456778184626,-0.0783822137232733,-0.009347931404889483,-1.3623919922264476,0.12862333138351426,0.19042713747085385,0.08723436354450832,-0.28440551588519764,-0.17209483882696094,-0.8093299444867245
0.8738919834919945,-1.1912267465074844,-0.7244850748207451,-0.6886877979718986,-0.34932359918387046,0.6572123912097525,-0.19379456778184626,-0.0783822137232733,-0.009347931404889483,-1.3623919922264476,0.14656213044296396,0.25330044670699503,0.0006746135689660507,1.0880448260159008,1.1071234522924895,-1.0424296477496997
1.4443021624888583,-0.8652966817773476,-1.0919908038558122,-1.2214199484670674,-0.2099618449622583,0.6572123912097525,-0.19379456778184626,-0.0783822137232733,-0.009347931404889483,-1.3623919922264476,0.06900111387955923,0.12853621191746548,-0.02868277126971329,0.8743845173011954,1.1852567434483943,-0.48589090560097076
1.4832864507730483,-1.121384589779598,-0.9961197441075338,-1.005790268504737,-0.30286968110999973,0.6572123912097525,-0.19379456778184626,-0.0783822137232733,-0.009347931404889483,-1.3623919922264476,0.23041828917092952,0.19905289200099238,0.1535758937299187,1.444676189615756,1.115774662911602,-0.07963346274105025
0.8762710852935323,-0.9584195574145294,-0.8682916644431626,-0.815528786185034,-0.34932359918387046,0.6572123912097525,-0.19379456778184626,-0.0783822137232733,-0.009347931404889483,-1.3623919922264476,0.13809414175640064,0.23355788769183142,0.2023949619145486,1.483652378642891,1.1133161556548068,0.09848249639814835
0.1731390584559202,-0.7488930872308699,-1.2837329233523684,-0.9296856755768558,-0.024146172666775465,0.6572123912097525,-0.19379456778184626,-0.0783822137232733,-0.009347931404889483,-1.3623919922264476,0.026849786495999478,0.21011225891521906,0.24263384776276636,0.8767631248277855,0.0828963126271547,0.27610995561771107
-0.13985164890834104,-0.6790509305029837,-0.9641627241914409,-1.1833676520031269,-0.34932359918387046,0.6572123912097525,-0.19379456778184626,-0.0783822137232733,-0.009347931404889483,-1.3623919922264476,0.06269592542260974,0.12874320958669513,0.13724998548156578,0.17377717855954225,-0.28755729393019924,0.21203814587494485
1.314863847267916,-0.6324894926843925,-1.2357973934782296,-0.8662651814702881,-0.024146172666775465,0.6572123912097525,-0.19379456778184626,-0.009999920319221818,-0.009347931404889483,-1.3623919922264476,-0.029572343304749577,0.14668268581644162,-0.12071411139564234,-0.1391485028081866,1.0881683759679097,-1.1348464740821669
1.7881485907184769,-1.2843496221446664,-1.3156899432684614,-1.2975245413949485,-0.34932359918387046,0.6572123912097525,-0.19379456778184626,-0.009999920319221818,-0.009347931404889483,-1.3623919922264476,0.21020211171091638,0.06911874140840071,-0.033179717437149016,1.315264766105138,0.873998170778543,-0.7424528119392456
1.5564964589014008,-1.0981038708703026,-0.9961197441075338,-1.1706835531818132,-0.34932359918387046,0.6572123912097525,-0.19379456778184626,-0.009999920319221818,-0.009347931404889483,-1.3623919922264476,0.17881558892366303,0.23054201002386351,0.14783619413409765,1.7884511813582085,1.4456508338872818,0.750116618129968
1.3209697585929467,-0.5393666170472108,-1.0600337839397194,-1.2214199484670674,-0.34932359918387046,0.6572123912097525,-0.19379456778184626,-0.009999920319221818,-0.009347931404889483,-1.3623919922264476,0.16614831081424075,0.1382143774724479,0.1450130039936785,1.556847176882826,1.4847200388868274,0.9137717410948291
1.4050073979536168,-1.0282617141424162,-1.2837329233523684,-0.7901605885424068,0.6726625984412853,-1.5215781281288188,-0.19379456778184626,-0.009999920319221818,-0.009347931404889483,-1.3623919922264476,0.19654952304424325,0.026965822857741094,0.335113719207252,1.32136940888462,0.8763824548091114,1.3704637953444343
0.43262387210637654,-2.425104848700146,-1.2198188835201833,-0.6760036991505848,-0.34932359918387046,-1.5215781281288188,-0.19379456778184626,-0.009999920319221818,-0.7095914593360158,-1.1705592522067245,0.365516507621394,0.0628133149373944,0.27917227620584906,1.4053895888411703,0.1717188452542475,1.4558467328266025
0.008533744039803918,-2.494947005428032,-0.9641627241914409,-0.6886877979718986,-0.34932359918387046,-1.5215781281288188,-0.19379456778184626,-0.009999920319221818,-0.7095914593360158,-1.1705592522067245,0.28982133443340746,-0.029458436817491548,0.15357675350190259,0.4332080824350576,-0.1419536276103217,1.2120750730791792
1.4407282196506679,-1.7965254381491675,-1.0280767640236264,-1.3609450355015162,-0.34932359918387046,-1.5215781281288188,-0.19379456778184626,0.058382373084829665,-0.7095914593360158,-1.1705592522067245,0.25438093923370003,0.21032506942497775,0.23292642891017679,0.009206062042445298,1.315930572347617,0.1414264114064265
1.02222265089648,-0.5859280548658017,-0.6605710349885598,-1.0438425649686776,0.34748517192419026,-1.5215781281288188,-0.19379456778184626,0.058382373084829665,-0.7095914593360158,-1.1705592522067245,0.5632283608964178,0.17893736183037579,0.25196524540628595,1.4411029892890497,1.7902462384496007,-0.09225614038109446
1.0262256419969935,-0.3298401468635513,-0.7244850748207451,-1.031158466147364,-0.34932359918387046,-1.5215781281288188,-0.19379456778184626,0.058382373084829665,-0.7095914593360158,-1.1705592522067245,0.4254618674474698,0.16626960554488115,0.1863179276362551,1.0226843679777804,1.5580895151931313,0.9221552885597749
1.3045998891353292,-1.5637182490562125,-0.8523131544851164,-0.7521082920784663,-0.34932359918387046,-1.5215781281288188,-0.19379456778184626,0.058382373084829665,-0.7095914593360158,-1.1705592522067245,0.5293980623841492,0.19667196538782253,0.16161780587376526,1.0266865274290489,1.3220497837470313,0.9510849750756573
1.0257444220497094,-0.8187352439587566,-0.9801412341494875,-0.6633196003292713,-0.34932359918387046,-1.5215781281288188,-0.19379456778184626,0.058382373084829665,-0.7095914593360158,-1.1705592522067245,0.4951093939893967,0.3656453282862151,0.2211126867292048,1.3050029403812466,1.4062704763482465,1.1581120424340148
0.26760592709104114,-1.447314654509735,-1.0919908038558122,-1.2087358496457539,-0.34932359918387046,-1.5215781281288188,-0.19379456778184626,0.058382373084829665,-0.7095914593360158,-1.1705592522067245,0.41570056108571946,0.2899472976871653,0.2548920395564582,1.026205407458556,0.4317688763045765,1.4055064700418307
-0.28869308805368354,-0.9817002763238251,-0.9162271943173019,-0.9296856755768558,-0.16350792688838758,-1.5215781281288188,-0.19379456778184626,0.058382373084829665,-0.7095914593360158,-1.1705592522067245,0.3994590970471093,0.25450556465080254,0.17751121370413295,0.26822442104561867,0.00675498273463865,0.7849738741404825
0.9567358763268884,-1.0515424330517116,-0.6925280549046524,-1.1326312567178725,-0.34932359918387046,-1.5215781281288188,-0.19379456778184626,0.12676466648888116,-0.7095914593360158,-1.1705592522067245,0.29266191582927287,0.5633646449702396,0.1595567826294538,-0.28795901910924654,1.442069106182417,0.034875144073373984
1.2646914688371438,-1.074823151961007,-0.9641627241914409,-0.6252673038653308,-0.256415763036129,-1.5215781281288188,-0.19379456778184626,0.12676466648888116,-0.7095914593360158,-1.1705592522067245,0.36010171692504106,0.4255929509849041,0.0853093946819887,0.9572111987411134,1.0226519363750664,-0.4987554653787003
1.3230161290890015,-1.9362097516049401,-0.83633464452707,-0.6125832050440171,-0.34932359918387046,-1.5215781281288188,-0.19379456778184626,0.12676466648888116,-0.7095914593360158,-1.1705592522067245,0.5484867718788324,0.5295330694007272,0.1906926985617249,1.2651028113349705,1.0266636469077104,-0.18421980198572438
1.0654620326189925,-1.5637182490562125,-1.1239478237719047,-1.1579994543604997,-0.34932359918387046,-1.5215781281288188,-0.19379456778184626,0.12676466648888116,-0.7095914593360158,-1.1705592522067245,0.31419275303657174,0.4952431066457627,0.25355306813641926,1.3234153542329703,1.3056442569616462,1.0902706598587386
0.8294384243740691,-0.3764015846821421,-0.7085065648626988,-0.7647923908997798,0.1152155815548367,-1.5215781281288188,-0.19379456778184626,0.12676466648888116,-0.7095914593360158,-1.1705592522067245,0.22418116547540387,0.4158312761443774,0.1288145104899964,1.0659147664179787,1.0261813787530822,1.16811518023655
0.32588680690797067,-1.633560405784099,-1.3316684532265077,-0.6633196003292713,-0.34932359918387046,-1.5215781281288188,-0.19379456778184626,0.12676466648888116,-0.7095914593360158,-1.1705592522067245,0.2641846693428226,0.39958919900803497,0.1993166778657031,0.8299401937193835,0.2663914843817256,1.0988898966958056
-0.006775544381604615,-1.9827711894235314,-1.2517759034362759,-0.8662651814702881,-0.34932359918387046,-1.5215781281288188,-0.19379456778184626,0.12676466648888116,-0.7095914593360158,-1.1705592522067245,0.4526154830772718,0.2927879863119116,0.2338145722449063,0.3264931926043804,-0.2911192775256261,1.096440475771392
0.8644988911775804,-1.354191778872553,-0.8043776246109771,-1.0565266637899913,-0.34932359918387046,-1.5215781281288188,-0.19379456778184626,0.19514695989293263,-0.7095914593360158,-1.1705592522067245,0.19368319078823437,0.3602303331873595,0.21037376870339705,-0.006100045767806479,0.9570225166004334,0.06982893437076747
1.1748726230438518,-0.4229630225007333,-0.9322057042753482,-1.1199471578965592,-0.30286968110999973,0.6572123912097525,-0.19379456778184626,0.19514695989293263,-0.7095914593360158,-1.1705592522067245,0.17616428097456938,0.5486224994735847,0.12902146555800476,0.8649933764670454,1.2656489069767611,-0.29925552243453457
1.0132078945072558,-0.6092087737750971,-1.1399263337299512,-0.8789492802916016,0.8120243526628974,0.6572123912097525,-0.19379456778184626,0.19514695989293263,-0.7095914593360158,-1.1705592522067245,0.25352455699873394,0.3143196362850692,0.146957249748128,1.1753026260316473,1.324100611707069,1.071385639102766
1.4079636718223205,-0.842015962868052,-1.539389082681111,-1.1072630590752455,-0.2099618449622583,0.6572123912097525,-0.19379456778184626,0.19514695989293263,-0.7095914593360158,-1.1705592522067245,0.25019674502059097,0.22430465088365228,0.06940926841238775,1.0136714844669001,1.0659855033817405,0.8580069799481564
1.4632441324986538,-1.9129290326956452,-1.0440552739816729,-0.5491627109374494,0.6262086803674145,0.6572123912097525,-0.19379456778184626,0.19514695989293263,-0.7095914593360158,-1.1705592522067245,0.4345433578160866,0.264309664840152,0.23079931526060307,1.4083452485234147,0.8294477816197908,1.427546886997564
0.173416699380774,-1.4240339356004394,-1.2677544133943222,-0.9677379720407965,-0.34932359918387046,0.6572123912097525,-0.19379456778184626,0.19514695989293263,-0.7095914593360158,-1.1705592522067245,0.4075212270251991,0.4527475916343796,0.1384906842270321,1.463614224299527,0.32479931331328343,1.4664716971487637
-0.14687111197558878,-0.7256123683215745,-0.9961197441075338,-1.1706835531818132,-0.34932359918387046,0.6572123912097525,-0.19379456778184626,0.19514695989293263,-0.7095914593360158,-1.1705592522067245,0.11367146830950288,0.1938055249308656,0.027265025156565748,0.1740547618025627,-0.008587652825948151,0.8603824519660153
1.190104930867172,-0.7954545250494611,-0.6765495449466058,-0.8028446873637203,1.2765635334016046,0.6572123912097525,-0.19379456778184626,0.2635292532969841,-0.7095914593360158,-1.1705592522067245,0.23747623783872418,0.17628595379726955,0.063105139631686,-0.1461665075331567,0.8645846181561054,0.1583231901330373
0.7062344430872897,-0.3996823035914375,-0.500785935408096,-0.7140559956145256,-0.34932359918387046,0.6572123912097525,-0.19379456778184626,0.2635292532969841,-0.7095914593360158,-1.1705592522067245,0.35004064051184064,0.25364915008833167,-0.02914762210592046,1.1905317692370652,1.175634415150221,-0.1541899888797617
0.961552818680158,-0.14359439558918713,-0.8523131544851164,-0.7521082920784663,0.2081234177025781,0.6572123912097525,-0.19379456778184626,0.2635292532969841,-0.7095914593360158,-1.1705592522067245,0.2766795523008635,0.2503212124888794,0.21058653541562095,0.7067618089166894,1.0136175437801809,1.2983060551645598
1.1662683082321046,-1.6568411246933943,-0.9801412341494875,-0.7521082920784663,0.1152155815548367,0.6572123912097525,-0.19379456778184626,0.2635292532969841,-0.7095914593360158,-1.1705592522067245,0.3090655716968626,0.4346747841699774,0.17920528757818463,0.9620271403411038,1.4092331896590349,1.7708687104572474
0.7597038531053156,-1.2377881843260754,-0.9641627241914409,-0.6125832050440171,0.30103125385031954,0.6572123912097525,-0.19379456778184626,0.2635292532969841,-0.7095914593360158,-1.1705592522067245,0.309329636759097,0.40765163332282717,0.1665401383843099,1.166700098826151,1.464634063849391,1.5395700091351237
-0.634032793951402,-0.4229630225007333,-0.3889363657017714,-0.5745309085800766,-0.34932359918387046,0.6572123912097525,-0.19379456778184626,0.2635292532969841,-0.7095914593360158,-1.1705592522067245,0.263513541658947,0.11379078209599555,0.19693624125989373,0.7602201102928656,0.1719970909446729,1.3044026507313249
-0.9077145081390728,-0.05047151995200508,-0.3569793457856782,-0.8028446873637203,-0.34932359918387046,0.6572123912097525,-0.19379456778184626,0.2635292532969841,-0.7095914593360158,-1.1705592522067245,0.12737411848014984,0.23760022512160023,0.3658748285414785,-0.6332269782809765,-0.14898838067704015,1.3883120742873707
0.8943162860611682,-1.121384589779598,-0.8842701744012089,-0.39695352508168696,-0.34932359918387046,0.6572123912097525,-0.19379456778184626,0.33191154670103556,-0.7095914593360158,-1.1705592522067245,0.11184207184259182,0.3501688769793869,0.29019237699974326,-0.9068518331888701,1.1908999024313323,0.4174121091055479
1.2840351243374366,-1.866367594877054,-0.7724206046948844,-0.39695352508168696,-0.34932359918387046,0.6572123912097525,-0.19379456778184626,0.33191154670103556,-1.2222052994528765,-0.6464624599176895,0.46306307122880325,0.27680501946653446,0.25475793806054425,0.8948045765794446,0.7059754338225508,-0.006030986780956369
1.511058934508401,-1.8896483137863493,-1.1878618636040903,-0.9043174779342287,-0.34932359918387046,0.6572123912097525,-0.19379456778184626,0.33191154670103556,-1.2222052994528765,-0.6464624599176895,0.4668660250365833,0.30919226139980005,0.5635534535385143,1.2844424480562837,0.9618499513582255,1.4239783969060256
2.28642831414498,-1.959490470514236,-1.8110237519678993,-1.2975245413949485,-0.34932359918387046,0.6572123912097525,-0.19379456778184626,0.33191154670103556,-1.2222052994528765,-0.6464624599176895,0.2801774029550608,0.30945633643020554,0.42581011370057104,1.5114190924515698,1.1670113581686443,1.0061113399977897
1.5780948068006284,-1.68012184360269,-1.3156899432684614,-0.9423697743981694,1.183655697253863,0.6572123912097525,-0.19379456778184626,0.33191154670103556,-1.2222052994528765,-0.6464624599176895,0.705217794309651,0.263638511821931,0.529728840687195,2.286627383706273,0.7595613124711603,1.0101082237548704
-0.24254668545176492,-0.6324894926843925,-0.9801412341494875,-0.37158532743906,-0.34932359918387046,0.6572123912097525,-0.19379456778184626,0.33191154670103556,-1.2222052994528765,-0.6464624599176895,0.2562296295307454,0.12749394952689233,0.4954459349889444,1.5784410375750455,-0.6372112124570761,1.2880577567013856
-0.19477602871390723,-0.5859280548658017,-1.171883353646044,-0.815528786185034,-0.34932359918387046,0.6572123912097525,-0.19379456778184626,0.33191154670103556,-1.2222052994528765,-0.6464624599176895,0.04588790263432802,0.11196131657134298,0.41605044786464623,-0.24182220374345012,-0.911489068148019,1.009627738002445
1.3821977913546346,-0.888577400686643,-1.2837329233523684,-0.9296856755768558,0.6262086803674145,0.6572123912097525,-0.19379456778184626,0.40029384010508706,-1.2222052994528765,-0.6464624599176895,0.0720845214198421,0.463195574171084,0.39981171343416566,-0.19406147169180932,0.894466962160106,0.25264593114076955
1.392797034651392,-0.842015962868052,-0.8523131544851164,-0.9043174779342287,0.16166949962870744,0.6572123912097525,-0.19379456778184626,0.40029384010508706,-1.2222052994528765,-0.6464624599176895,0.2649016818632283,0.4669986715362644,0.29303248099566165,1.3825847210966165,1.2850346973924354,-0.30280434138837026
0.7314162195856089,-0.6092087737750971,-0.5646999752402813,-0.39695352508168696,-0.34932359918387046,0.6572123912097525,-0.19379456778184626,0.40029384010508706,-1.2222052994528765,-0.6464624599176895,0.26537719458311987,0.2803030021608175,0.36046094787741517,1.3931817623268534,1.5125530174574038,0.9407244782715094
0.17084788236120949,-0.027190801042709663,-0.2451297760793536,-0.7901605885424068,-0.34932359918387046,0.6572123912097525,-0.19379456778184626,0.40029384010508706,-1.2222052994528765,-0.6464624599176895,0.21758031805703829,0.7053594383312847,0.548814342053812,0.7319383537257836,2.28961132932294,1.2482102244797664
0.20736222444138033,-0.28327870904496005,-0.6286140150724672,-0.6760036991505848,-0.34932359918387046,0.6572123912097525,-0.19379456778184626,0.40029384010508706,-1.2222052994528765,-0.6464624599176895,0.07753155648634394,0.2563543247339107,0.3145596996407338,0.171486478472602,1.5797349092445767,1.3064458990901837
-0.46341934451494315,-0.28327870904496005,-0.3889363657017714,-0.5998991062227036,0.30103125385031954,0.6572123912097525,-0.19379456778184626,0.40029384010508706,-1.2222052994528765,-0.6464624599176895,0.016599196577639863,0.046004657664399276,0.22456323980207774,0.207993234444222,-0.2448723574817609,1.0492847516126078
-1.003005178624809,-0.49280517922861955,-0.2611082860374002,-0.44768992036694116,0.1152155815548367,0.6572123912097525,-0.19379456778184626,0.40029384010508706,-1.2222052994528765,-0.6464624599176895,0.0028582353794743276,0.07220226534398923,0.26456002051392946,-0.46264897497537844,-0.1969976453041581,0.8136212434022844
0.11043307117835513,0.18233566914094987,-0.037409146624750506,-0.25742843804723803,-0.34932359918387046,0.6572123912097525,-0.19379456778184626,0.46867613350913856,-1.2222052994528765,-0.6464624599176895,-0.06446790800048921,0.26502670442700627,0.45295916578057277,-1.0021227063749971,1.3834111851979696,0.3108378921118486
0.5233807137180727,-0.2599979901356646,-0.4528504055339567,-1.449733727250711,-0.30286968110999973,0.6572123912097525,-0.19379456778184626,0.46867613350913856,-1.2222052994528765,-0.6464624599176895,0.1879677990066471,0.26550223509698967,0.19407039073162868,0.11108421888699974,1.3940335160760482,-0.02131691789785098
0.10396998447168715,0.13577423132235864,-0.3569793457856782,-0.47305811800956815,-0.16350792688838758,0.6572123912097525,-0.19379456778184626,0.46867613350913856,-1.2222052994528765,-0.6464624599176895,0.17032746514102517,0.2177035542904233,0.17655442521895373,0.5239460686816293,0.7312120620019235,0.8486282186275467
0.6715413671002337,-0.516085898137915,-0.7564420947368381,-0.7013718967932121,0.06876166348096599,0.6572123912097525,-0.19379456778184626,0.46867613350913856,-1.2222052994528765,-0.6464624599176895,-0.034953436690330415,0.0776495060301839,0.25390169975274535,0.10462247493155052,0.16942267845284886,1.1585284148487398
0.988160013172434,-0.8187352439587566,-1.2997114333104152,-0.6633196003292713,0.30103125385031954,0.6572123912097525,-0.19379456778184626,0.46867613350913856,-1.2222052994528765,-0.6464624599176895,-0.023136328544444553,0.016714845990679156,0.25057444706055143,0.6720759406574853,0.20601655713941402,0.9971103373771474
0.3525910480310091,-1.3076303410539618,-1.3636254731426005,-0.38426942626037347,1.3230174514754753,0.6572123912097525,-0.19379456778184626,0.46867613350913856,-1.2222052994528765,-0.6464624599176895,0.11711397684082647,0.002973366086063875,0.4348900777960711,0.9886288070036517,-0.4662261278219436,1.391263837783869
-0.01616243446774482,-1.493876092328326,-1.1239478237719047,-0.09253515337016185,0.1152155815548367,0.6572123912097525,-0.19379456778184626,0.46867613350913856,-1.2222052994528765,-0.6464624599176895,0.16180828692681407,-0.0643553187831233,0.40787248845709395,0.3531918857355782,-1.0069873035553643,1.4464599573387769
1.4877903630165616,-1.0981038708703026,-1.2198188835201833,-0.8535810826489745,-0.2099618449622583,0.6572123912097525,-0.19379456778184626,0.5370584269131901,-1.2222052994528765,-0.6464624599176895,0.12251516483691337,0.18808991739940922,0.11407211535641067,-0.015484985662238656,0.10887626996373917,0.1586004074625254
1.006144286168121,-1.354191778872553,-0.5646999752402813,-0.44768992036694116,0.022307745407095292,0.6572123912097525,-0.19379456778184626,0.5370584269131901,-1.2222052994528765,-0.6464624599176895,0.24521087910067127,0.17044891763022935,0.23785607774013195,1.4881553551673077,0.5227234071194085,-0.16119874238743537
0.9512264734277983,-0.7488930872308699,-0.3569793457856782,-0.6252673038653308,-0.34932359918387046,0.6572123912097525,-0.19379456778184626,0.5370584269131901,-1.2222052994528765,-0.6464624599176895,0.23782519759268583,-0.03483973333353797,0.35040156237064435,1.00660934364153,0.10239910517283919,1.1737374828164582
1.1382506540611337,-1.4705953734190305,-1.1239478237719047,-0.2066920427619838,1.7875566322141823,0.6572123912097525,-0.19379456778184626,0.5370584269131901,-1.2222052994528765,-0.6464624599176895,0.227984214368906,-0.023022179104577992,0.2770528035298704,0.9517029404587976,0.6712067883640984,0.6906052338114471
0.9957187052632458,-1.5404375301469169,-0.8523131544851164,-0.16863974629804307,-0.2099618449622583,0.6572123912097525,-0.19379456778184626,0.5370584269131901,-1.2222052994528765,-0.6464624599176895,0.32155451963176857,0.1172334205782995,0.3094333799964872,1.1386882655177175,0.9885151024186615,0.9455340714400048
-0.1879929799952791,-0.3764015846821421,-0.8043776246109771,-0.7774764897210933,-0.34932359918387046,0.6572123912097525,-0.19379456778184626,0.5370584269131901,-1.2222052994528765,-0.6464624599176895,0.33111374578654673,0.16192941782623843,0.3096974006788468,0.9961859287236055,0.35156172239428746,1.1499372275969193
-0.35334912887046144,-1.3309110599632574,-1.539389082681111,-0.35890122861774626,1.4623792056970872,0.6572123912097525,-0.19379456778184626,0.5370584269131901,-1.2222052994528765,-0.6464624599176895,0.12893302350822863,0.12263481246340181,0.26388900562256923,-0.1872798321987335,-0.01799498971023711,0.7439930658189482
1.4151294345096335,-1.3309110599632574,-1.3636254731426005,-0.0037464616209671358,-0.2099618449622583,0.6572123912097525,-0.19379456778184626,0.6054407203172415,-1.2222052994528765,-0.6464624599176895,0.12481492325122362,0.2453351583579042,0.12777246260256672,-0.35260162718381505,1.4892337616835354,-0.6476171642299094
1.4442831909670544,-1.4240339356004394,-1.1878618636040903,-0.7013718967932121,-0.34932359918387046,0.6572123912097525,-0.19379456778184626,0.6054407203172415,-1.2222052994528765,-0.6464624599176895,0.6608042723581178,0.23794919804841583,0.11224302634549349,1.4155095224736862,1.0065385492830548,-0.920881323599733
1.2764162341485834,-0.888577400686643,-1.0440552739816729,-0.2954807345111785,-0.2099618449622583,0.6572123912097525,-0.19379456778184626,0.6054407203172415,-1.2222052994528765,-0.6464624599176895,0.5116459288080681,0.22810784333814418,0.4634049980669011,1.4446572220354177,0.9515011129590353,0.878400121261401
1.0187530514282075,-1.7499640003305763,-0.5806784851983279,0.16114682305610903,-0.30286968110999973,0.6572123912097525,-0.19379456778184626,0.6054407203172415,-1.2222052994528765,-0.6464624599176895,0.31679930945247364,0.3216816807790069,0.4672073127344161,1.2768251407448623,1.138932675125046,1.2675243674619396
0.6338624654509003,-1.819806157058463,-0.5327429553241886,-0.029114659263594134,-0.34932359918387046,0.6572123912097525,-0.19379456778184626,0.6054407203172415,-1.4098349872671425,0.06946707239106965,0.29491972751717843,0.3312412677842517,0.28055006632071006,1.0192154893429308,0.9960902590733525,1.4942018085450592
-0.4321407776155423,-0.9817002763238251,-0.3090438159115395,-1.0565266637899913,-0.34932359918387046,0.6572123912097525,-0.19379456778184626,0.6054407203172415,-1.4098349872671425,0.06946707239106965,0.19466703963282622,0.12905291340195285,0.705519023615854,0.6344048670620537,-0.19019982155069837,2.268388211010367
-1.1715766356087038,0.43842357714320024,-0.500785935408096,-1.0565266637899913,-0.34932359918387046,0.6572123912097525,-0.19379456778184626,0.6054407203172415,-1.4098349872671425,0.06946707239106965,0.09593398893980445,0.12493465769110927,0.2566063176589942,-0.4313769064158161,-0.3559161540189216,1.5611354045433543
0.5823204890807053,-0.6324894926843925,-1.0600337839397194,-0.15595564747672958,-0.256415763036129,0.6572123912097525,-0.19379456778184626,0.6738230137212929,-1.4098349872671425,0.06946707239106965,-0.07377862203619974,0.660944239817249,0.04629994166975834,-1.170659141466167,1.416414561019924,-0.25672834412131273
1.2897842251177671,-1.167946027598189,-1.1239478237719047,-0.46037401918825466,-0.30286968110999973,0.6572123912097525,-0.19379456778184626,0.6738230137212929,-1.4098349872671425,0.06946707239106965,0.13022228644902903,0.5117802657007698,0.07249215774234989,0.5828735988959614,1.4456318210411547,-0.2090305708347
1.0798771056569378,-1.121384589779598,-0.83633464452707,-0.46037401918825466,0.7655704345890266,0.6572123912097525,-0.19379456778184626,0.6738230137212929,-1.4098349872671425,0.06946707239106965,0.14376005616517437,0.3169262910956616,0.26527691253022295,1.290190354420938,1.2773992115144477,1.3655372681907052
0.9766847963400928,-0.842015962868052,-0.8203561345690237,-0.6506355015079578,-0.16350792688838758,0.6572123912097525,-0.19379456778184626,0.6738230137212929,-1.4098349872671425,0.06946707239106965,0.18505327964814433,0.2950458832297707,0.26575234533346526,1.080326844624233,1.0191747793238954,1.3761203402751574
0.9137416650399856,-0.8187352439587566,-1.0919908038558122,-0.1940079439406703,0.39393908999806104,0.6572123912097525,-0.19379456778184626,0.6738230137212929,-1.4098349872671425,0.06946707239106965,0.1241117048105546,0.19478941091468913,0.21796350174963705,0.977155974227426,0.6334458134307037,0.7157485905997393
0.03163230150932922,-1.0282617141424162,-0.8682916644431626,0.16114682305610903,-0.07060009074064617,0.6572123912097525,-0.19379456778184626,0.6738230137212929,-1.4098349872671425,0.06946707239106965,0.19571869022789418,0.09605263315560127,0.07793827735743897,0.9142259198006614,-0.43487942903456867,0.15603550967419588
-0.3966822736911178,-1.447314654509735,-0.6765495449466058,-0.2954807345111785,-0.30286968110999973,0.6572123912097525,-0.19379456778184626,0.6738230137212929,-1.4098349872671425,0.06946707239106965,0.15373554928777353,-0.07366638428823633,0.0170161579950652,0.03229982062598908,-1.1759259478103319,0.19249414200590453
0.5216097951251145,-0.7954545250494611,-0.3569793457856782,-0.9677379720407965,-0.34932359918387046,0.6572123912097525,-0.19379456778184626,0.7422053071253445,-1.4098349872671425,0.06946707239106965,0.11540870955438108,0.13034222501103732,0.0032775061601014815,-0.39592576924222145,0.5817915668221915,-0.4772640188770216
0.7943516893095993,0.15905495023165406,-0.06936616654084372,-1.4116814307867704,-0.30286968110999973,0.6572123912097525,-0.19379456778184626,0.7422053071253445,-1.4098349872671425,0.06946707239106965,0.07577035880142673,0.14388050576337333,-0.06403732210763667,0.5221755180093268,1.2907963210319997,-1.0160266095877315
0.5233088408373903,0.41514285823390484,-0.6286140150724672,-0.815528786185034,0.1152155815548367,0.6572123912097525,-0.19379456778184626,0.7422053071253445,-1.4098349872671425,0.06946707239106965,0.1374383828087242,0.18517528802094735,0.18835595950260203,0.794860748168177,1.0804319757527985,0.09571287306556771
0.8731502699568713,-1.3309110599632574,-0.8043776246109771,-0.48574221683088165,-0.024146172666775465,0.6572123912097525,-0.19379456778184626,0.7422053071253445,-1.4098349872671425,0.06946707239106965,0.08855293533884595,0.12423141270470335,0.1707185903450023,0.5238742107330376,0.9770148899338592,0.508030483459466
0.637815838725156,-0.44624374141002876,-0.5806784851983279,-0.9677379720407965,-0.34932359918387046,0.6572123912097525,-0.19379456778184626,0.7422053071253445,-1.4098349872671425,0.06946707239106965,0.09779220905027397,0.19584110120843162,-0.034527811122522234,0.8736429578622182,0.9139346540667724,0.08925964705785268
-0.6361981012956945,-0.9584195574145294,-1.1239478237719047,0.26261961362661723,4.621245634720296,0.6572123912097525,-0.19379456778184626,0.7422053071253445,-1.4098349872671425,0.06946707239106965,0.09521938768936805,0.15385637545006778,-0.022712689009076924,0.638357418995513,0.029903854156684194,0.6559650888763153
-1.1130808668236571,-1.7499640003305763,-0.3569793457856782,0.5543538865168288,-0.30286968110999973,0.6572123912097525,-0.19379456778184626,0.7422053071253445,-1.4098349872671425,0.06946707239106965,0.09805128270704105,0.11552808891985514,0.11751404532540448,-0.635391835767607,-0.39934368836125855,0.9721006714691737
-0.3573181901339026,-0.2367172712263692,0.26618254257813057,0.1357786254134818,-0.34932359918387046,0.6572123912097525,-0.19379456778184626,0.8105876005293959,-1.4098349872671425,0.06946707239106965,-0.009448786927240977,0.07588824186195556,0.16220084389938394,-1.1121755255839656,0.5209486310598479,0.3375013907082225
0.292851550056969,-0.5859280548658017,-1.0280767640236264,0.24993551480530396,-0.30286968110999973,0.6572123912097525,-0.19379456778184626,0.8105876005293959,-1.4098349872671425,0.06946707239106965,0.02314019367099702,0.13755859377057916,0.12291432557532832,-0.356569863847171,0.7942846196042244,-0.030689486452895452
0.25107224583939947,-1.2843496221446664,-0.1812157362471683,0.3387242065544987,-0.34932359918387046,0.6572123912097525,-0.19379456778184626,0.8105876005293959,-1.4098349872671425,0.06946707239106965,0.1191363621739652,0.08867130092783831,0.2455894190860359,0.29346479905777373,0.5226513776831182,1.4709687377959704
-0.05184823181684825,0.01937063677588116,0.5218387019068729,-0.2066920427619838,-0.34932359918387046,0.6572123912097525,-0.19379456778184626,0.8105876005293959,-1.4098349872671425,0.06946707239106965,0.044583516779144725,0.09791092341187373,0.23820497884646313,0.25169417478126077,0.8732548416213344,0.9900575059498062
-0.24876387204890169,0.29873926368742737,0.8414089010678006,0.12309452659216831,-0.34932359918387046,-1.5215781281288188,-0.19379456778184626,0.8105876005293959,-1.4098349872671425,0.06946707239106965,-0.013656603569704322,0.09533800492973918,0.22836564953933433,-0.051163369038722206,0.6374077980580918,0.9352234810407731
-1.3869792941642347,0.7643536418733372,1.6403343989701198,0.3387242065544987,-0.34932359918387046,-1.5215781281288188,-0.19379456778184626,0.8105876005293959,-1.4098349872671425,0.06946707239106965,-0.011129990432491686,0.09817000684839162,0.32192022898675793,-0.2480380986768263,-0.6393812363370681,1.1219623198203088
-2.0002009011321533,0.32201998259672276,-0.06936616654084372,-0.3335330309751192,-0.256415763036129,-1.5215781281288188,-0.19379456778184626,0.8105876005293959,-1.4098349872671425,0.06946707239106965,-0.10470441043612691,-0.009334120797456179,0.33147784857815227,-1.386017048621101,-1.11730276183323,0.9796478313013963
-0.06523373496000255,-0.28327870904496005,-0.9801412341494875,-0.47305811800956815,0.022307745407095292,-1.5215781281288188,-0.19379456778184626,0.8789698939334475,-1.4098349872671425,0.06946707239106965,-0.25583637116950414,0.023256089999614572,0.1293311056345701,-1.9991112545347707,-0.3598938608075313,-0.20225787097946074
0.3234237926061513,-1.5171568112376215,-0.83633464452707,0.7319312700152183,-0.256415763036129,-1.5215781281288188,-0.19379456778184626,0.8789698939334475,-1.4098349872671425,0.06946707239106965,-0.041997233344689654,0.11925588225430106,0.12521369748265565,-0.06454609125049263,0.2916920981009474,-0.3673617368081543
-0.07241482079953755,-0.44624374141002876,0.6816238014873367,-0.37158532743906,-0.34932359918387046,-1.5215781281288188,-0.19379456778184626,0.8789698939334475,-1.4098349872671425,0.06946707239106965,0.023268124550982233,0.04470022257005823,0.6611129659859049,0.3240306900109143,0.24982178898268195,1.3984186677030117
-0.24550916154875083,-0.2599979901356646,-0.2930653059534929,-0.2320602404046108,-0.34932359918387046,-1.5215781281288188,-0.19379456778184626,0.8789698939334475,-1.4098349872671425,0.06946707239106965,-0.03205058329621619,-0.01354209628045479,0.5119796906086613,-0.0717256851694948,-0.05375851890540231,1.4275279444205156
-1.2530866845260333,-0.21343655231707379,-0.3090438159115395,-0.016430560442280636,-0.34932359918387046,-1.5215781281288188,5.1601033581379605,0.8789698939334475,-1.4098349872671425,0.06946707239106965,-0.11513446982956156,-0.011015387766324092,0.3171658179879021,-0.24478406436542072,-0.25110308653632907,1.2599171013756116
-1.4096334802192076,-0.12031367667989173,-0.7883991146529307,0.18651502069873624,-0.11705400881451687,-1.5215781281288188,-0.19379456778184626,0.8789698939334475,-1.4098349872671425,0.06946707239106965,-0.26012686090540116,-0.10459334010328643,0.295289913226326,-1.252152256103872,-1.3917978027279991,1.0026470340800135
-1.2013174147311572,-0.4229630225007333,-0.500785935408096,-0.6886877979718986,-0.34932359918387046,-1.5215781281288188,-0.19379456778184626,0.8789698939334475,-1.2222052994528767,0.7853966046998286,-0.22447697849434908,-0.2557310059050111,0.19505407422648371,-1.4086665281113446,-2.006355146910593,0.6183436737381344
-0.057941738685304806,-0.46952446031932416,-0.6286140150724672,0.22456731716267653,-0.34932359918387046,-1.5215781281288188,-0.19379456778184626,0.9473521873374989,-1.2222052994528767,0.7853966046998286,-0.13541697732452196,-0.04188379588361605,0.09633761702141269,-1.2003937417348887,-0.06717317874245374,-0.4460331735301657
-0.08494003839630185,-1.0981038708703026,0.3141180724522698,0.9095086535136082,-0.34932359918387046,-1.5215781281288188,-0.19379456778184626,0.9473521873374989,-1.2222052994528767,0.7853966046998286,-0.017168855484746583,0.02338402570885238,-0.07334647134594573,-0.057255609938742076,0.3223309340017745,-1.1843408779456923
-0.39518242895777833,-0.7023316494122791,0.07444042308157406,0.8841404558709812,-0.34932359918387046,-1.5215781281288188,-0.19379456778184626,0.9473521873374989,-1.2222052994528767,0.7853966046998286,0.017617242601662534,-0.031936770359842194,0.1306201518964679,-0.0842483005651814,-0.07436990663290256,0.5668803347026208
-0.5024474132340685,0.04265135568517658,-0.14925871633107565,-0.5364786121161359,-0.34932359918387046,-1.5215781281288188,-0.19379456778184626,0.9473521873374989,-1.2222052994528767,0.7853966046998286,-0.043006295801813595,-0.11502379322020233,0.14415564639861864,-0.39442623611205785,-0.24784128653070636,1.2732646968680619
-0.12121468259522913,-0.3298401468635513,-0.8523131544851164,0.27530371244793095,0.2081234177025781,-1.5215781281288188,-0.19379456778184626,0.9473521873374989,-1.2222052994528767,0.7853966046998286,-0.08717909314223171,-0.26002165760226337,0.18544192997036837,-0.5016689353417588,-1.257613544296879,1.0636778316459619
-1.3167624084373186,-1.0049809952331206,0.5378172118649189,0.3387242065544987,-0.30286968110999973,-1.5215781281288188,-0.19379456778184626,0.9473521873374989,-1.2222052994528767,0.7853966046998286,-0.17781760932577995,-0.22437042944663982,0.12451059722780831,-0.12051540845445989,-1.4145013347926985,0.9606429623175645
-1.6758385906315547,-0.09703295777059631,0.7934733711936613,0.6177743806233965,-0.34932359918387046,-1.5215781281288188,-0.19379456778184626,0.9473521873374989,-1.2222052994528767,0.7853966046998286,-0.2886494286076638,-0.13530706635792258,0.19610554807677008,-1.315814750940604,-1.2057315091665095,0.8977958630369979
-0.6266536016438072,0.5781078905989732,-0.2611082860374002,0.26261961362661723,0.2081234177025781,-1.5215781281288188,-0.19379456778184626,1.0157344807415505,-1.2222052994528767,0.7853966046998286,-0.1569907864651264,-0.017054480779214825,0.15412946299827263,-1.674816332560354,-0.05986529882849293,0.01703232933535923
-0.2527643092907094,-0.8187352439587566,-0.2451297760793536,1.137822432297252,-0.30286968110999973,0.6572123912097525,-0.19379456778184626,1.0157344807415505,-1.2222052994528767,0.7853966046998286,-0.060004683487045594,0.017732930444840093,0.11580906463328562,-0.6258493190519113,-0.08692240702446045,-0.41062876846722796
-0.4295559077698375,-0.3996823035914375,0.8414089010678006,-0.9043174779342287,-0.34932359918387046,0.6572123912097525,-0.19379456778184626,1.0157344807415505,-1.2222052994528767,0.7853966046998286,0.005364775029280401,-0.0428928964317583,0.07617737566674412,-0.2520377047999711,-0.397840576622315,0.5062622667481177
-0.4423839400415335,-0.2367172712263692,-0.1812157362471683,0.12309452659216831,1.9733723045096654,0.6572123912097525,-0.19379456778184626,1.0157344807415505,-1.2222052994528767,0.7853966046998286,-0.16162028060156294,-0.08706736124758467,0.1378350354889371,-0.42879257359480133,-0.5053392086202467,0.7785880399934174
-0.2168424624299328,0.3685814204153136,-0.5806784851983279,-0.2701125368685515,-0.34932359918387046,0.6572123912097525,-0.19379456778184626,1.0157344807415505,-1.2222052994528767,0.7853966046998286,-0.15089881698403548,-0.1777092989372606,0.0889578039110815,-0.4416179407535646,-0.12327606571285626,0.5079587202348769
-1.3121968387479452,-0.7721738061401657,-0.6765495449466058,1.137822432297252,-0.34932359918387046,0.6572123912097525,-0.19379456778184626,1.0157344807415505,-1.2222052994528767,0.7853966046998286,0.05343741234740333,-0.2885453020006623,0.09819552483166666,-0.2161233209527423,-1.3214279685297663,0.8572663980416515
-1.598838291349063,-1.0981038708703026,-0.4368718955759101,1.2519793216890738,-0.34932359918387046,0.6572123912097525,-0.19379456778184626,1.0157344807415505,-1.2222052994528767,0.7853966046998286,0.06599717329692378,-0.1568816898865298,0.0956231358698404,-1.3112501297800905,-1.6812863009516046,0.6222910153706258
-0.30012233542934275,-0.05047151995200508,1.3207641998091921,1.163190629939879,-0.34932359918387046,0.6572123912097525,-0.19379456778184626,1.084116774145602,-1.2222052994528767,0.7853966046998286,-0.03923824401798899,-0.05989192578777304,0.09845455494743534,-1.597832030625631,-0.6298159465772727,-0.6497791679756535
-0.18608707172796102,0.29873926368742737,1.576420359137934,1.3027157169743278,-0.34932359918387046,0.6572123912097525,-0.19379456778184626,1.084116774145602,-1.2222052994528767,0.7853966046998286,0.05539312999883553,0.005480000355035533,-0.009027447777157773,-0.2993858919792647,-0.2551122376473778,-1.125934355861516
0.0778272274266323,0.6945114851454506,1.6882699288442584,1.3280839146169552,-0.34932359918387046,0.6572123912097525,-0.19379456778184626,1.084116774145602,-1.2222052994528767,0.7853966046998286,-0.0017759467092722965,-0.16151135878137174,0.023556055781192485,-0.18537431989711492,-0.43228892874986957,-0.37132474249474484
-0.13275119203647007,2.3707232466147263,0.8414089010678006,-0.6125832050440171,-0.34932359918387046,0.6572123912097525,-0.19379456778184626,1.084116774145602,-1.2222052994528767,0.7853966046998286,0.11884166886654385,-0.1507894904401682,0.1195360907680362,0.07848514922611362,-0.4451449034161284,0.27785303698643504
-0.8469932339117048,-0.05047151995200508,-0.6605710349885598,1.188558827582506,0.25457733577644887,0.6572123912097525,-0.19379456778184626,1.084116774145602,-1.2222052994528767,0.7853966046998286,0.02766399375733112,0.053554452363315394,0.04499577503509764,-0.13204952110561963,-0.21911214477059876,0.23613747524363818
-1.3006088872956583,-0.12031367667989173,-0.7883991146529307,-0.2320602404046108,-0.34932359918387046,0.6572123912097525,-0.19379456778184626,1.084116774145602,-1.2222052994528767,0.7853966046998286,-0.03075172291012373,0.06611468743025149,-0.013234557236420906,-0.8461431742285832,-1.3168524539831488,-0.06632083816007477
-1.4191761556863098,-0.09703295777059631,-0.6925280549046524,-0.2066920427619838,-0.34932359918387046,0.6572123912097525,-0.19379456778184626,1.084116774145602,-1.2222052994528767,0.7853966046998286,-0.027758886012154246,-0.03912470240804705,-0.010708368732341291,-1.2996645858053204,-1.6041182773682663,-0.2629360451880596
-0.32624174290910063,0.08921279350376782,-0.21317275616326095,0.9095086535136082,-0.34932359918387046,0.6572123912097525,-0.19379456778184626,1.1524990675496534,-1.2222052994528767,0.7853966046998286,-0.003206612443025603,0.05551024384097743,-0.10426706222899704,-1.4182072210212424,-0.30257342042173324,-1.3994148977460765
-0.146678113224937,0.13577423132235864,0.0265048932074348,0.5163015900528881,-0.30286968110999973,0.6572123912097525,-0.19379456778184626,1.1524990675496534,-1.2222052994528767,0.7853966046998286,0.10619559718858916,-0.0016609909380532848,-0.25537362309523964,-0.32549987297043925,-0.1882897617783265,-2.011700915585735
-0.3070079033331005,0.41514285823390484,-0.2930653059534929,-0.2701125368685515,2.2985497310267604,0.6572123912097525,-0.19379456778184626,1.1524990675496534,-1.2222052994528767,0.7853966046998286,0.11576378521302856,0.11896117782252552,-0.04157042396706205,-0.14597354887933783,0.07619940321083667,-0.07968591910825953
-0.19606718670740525,0.32201998259672276,-0.5646999752402813,-0.3081648333324922,-0.30286968110999973,0.6572123912097525,-0.19379456778184626,1.1524990675496534,-1.2222052994528767,0.7853966046998286,0.162368588194547,0.02778006085451779,0.023683965160580876,-0.30627002935839637,-0.13483770431590922,0.30837863561858875
-0.5390270611296771,-0.28327870904496005,1.129022080312635,1.4549249028300906,-0.34932359918387046,0.6572123912097525,-0.19379456778184626,1.1524990675496534,-1.2222052994528767,0.7853966046998286,0.1003666273826676,-0.030637860943172477,-0.03162544559404651,-0.19535236143825324,-0.8506355290676412,-0.08685604880116789
-1.4063791345560182,0.8109150796919281,0.17031148282985203,0.27530371244793095,-0.256415763036129,0.6572123912097525,-0.19379456778184626,1.1524990675496534,-1.2222052994528767,0.7853966046998286,0.014580399822220142,-0.027644911068841326,-0.11469536870318472,-0.5382409835610792,-1.3052392613165589,-0.25968630038338486
-2.0312328382481106,-0.0039100821334142515,1.3207641998091921,1.5817658910432262,-0.34932359918387046,0.6572123912097525,-0.19379456778184626,1.1524990675496534,-1.2222052994528767,0.7853966046998286,0.033136984990318294,-0.003091710677893416,-0.2596633917535518,-1.405412858561103,-1.4240647963942161,-1.2657265673904516
-0.5686237296538138,-0.6324894926843925,-0.5327429553241886,0.300671910090558,0.6726625984412853,0.6572123912097525,-0.19379456778184626,1.2208813609537048,-1.2222052994528767,0.7853966046998286,-0.11656060517519172,0.10631462876901837,-0.22401950081030186,-2.0301367445499428,-0.3287497219577337,-1.4220345204230769
-0.2802697323729835,-0.7954545250494611,-0.6286140150724672,1.2900316181530145,1.0442939430322509,0.6572123912097525,-0.19379456778184626,1.2208813609537048,-1.2222052994528767,0.7853966046998286,0.005132065422949714,0.11588317798222536,-0.13497446743541203,-0.5678315031714636,-0.14879496153087282,-1.2140362817106944
-0.24724323160897088,0.08921279350376782,-0.3729578557437248,-0.05448285690622136,-0.256415763036129,0.6572123912097525,-0.19379456778184626,1.2208813609537048,-0.7095914593360166,1.3094933969888636,0.0778419736538178,0.16248974024473928,-0.01674621886776968,-0.2795374134392797,-0.309473986670606,-0.07240504819568276
0.032856329502606405,-0.05047151995200508,-0.46882891549200334,0.300671910090558,-0.024146172666775465,0.6572123912097525,-0.19379456778184626,1.2208813609537048,-0.7095914593360166,1.3094933969888636,0.07837791043227926,0.10048543892577992,0.01803403292203056,-0.24651777416052406,-0.19829161573570842,-0.09936215673630339
-0.4792864686447639,-0.49280517922861955,-0.5966569951563739,0.744615368836532,-0.024146172666775465,0.6572123912097525,-0.19379456778184626,1.2208813609537048,-0.7095914593360166,1.3094933969888636,0.08205798845158974,0.014695973027861518,-0.04257931683694437,0.033523594318936666,-0.5419985353732842,-0.40913121203947106
-1.3433064861359065,-0.7488930872308699,-0.7244850748207451,1.2646634205103875,-0.256415763036129,0.6572123912097525,-0.19379456778184626,1.2208813609537048,-0.7095914593360166,1.3094933969888636,0.0013504120383585922,0.03325325868701507,-0.08674469031295969,-0.4785128025997938,-1.4112399004187355,-0.5162325426675669
-1.7988163730045328,-1.1912267465074844,-0.4368718955759101,1.2012429264038198,-0.34932359918387046,0.6572123912097525,-0.19379456778184626,1.2208813609537048,-0.7095914593360166,1.3094933969888636,0.015142373931004514,-0.11644998240090206,-0.1773679734097593,-1.3423533139224166,-2.0374546786983276,-0.13558145689262294
-1.1228008530522255,-0.14359439558918713,-0.6765495449466058,0.5416697876955151,-0.34932359918387046,0.6572123912097525,-0.19379456778184626,1.2892636543577563,-0.7095914593360166,1.3094933969888636,0.006770055863165255,0.005247281964168452,-0.28818116583422404,-1.7977685654436444,-0.5716596722252307,-1.3293051415693262
-1.4176252337788815,-0.3531208657728467,-0.7244850748207451,0.5289856888742018,0.44039300807193166,0.6572123912097525,5.1601033581379605,1.2892636543577563,-0.7095914593360166,1.3094933969888636,0.03191507633902361,0.07795993491557068,-0.15654465079174754,-1.1218934924177855,-0.2826775738455612,-1.6878334830344348
-0.6043168237420792,0.13577423132235864,-0.5487214652822352,1.3661362110808954,-0.34932359918387046,0.6572123912097525,-0.19379456778184626,1.2892636543577563,-0.7095914593360166,1.3094933969888636,0.011964069051772686,0.07849589192506691,-0.05957484770230443,-1.416656621328628,-0.2495791337929786,-0.6402492303189854
-0.4728697162317285,-0.6557702115936883,0.2342255226620379,1.7973955710055562,-0.34932359918387046,0.6572123912097525,-0.19379456778184626,1.2892636543577563,-0.7095914593360166,1.3094933969888636,0.10863634984739638,0.0821761088633494,0.0057836245504084794,-0.6035171817711608,0.031130548363486558,-0.266930378982844
-0.3549171981149034,0.13577423132235864,1.0970650603965424,1.1505065311185654,-0.34932359918387046,0.6572123912097525,-0.19379456778184626,1.2892636543577563,-0.7095914593360166,1.3094933969888636,0.06735988458768913,0.0014654858262449404,-0.16117336687610698,-0.4720973833117055,-0.48212781418497536,-0.4434522474074121
-1.1547930410409983,0.7643536418733372,0.6976023114453828,1.7973955710055562,-0.34932359918387046,0.6572123912097525,-0.19379456778184626,1.2892636543577563,-0.7095914593360166,1.3094933969888636,0.12098752079886359,0.015257968350561759,-0.15045370515243472,-0.35416937065096443,-1.3480298653136706,-0.45626070801464946
-1.5502843296629047,0.391862139324609,0.47390317203273363,1.3153998157956415,-0.34932359918387046,0.6572123912097525,-0.19379456778184626,1.2892636543577563,-0.7095914593360166,1.3094933969888636,0.05144108107377842,0.006885334236754649,0.05384818258077012,-1.1538790338069747,-1.8045319571219627,-0.2310633379035468
0.42141170272058864,0.5082657338710865,2.023818637963233,1.886184262754751,-0.34932359918387046,0.6572123912097525,-0.19379456778184626,1.357645947761808,-0.7095914593360166,1.3094933969888636,-0.021340556086043582,0.03203130390998804,0.06640583268452498,-1.5492881563627412,-1.1270439204196936,-1.3247465375467153
1.1237213870554124,1.5558980847893837,2.16762522758565,1.886184262754751,-0.34932359918387046,0.6572123912097525,-0.19379456778184626,1.357645947761808,-0.7095914593360166,1.3094933969888636,0.19676792342661029,0.012079543493752211,-0.0388118983276052,0.42199824245544837,-1.4225104962233912,-1.6109506627221277
0.7562743857023935,2.324161808796135,1.7681624786344903,0.2879878112692442,-0.34932359918387046,0.6572123912097525,-0.19379456778184626,1.357645947761808,-0.7095914593360166,1.3094933969888636,0.13712358538020636,0.10875547356360331,0.05580357154614373,1.1241620170682782,-0.6074305140535282,-0.31421615121866675
-0.24112309164259235,1.5326173658800888,0.15433297287180597,-1.2467881461096946,0.4868469261458025,0.6572123912097525,-0.19379456778184626,1.357645947761808,-0.7095914593360166,1.3094933969888636,0.108471681062707,0.06747745016189681,-0.0013558970886912319,0.7567913553856508,-0.47569708461441973,-0.20035487054682116
-0.16219754773401088,1.1368451444220646,1.033151020564357,1.049033740548057,0.6262086803674145,0.6572123912097525,-0.19379456778184626,1.357645947761808,-0.7095914593360166,1.3094933969888636,0.09201608615545634,0.12110711075843894,0.11924144698800018,-0.24039890569579356,-0.3574876388775905,0.0631567758860224
-0.9697575866643926,1.067002987694179,1.2408716500189603,0.693878973551278,-0.34932359918387046,0.6572123912097525,-0.19379456778184626,1.357645947761808,-0.7095914593360166,1.3094933969888636,0.17307332147583457,0.05155804573034025,0.028079095578831995,-0.1614897591179435,-1.15910579472674,-0.14710036513930608
-1.3691394966038195,0.8341957986012235,1.4326137695155168,1.6325022863284802,5.410962241976098,0.6572123912097525,-0.19379456778184626,1.357645947761808,-0.7095914593360166,1.3094933969888636,0.09929183151870077,-0.02122633885770553,-0.03032680349984329,-0.9688820218330715,-1.5554585540246464,-0.86025269151572
0.630275753319186,1.1834065822406563,1.6722914188862124,1.7720273733629293,-0.34932359918387046,0.6572123912097525,-0.19379456778184626,1.4260282411658594,-0.7095914593360166,1.3094933969888636,0.03913685769974705,0.1968903740145682,-0.027334469590514963,-1.3681809574027175,0.4205322842439584,-1.3131762657738042
1.250004227428711,1.4627752091522022,2.0078401280051863,1.886184262754751,-0.34932359918387046,0.6572123912097525,-0.19379456778184626,1.4260282411658594,-0.7095914593360166,1.3094933969888636,0.41597171199418376,0.13724378445879828,-0.0027863223787992957,0.6308189000947328,1.1243717600455763,-1.4315626366781096
1.3762929051933328,1.6723016793358612,1.9599045981310474,2.0257093497892003,-0.34932359918387046,0.6572123912097525,-0.19379456778184626,1.4260282411658594,-0.7095914593360166,1.3094933969888636,0.5795615552476828,0.10859079856284509,0.1065975006615518,1.2504186213031006,0.7561243749021765,-0.3402957084495147
1.104844358024099,1.0902837066034738,1.8480550284247224,0.5416697876955151,-0.34932359918387046,0.6572123912097525,-0.19379456778184626,1.4260282411658594,-0.7095914593360166,1.3094933969888636,0.3060078139793234,0.09213458247465303,0.1161640806164382,1.3766810617164873,-0.24344566275897425,-0.1610060380940089
1.0164936161488194,1.6490209604265662,1.6563129089281659,-0.10521925219147535,-0.11705400881451687,0.6572123912097525,-0.19379456778184626,1.4260282411658594,-0.7095914593360166,1.3094933969888636,0.21749311444939967,0.1731948776181508,0.16276105100055088,1.1052889098710494,-0.16434820092547084,-0.32109121384602946
0.0874950419702428,1.8119859927916346,1.9439260881730007,0.300671910090558,-0.256415763036129,0.6572123912097525,-0.19379456778184626,1.4260282411658594,-0.7095914593360166,1.3094933969888636,0.3035826488968421,0.09941060248942964,0.10076951049658696,1.016956523476938,-0.9736672907190762,-0.2103197589149271
-0.3350292058736396,1.1601258633313605,0.13835446291375939,0.744615368836532,-0.024146172666775465,0.6572123912097525,-0.19379456778184626,1.4944105345699108,-0.7095914593360166,1.3094933969888636,0.048540261056046925,0.4161024372884958,0.0335511669981049,-0.8238774234790163,0.6298512886178669,-1.4187851398987337
0.7134731731661423,0.5082657338710865,1.7042484388023051,2.089129843895768,-0.30286968110999973,0.6572123912097525,-0.19379456778184626,1.4944105345699108,-0.7095914593360166,1.3094933969888636,0.059935438315549566,0.5796984558819571,-0.11612126436656556,-0.3342855102784241,1.2509296733901218,-2.0426855074309707
2.3138290290203822,1.6257402415172704,2.471216916788531,1.7339750768989886,-0.34932359918387046,0.6572123912097525,-0.19379456778184626,1.4944105345699108,-0.7095914593360166,1.3094933969888636,0.40987938098813936,0.30613438825520833,0.005550954054224006,0.7139990350990176,1.3774934368411669,-0.5823078942134606
2.5255355243568767,2.5569689978890904,2.3274103271661137,1.0744019381906844,-0.34932359918387046,0.6572123912097525,-0.19379456778184626,1.4944105345699108,-0.7095914593360166,1.3094933969888636,0.6847732413027486,0.21761634739094265,0.07824864235491004,2.314022405892568,1.1054536125182848,-0.2943938371791591
0.3736954066894322,2.324161808796135,0.5058601919488263,-1.652679308391728,0.06876166348096599,0.6572123912097525,-0.19379456778184626,1.4944105345699108,-0.009347931404889999,1.5013261370085875,0.4174242578528525,0.30370913162536356,0.0787844890616031,2.525684917732084,1.0169104224765904,-0.26141772478161657
-1.51672042406011,0.7410729229640415,-0.6286140150724672,-1.7668361977835498,4.435429962424814,0.6572123912097525,-0.19379456778184626,1.4944105345699108,-0.009347931404889999,1.5013261370085875,0.0793291807646063,0.1698712600279776,0.08246394859166561,0.3742918598166939,0.08588827647045415,0.01825448983526994
-2.0089960256728077,-0.0039100821334142515,-0.516764445366142,-0.029114659263594134,9.824084458993816,0.6572123912097525,-0.19379456778184626,1.4944105345699108,-0.009347931404889999,1.5013261370085875,-0.0800104659536274,0.04865711620978497,0.0017699362300600222,-1.5157312238947969,-0.82831664150534,-0.4931069346151875
-0.6125260201285748,0.2056163880502453,-0.4528504055339567,-0.8535810826489745,0.9049321888106389,0.6572123912097525,-0.19379456778184626,1.5627928279739622,-0.009347931404889999,1.5013261370085875,-0.06855582208708459,0.0600527236249263,0.015559580188114876,-2.0079045518271257,-0.3375563260307577,-1.3558087211017824
-0.5076211661320194,-0.16687511449848255,0.3940106222425017,1.049033740548057,0.06876166348096599,0.6572123912097525,-0.19379456778184626,1.5627928279739622,-0.009347931404889999,1.5013261370085875,0.055610685584318066,0.41000987630353347,0.00718866920694015,-0.6117246726400063,0.7132299315146831,-1.8106236388220183
-0.3383765849610621,0.4849850149617911,0.15433297287180597,1.137822432297252,-0.34932359918387046,0.6572123912097525,-0.19379456778184626,1.5627928279739622,-0.009347931404889999,1.5013261370085875,0.04646272625737011,0.6849141135645793,0.032329463705870226,-0.506841613356558,2.317071729235777,-1.135639512355876
-0.31255780313449905,0.01937063677588116,0.25020403262008395,0.6558266770873373,-0.34932359918387046,0.6572123912097525,-0.19379456778184626,1.5627928279739622,-0.009347931404889999,1.5013261370085875,0.09771930731712679,0.4175550379792024,0.012381809468046037,-0.33763219392455784,2.52923936984373,-1.4300140810044517
-0.7626571579195883,-0.027190801042709663,-0.2611082860374002,1.7593432745416155,5.50387007812384,0.6572123912097525,-0.19379456778184626,1.5627928279739622,-0.009347931404889999,1.5013261370085875,0.19705959019188304,0.07944719816682194,0.10903784311729581,-0.31181877612950754,0.3727120511831359,-0.6179465315272035
-1.5093813638178646,0.27545854477813153,0.4259676421585944,0.5797220841594558,-0.34932359918387046,0.6572123912097525,-0.19379456778184626,1.5627928279739622,-0.009347931404889999,1.5013261370085875,0.08173436932767905,-0.07989846345104364,0.06776831495235194,-0.7618246196428727,-1.521821538542366,-0.48669997220910594
-1.6275732149789814,0.6945114851454506,0.2981395624942232,2.127182140359708,-0.34932359918387046,0.6572123912097525,-0.19379456778184626,1.5627928279739622,-0.009347931404889999,1.5013261370085875,0.04752094949955272,-0.06844338718406191,0.12138693827950175,-1.508393688393365,-2.015169429248402,-0.36892741365721954
-0.38966864801519324,1.1368451444220646,0.058461913123527456,1.4802931004727176,-0.34932359918387046,0.6572123912097525,-0.19379456778184626,1.6311751213780137,-0.009347931404889999,1.5013261370085875,0.03309654540310287,0.05572780763894844,0.05185218681889839,-1.6265609843752933,-0.6156575919513592,-1.167582890023989
0.14043872193214155,0.9971608309662923,0.9692369807321712,2.1144980415383947,-0.34932359918387046,0.6572123912097525,-0.19379456778184626,1.6311751213780137,-0.009347931404889999,1.5013261370085875,0.15903622393814426,0.04657950298641252,-0.020917218355678856,-0.38891360069581593,-0.5105242311378698,-1.5624707795716428
1.963742064628327,0.9971608309662923,2.7588300960333667,2.2032867332875896,-0.34932359918387046,0.6572123912097525,-0.19379456778184626,1.6311751213780137,-0.009347931404889999,1.5013261370085875,0.215389870323812,0.09783801892676482,0.19715460493698236,0.141083635758131,-0.34091099647707546,0.40621704607032294
0.6757008732556252,2.0913546197031803,0.441946152116641,0.8968245546922945,-0.34932359918387046,0.6572123912097525,-0.19379456778184626,1.6311751213780137,-0.009347931404889999,1.5013261370085875,0.13534284888721287,0.19718205178994644,0.137520290966587,1.964008174502474,-0.31503597542584794,1.1074552200443422
0.058414617741323956,0.6013886095082686,0.9692369807321712,2.2159708321089036,-0.34932359918387046,0.6572123912097525,-0.19379456778184626,1.6311751213780137,-0.009347931404889999,1.5013261370085875,0.19151848986118772,0.08185247752316618,0.10887320200752862,0.6762345826465407,-0.7661157497715928,0.7405688307372317
-0.7199062928835089,0.5315464527803823,0.6816238014873367,2.0764457450744542,-0.34932359918387046,0.6572123912097525,-0.19379456778184626,1.6311751213780137,-0.009347931404889999,1.5013261370085875,0.21874512677236294,0.04763776617538001,0.09242037269613364,0.059076572645496185,-1.5144664921447486,-0.25530692228207047
-0.9345413344799193,0.9738801120569964,0.6656452915292902,2.0130252509678863,-0.34932359918387046,0.6572123912097525,-0.19379456778184626,1.6311751213780137,-0.009347931404889999,1.5013261370085875,0.17329551669534302,0.033212817573248885,0.17346398519975323,-0.7190826363963679,-1.632915792248097,-0.1765017946797375
1.3812127315686882,1.2998101767871337,2.023818637963233,0.9475609499775489,-0.34932359918387046,0.6572123912097525,-0.19379456778184626,1.6995574147820651,-0.009347931404889999,1.5013261370085875,0.0404179610630893,0.15915725019518367,0.09969489526729203,-0.9336730860699441,-0.3923147854010396,-0.9828297433115136
1.6672974429722722,1.9051088684288162,2.7268730761172733,-0.3208489321538057,-0.34932359918387046,0.6572123912097525,-0.19379456778184626,1.6995574147820651,-0.009347931404889999,1.5013261370085875,0.3089476936709971,0.21551302387016,0.03955003134392277,1.381599865963692,0.13894727990237324,-1.381602318275269
-0.3723896048588559,0.9971608309662923,0.6656452915292902,0.5543538865168288,4.435429962424814,0.6572123912097525,-0.19379456778184626,1.6995574147820651,-0.009347931404889999,1.5013261370085875,0.2268420797576057,0.13546298074492474,0.4163215532023589,1.6676251412785557,1.9662221951928844,0.6147624338351192
-0.4055503656233187,0.18233566914094987,0.5378172118649189,2.190602634466276,-0.34932359918387046,0.6572123912097525,-0.19379456778184626,1.6995574147820651,-0.009347931404889999,1.5013261370085875,0.015165393561808762,0.1916407422886961,0.5798839028650711,-0.3716381473808826,0.6753753548772844,1.2335453913218415
-0.2620775023113767,0.4849850149617911,1.1769576101867743,1.5183453969366583,-0.34932359918387046,-1.5215781281288188,-0.19379456778184626,1.6995574147820651,-0.009347931404889999,1.5013261370085875,0.06883030632880857,0.21886840697601936,0.3063761361784526,-0.40479201876663945,0.05674450841212722,1.3596413910845855
-0.7775760707961973,0.7410729229640415,1.576420359137934,0.8334040605857267,-0.34932359918387046,-1.5215781281288188,-0.19379456778184626,1.6995574147820651,-0.009347931404889999,1.5013261370085875,0.03698310850697065,0.1734170812252889,0.21787631279780015,-0.2613489629400083,-0.7232717635526663,1.0886069916014862
-1.9821057177013142,0.9971608309662923,-0.14925871633107565,1.4041885075448362,-0.256415763036129,-1.5215781281288188,-0.19379456778184626,1.6995574147820651,-0.009347931404889999,1.5013261370085875,0.024020145901983706,0.04053450960877189,0.30395137867932154,-0.7767404330115597,-0.9383743294655329,1.000391046009692
-2.548468030651855,0.8341957986012235,0.17031148282985203,1.8227637686481832,-0.34932359918387046,-1.5215781281288188,5.1601033581379605,1.7679397081861168,-0.009347931404889999,1.5013261370085875,-0.13580215490652878,0.30907437892416634,0.1701410516277575,-1.9810198305041544,1.3824239797260265,0.07280984029350225
-1.5601626551311365,0.2288971069595407,1.624355889012073,2.190602634466276,-0.34932359918387046,-1.5215781281288188,5.1601033581379605,1.7679397081861168,-0.009347931404889999,1.5013261370085875,-0.24285100282421018,0.2269656656124954,0.048951854325067684,-2.547264477744719,1.669131849203673,-0.8380162917436067
0.6372430447014789,1.3463716146057247,2.2634962873339286,2.0257093497892003,-0.34932359918387046,-1.5215781281288188,-0.19379456778184626,1.7679397081861168,-0.009347931404889999,1.5013261370085875,-0.029765057186285054,0.015280988850332217,0.060345116463592856,-1.5591644295401461,-0.3749981045282297,-0.3490697644259091
0.7791938082256555,2.9061797815285226,1.9918616180471396,-0.14327154865541608,-0.34932359918387046,-1.5215781281288188,-0.19379456778184626,1.7679397081861168,-0.009347931404889999,1.5013261370085875,0.28141627138313086,0.06894792740984942,0.410230246098852,0.6377847439737785,-0.40823109703031674,0.6978329197961466
-0.32459195018612136,1.6490209604265662,0.6496667815712436,-0.6760036991505848,-0.30286968110999973,-1.5215781281288188,-0.19379456778184626,1.7679397081861168,-0.009347931404889999,1.5013261370085875,0.24967928956561947,0.03709952739067769,0.6850779066057288,0.7797060162394626,-0.2644457169370933,2.295747120752596
-1.7265195517814447,0.950599393147701,0.15433297287180597,-0.1305874498341026,1.6017409599186996,-1.5215781281288188,-0.19379456778184626,1.7679397081861168,-0.009347931404889999,1.5013261370085875,0.1302792311465519,0.024136075447847932,0.41777385494011743,-0.32385042300337363,-0.7810671594599666,2.507130616551618
-1.774568214281114,0.11249351241306323,0.8573874110258466,2.1652344368236487,-0.30286968110999973,-1.5215781281288188,-0.19379456778184626,1.7679397081861168,-0.009347931404889999,1.5013261370085875,-0.1317146236907169,-0.13569225847996724,0.07973559951947384,-1.725486764388042,-1.9882205480226987,0.358573550552554
-1.7556547015540227,1.1834065822406563,0.7934733711936613,2.127182140359708,-0.34932359918387046,-1.5215781281288188,5.1601033581379605,-1.7195572554205087,0.6908955965262368,1.3094933969888642,-0.1163246551736472,-0.2427451473760818,-0.0795772679137146,-1.773525444443864,-2.555816527905066,-1.5289580822511837
-1.0757325074580484,1.1368451444220646,0.2342255226620379,1.911552460397378,-0.34932359918387046,-1.5215781281288188,-0.19379456778184626,-1.7195572554205087,0.6908955965262368,1.3094933969888642,-0.037599917196042804,-0.029651157973767987,-0.06812454916235505,-1.7546158611305989,-1.5653583967499296,-2.020482621449017
-0.9957620705024518,0.717792204054746,0.10639744299766672,1.5944499898645395,-0.34932359918387046,-1.5215781281288188,-0.19379456778184626,-1.7195572554205087,0.6908955965262368,1.3094933969888642,-0.056129303385216225,0.2815419173548332,0.05602109056832796,-1.0748349255998,0.6368337563577426,-0.6261432031839707
-0.4876273711730126,0.6013886095082686,0.5218387019068729,2.177918535644962,-0.30286968110999973,-1.5215781281288188,-0.19379456778184626,-1.7195572554205087,0.6908955965262368,1.3094933969888642,-0.072520545077826,0.24980373750052312,0.04687466868554687,-0.9948811030587333,0.779093721180987,-0.5213984019966862
0.2354831274713907,0.7410729229640415,1.6563129089281659,2.1652344368236487,-0.34932359918387046,-1.5215781281288188,-0.19379456778184626,-1.7195572554205087,0.6908955965262368,1.3094933969888642,0.015169866679928744,0.13039917185816102,0.09812263535068855,-0.48685197224752524,-0.32709633560805973,-0.352412036433857
0.9985841347294745,1.695582398245157,3.4139490043132685,2.139866239181022,-0.34932359918387046,-1.5215781281288188,-0.19379456778184626,-1.7195572554205087,0.6908955965262368,1.3094933969888642,0.10735848153230904,-0.1316045729642651,0.19744622268352308,0.23610829516102655,-1.7320776568513112,-0.3266326461931535
-0.9396508760733078,1.6723016793358612,0.2342255226620379,-0.46037401918825466,-0.34932359918387046,-1.5215781281288188,-0.19379456778184626,-1.7195572554205087,0.6908955965262368,1.3094933969888642,-0.008825141748815235,-0.11621402349249972,0.08214038385653352,0.9990507628769314,-1.7802309803509961,-0.7760452866514989
-0.0867164295436208,1.3463716146057247,0.25020403262008395,0.3640924041971257,-0.34932359918387046,-1.5215781281288188,-0.19379456778184626,-1.6511749620164573,0.6908955965262368,1.3094933969888642,0.03223400162428211,-0.03748631374103216,0.047932714078321455,-0.938781566120526,-1.761276269658075,-1.5216302191763182
-0.631857271172303,0.9738801120569964,0.3460750923683625,1.9496047568613186,-0.34932359918387046,-1.5215781281288188,-0.19379456778184626,-1.6511749620164573,0.6908955965262368,1.3094933969888642,0.08527137208509354,-0.0560163993945289,0.033510734207335025,-0.08602432265488341,-1.079873049180417,-1.639641745623272
-0.254689553916795,0.4849850149617911,0.8414089010678006,1.1251383334759384,-0.34932359918387046,-1.5215781281288188,-0.19379456778184626,-1.6511749620164573,0.6908955965262368,1.3094933969888642,-0.00023909606659425035,-0.0724082598388157,0.15942924679517206,-0.6310519074818671,-0.9997284182833451,-0.4036258434447988
1.4292420577095923,0.9273186742384055,2.2634962873339286,1.7720273733629293,-0.34932359918387046,-1.5215781281288188,-0.19379456778184626,-1.6511749620164573,0.6908955965262368,1.3094933969888642,0.026410084567362428,0.015285462137307578,0.21577342215218506,-0.25396254944309415,-0.4904868851107241,0.1256727443485843
0.8757818389331765,2.0680739007938844,1.5444633392218412,-1.6399952095704144,-0.11705400881451687,-1.5215781281288188,-0.19379456778184626,-1.6511749620164573,0.6908955965262368,1.3094933969888642,0.08428832598502542,0.10747755701036671,0.1357398537515894,1.429619213678012,0.23419871394173222,1.94619428228518
-1.535485448145395,1.043722268784883,0.0904189330396201,-0.4984263156521954,1.2765635334016046,-1.5215781281288188,-0.19379456778184626,-1.6511749620164573,0.6908955965262368,1.3094933969888642,0.13154982168985419,-0.008710452077098273,0.1919060536132408,0.8762739801117642,0.9989619301017352,0.6601182488940404
-2.0430006543205685,0.27545854477813153,-0.13328020637302904,1.6325022863284802,3.134720256356433,-1.5215781281288188,-0.19379456778184626,-1.6511749620164573,0.6908955965262368,1.3094933969888642,-0.02647627665828886,0.03235024123433173,0.2191281147023549,-1.5344923494158038,-0.9434950008116545,0.04377378392188754
-0.7757456837791288,0.717792204054746,0.0904189330396201,0.8207199617644134,-0.34932359918387046,-1.5215781281288188,-0.19379456778184626,-1.5827926686124059,0.6908955965262368,1.3094933969888642,-0.07693199272923573,0.08538961379861602,0.17368614307620714,-2.041902115776758,-0.08870266755885961,-0.7333596463956572
-0.2879634141381691,0.32201998259672276,1.049129530522403,2.089129843895768,-0.34932359918387046,-1.5215781281288188,-0.19379456778184626,-1.5827926686124059,0.6908955965262368,1.3094933969888642,0.07342893793644445,-0.0001240822809227448,0.04083091939969503,-0.7749104262701256,-0.635030950890719,-0.9476672203862633
0.6761062071156984,0.2056163880502453,1.5923988690959805,2.0637616462531407,-0.34932359918387046,-1.5215781281288188,-0.19379456778184626,-1.5827926686124059,0.6908955965262368,1.3094933969888642,0.12267528950862601,0.02652610433083096,0.30931552178169397,-0.2872294967885634,-0.25704167589753857,1.3645537113055304
2.526683301425984,1.1834065822406563,3.1423143350264797,2.051077547431827,-0.34932359918387046,-1.5215781281288188,-0.19379456778184626,-1.5827926686124059,0.6908955965262368,1.3094933969888642,0.1794110079515476,0.08440653058961899,0.22722370687993643,0.6766398322956849,1.4305579247479245,1.65020194470066
3.287188128892663,2.5569689978890904,3.1902498649006183,2.0257093497892003,-0.34932359918387046,-1.5215781281288188,-0.19379456778184626,-1.5827926686124059,0.6908955965262368,1.3094933969888642,8.642326310837062,0.1316698103648845,0.015582595950144043,2.5268324563425217,0.8758921427580441,-0.38637316283788914
0.350573864491568,2.0447931818845895,0.6816238014873367,0.7065630723725913,-0.34932359918387046,-1.5215781281288188,-0.19379456778184626,-1.5827926686124059,0.6908955965262368,1.3094933969888642,4.352661571324129,-0.02636225329785761,0.06923848956826588,3.2871792836414317,-1.540627437151184,-0.41948333039607294
0.5315457648326705,2.2077582142496577,1.2568501599770063,0.03430583484297359,-0.34932359918387046,-1.5215781281288188,-0.19379456778184626,-1.5827926686124059,0.6908955965262368,1.3094933969888642,0.13234357219661783,-0.07681987401761142,0.03739664411921105,0.3511751212800484,-2.0492481277714574,-0.27622936291165845
1.3086649025186659,2.0913546197031803,0.5697742317810116,1.6071340886858532,-0.34932359918387046,-1.5215781281288188,-0.19379456778184626,-1.5144103752083544,0.6908955965262368,1.3094933969888642,0.3428538445487983,0.07354673261086356,0.024435860123740195,0.5321094234500642,-0.7792327854404374,-0.7909414378176035
0.6051895641037978,1.509336646970793,0.5218387019068729,1.7339750768989886,-0.34932359918387046,-1.5215781281288188,-0.19379456778184626,-1.5144103752083544,0.6908955965262368,1.3094933969888642,0.29266101179371645,0.12279494317964793,-0.13535958028286926,1.3090671092297779,-0.2903880142130773,-1.9936333398854447
0.6478970135419092,0.7643536418733372,0.47390317203273363,1.6325022863284802,-0.34932359918387046,-1.5215781281288188,-0.19379456778184626,-1.5144103752083544,0.6908955965262368,1.3094933969888642,0.19539864854218483,0.1795328033346858,-0.24239043712506383,0.6057379227096469,0.67578157164741,-2.5591315566974413
1.4027771496308448,1.2998101767871337,1.0011940006482645,1.7086068792563616,-0.34932359918387046,-1.5215781281288188,-0.19379456778184626,-1.5144103752083544,0.6908955965262368,1.3094933969888642,0.20343382210935282,8.642767572135861,-0.02934030359915791,0.6484364993780762,2.5303896470343723,-1.5723340337282827
0.625984541022053,1.8352667117009296,1.288807179893099,0.6685107759086506,-0.34932359918387046,-1.5215781281288188,5.1601033581379605,-1.5144103752083544,0.6908955965262368,1.3094933969888642,0.6005159241092806,4.352940902410367,0.2817887265393894,1.4031598038680002,3.292551028328322,0.621719095255916
1.3932457841094392,2.2543196520682485,2.055775657879326,1.6325022863284802,0.44039300807193166,-1.5215781281288188,-0.19379456778184626,-1.5144103752083544,0.6908955965262368,1.3094933969888642,0.11198486556509005,0.13246359083487283,0.2500570785713001,0.6265285793268032,0.34954014496674485,0.7634532852125726
2.876096776794023,2.603530435707681,2.8387226458235983,1.7593432745416155,-0.34932359918387046,-1.5215781281288188,-0.19379456778184626,-1.5144103752083544,0.6908955965262368,1.3094933969888642,0.21449802725991896,0.34298180972255626,0.13067708702362757,1.3936304185540795,0.5309062435868209,-0.33864843280701323
2.9491280148130756,3.790847100081751,2.103711187753465,-0.9296856755768558,-0.34932359918387046,-1.5215781281288188,-0.19379456778184626,-1.446028081804303,0.6908955965262368,1.3094933969888642,1.6292846567552324,0.2927870822422288,-0.13127273603458753,2.8761733386306285,1.3097181248758614,-1.7384371204962439
-0.3488517836921874,0.950599393147701,0.10639744299766672,-0.06716695572753485,8.662736507147047,-1.5215781281288188,-0.19379456778184626,-1.446028081804303,0.6908955965262368,1.3094933969888642,0.23568502089008778,0.19552104744149418,-0.11588535401976158,2.9491894039019977,0.6047104559324369,-1.786412475392673
-0.8388562752428476,0.717792204054746,-0.19719424620521434,0.6304584794447103,-0.34932359918387046,0.6572123912097525,-0.19379456778184626,-1.446028081804303,0.6908955965262368,1.3094933969888642,0.013921249913101756,0.20355652432778912,-0.03717384684969212,-0.34810521636028413,0.6475109319842719,-1.7675278189170307
-0.7348755532602907,0.13577423132235864,0.3460750923683625,1.8100796698268695,-0.30286968110999973,0.6572123912097525,-0.19379456778184626,-1.446028081804303,1.2035094366430976,0.7853966046998287,-0.08792772231361187,0.600653615748356,-0.05570011891300489,-0.8380079060694878,1.4040353700334387,-1.0886429787003564
-0.5161827950197055,0.43842357714320024,0.2821610525361772,1.7466591757203018,-0.34932359918387046,0.6572123912097525,-0.19379456778184626,-1.446028081804303,1.2035094366430976,0.7853966046998287,-0.03306686538033668,0.11210411568415006,-0.07208860582522841,-0.7340487868051843,0.6255507290767748,-1.0087945522390864
-1.0998500545505914,0.9971608309662923,1.2408716500189603,1.5310294957579715,-0.34932359918387046,0.6572123912097525,-0.19379456778184626,-1.446028081804303,1.2035094366430976,0.7853966046998287,0.028255989100942878,0.21462114714015418,0.015587068316493152,-0.5154014635062903,1.3944832430132716,-0.5014351114703083
-1.0182280006872304,0.7410729229640415,0.8573874110258466,1.7593432745416155,-0.34932359918387046,0.6572123912097525,-0.19379456778184626,-1.446028081804303,1.2035094366430976,0.7853966046998287,0.0744849783852093,1.6294611833032506,0.10776018956608276,-1.0989474621041795,2.8805642250397856,0.2205721411152885
0.47030861114704164,1.276529457877838,0.8573874110258466,1.188558827582506,-0.34932359918387046,0.6572123912097525,-0.19379456778184626,-1.3776457884002515,1.2035094366430976,0.7853966046998287,0.16907443295475494,0.23580894055645793,-0.00840390741113964,-1.0173423657902492,2.9537545418345164,0.9825088889962688
1.2783323578507293,1.4394944902429063,1.5284848292637947,1.6451863851497939,-0.34932359918387046,0.6572123912097525,-0.19379456778184626,-1.3776457884002515,1.2035094366430976,0.7853966046998287,0.2065015859426028,0.014036798236545718,0.03264833539121623,0.4708849922090623,-0.3514090125920262,-0.9527689663776853
2.8666566205120505,1.6723016793358612,2.7268730761172733,1.5817658910432262,-0.34932359918387046,0.6572123912097525,-0.19379456778184626,-1.3776457884002515,1.2035094366430976,0.7853966046998287,0.20954738590396263,-0.08781601867890779,0.08567679217052482,1.278740866358981,-0.842480846237755,-0.10113583765256381
2.1490730369407123,2.114635338612476,1.1450005902706817,0.14846272423479553,-0.34932359918387046,0.6572123912097525,-0.19379456778184626,-1.3776457884002515,1.2035094366430976,0.7853966046998287,4.174893388289222,-0.03295309080751412,0.0001806952644632719,2.8667351436067867,-0.7382736304096084,-0.6454449606349965
1.2463832206229726,2.0680739007938844,0.7295593313614754,0.326040107733185,-0.34932359918387046,0.6572123912097525,-0.19379456778184626,-1.3776457884002515,1.2035094366430976,0.7853966046998287,0.2280232894390097,0.028372078545314615,0.026825397126067196,2.14930064301625,-0.5191045092156589,-0.26885268627286546
-0.1391267178732776,1.6723016793358612,1.5923988690959805,-1.0184743673260506,-0.34932359918387046,0.6572123912097525,-0.19379456778184626,-1.3776457884002515,1.2035094366430976,0.7853966046998287,0.2818072688851236,0.0746028129240152,0.08469391128528093,1.2467983667867129,-1.1040431298184388,1.4125097593445795
-1.4287166421316593,0.9273186742384055,0.13835446291375939,0.4909333924102611,-0.34932359918387046,0.6572123912097525,-0.19379456778184626,-1.3776457884002515,1.2035094366430976,0.7853966046998287,0.05164381761342534,0.16919583814334693,0.1319474640261882,-0.13842372238258813,-1.0222432844134153,0.8598939520463762
-0.27810551953956847,1.1135644255127697,0.5218387019068729,0.9602450487988622,-0.34932359918387046,0.6572123912097525,-0.19379456778184626,-1.3092634949961999,1.2035094366430976,0.7853966046998287,-0.07988465926305155,0.2066244039658117,-0.02605207579732262,-1.4277457253641717,0.4695357013444791,-1.5476944766333953
0.3547833533101753,0.4849850149617911,1.3846782396413775,1.4422408040087769,-0.34932359918387046,0.6572123912097525,-0.19379456778184626,-1.3092634949961999,1.2035094366430976,0.7853966046998287,0.12524542680655615,0.20967031890283166,-0.07649931207036197,-0.2773736502361344,1.2793195089732057,-2.054435369405504
-0.3466678696630532,1.3929330524243155,0.47390317203273363,1.0363496417267437,-0.34932359918387046,0.6572123912097525,-0.19379456778184626,-1.3092634949961999,1.2035094366430976,0.7853966046998287,0.17431742409987683,4.175166008818478,0.07383634831070984,0.35538373554807356,2.871103505933681,-0.7891138434128211
-0.20140839976897612,0.46170429605249563,0.6177097616551509,0.4782492935889474,-0.34932359918387046,0.6572123912097525,-0.19379456778184626,-1.3092634949961999,1.2035094366430976,0.7853966046998287,-0.03585617694128074,0.22814691988328958,0.12307442333582135,-0.3459217560544801,2.1519568608421267,-0.3020757807326868
-0.38557006963174867,0.9738801120569964,0.2981395624942232,1.2900316181530145,-0.34932359918387046,0.6572123912097525,-0.19379456778184626,-1.3092634949961999,1.2035094366430976,0.7853966046998287,0.049098630725463124,0.28193292961655947,0.17980060653746607,-0.20069246482565858,1.2473007792016004,0.6605229643382773
-1.0376373268399137,0.2056163880502453,0.7934733711936613,1.2012429264038198,-0.34932359918387046,0.6572123912097525,-0.19379456778184626,-1.3092634949961999,1.2035094366430976,0.7853966046998287,0.07691237442473266,0.051760789923072655,8.641293596609582,-0.3848158738205391,-0.1412271175093046,2.5082766424630107
-1.0897666907120982,0.4849850149617911,0.5857527417390582,0.744615368836532,-0.34932359918387046,0.6572123912097525,-0.19379456778184626,-1.3092634949961999,1.2035094366430976,0.7853966046998287,0.04582410890464466,-0.07977265201140105,4.352349796029136,-1.0367476595204184,-1.4336260642057899,3.267621171531065
-0.5037721362276807,1.4162137713336114,0.8094518811517074,0.795351764121786,-0.16350792688838758,0.6572123912097525,-0.19379456778184626,-1.2408812015921484,1.2035094366430976,0.7853966046998287,0.004490222488104806,0.1253651774974862,0.1327410811319339,-1.0888661931546608,-0.2805086468605422,0.3354872847755842
0.0010863272211076246,0.6013886095082686,1.4645707894316093,1.3788203099022092,-0.34932359918387046,0.6572123912097525,-0.19379456778184626,-1.2408812015921484,1.2035094366430976,0.7853966046998287,-0.015791210303733393,0.17443902720572393,0.34321597425048117,-0.5029933831149547,0.3537588030168435,0.5161830771965551
0.325501539080577,1.043722268784883,1.4326137695155168,0.17383092187742252,-0.34932359918387046,0.6572123912097525,-0.19379456778184626,-1.2408812015921484,1.2035094366430976,0.7853966046998287,0.015645149074516876,-0.03574250766195811,0.29303157711204125,0.0017601924763952766,-0.34922034149756814,1.292116568114204
0.9913764157920228,2.0447931818845895,1.7042484388023051,0.27530371244793095,-0.34932359918387046,0.6572123912097525,-0.19379456778184626,-1.2408812015921484,1.2035094366430976,0.7853966046998287,0.05952990149266186,0.049215506957053345,0.19578556017860016,0.3261080048190577,-0.20364446318357096,0.5897145184927204
1.1899411190731393,2.2543196520682485,2.103711187753465,-0.15595564747672958,-0.30286968110999973,0.6572123912097525,-0.19379456778184626,-1.2408812015921484,1.2035094366430976,0.7853966046998287,0.09225804482232236,0.0770303005951183,0.2038193833210134,0.991844541393224,-0.38820727937445293,0.6323568093895542
-0.05794064417443688,2.603530435707681,1.8001194985505835,-1.2467881461096946,-0.256415763036129,0.6572123912097525,-0.19379456778184626,-1.2408812015921484,1.2035094366430976,0.7853966046998287,0.06835574954999563,0.045940861526571494,0.6008347500481146,1.1903679914760723,-1.041694888527213,1.3860852286432719
-1.7304528590230273,1.0902837066034738,-0.08534467649888977,-0.5872150074013901,-0.34932359918387046,0.6572123912097525,-0.19379456778184626,-1.2408812015921484,1.2035094366430976,0.7853966046998287,-0.01279583604036739,0.004605414800445722,0.11238579606948365,-0.0572545156552664,-1.0939378021023274,0.6104777686190523
-0.15090620872838495,0.6479500473268598,0.9852154906902179,1.2266111240464468,-0.34932359918387046,0.6572123912097525,-0.19379456778184626,-1.172498908188097,1.2035094366430976,0.7853966046998287,-0.15821811926309548,-0.015676783593583432,0.21488172897515395,-1.7294192544576863,-0.5066668171641748,1.3765684050784086
0.5745297606847625,0.7876343607826327,1.7521839686764444,1.188558827582506,-0.34932359918387046,0.6572123912097525,-0.19379456778184626,-1.172498908188097,1.2035094366430976,0.7853966046998287,0.00043283577098152977,0.015760762473292965,1.629430583533659,-0.15020076596653545,-0.0007086562648890104,2.857157019445234
0.24660591180253505,1.9749510251567028,1.6882699288442584,0.6304584794447103,-0.34932359918387046,0.6572123912097525,-0.19379456778184626,-1.172498908188097,1.2035094366430976,0.7853966046998287,-0.023739935773576137,0.05964717149346137,0.23606516183088053,0.575084489078033,0.3244132062842556,2.930076834070953
-0.19513210958467544,1.0902837066034738,0.0265048932074348,0.3894606018397527,-0.16350792688838758,0.6572123912097525,-0.19379456778184626,-1.172498908188097,1.3911391244573632,0.06946707239107,-0.05837788450693937,0.09237655027519749,0.014338661397403371,0.2472287686563591,0.9917385111003779,-0.3628712532068486
-0.004390240351786642,0.6945114851454506,0.3940106222425017,0.6304584794447103,-0.256415763036129,0.6572123912097525,-0.19379456778184626,-1.172498908188097,1.3911391244573632,0.06946707239107,0.014128484223447129,0.06847335271703045,-0.08749319366660153,-0.1944174785842998,1.1907357338176654,-0.8521281473638681
-0.6511750232485889,0.5548271716896778,1.975883108089094,0.9095086535136082,-0.34932359918387046,0.6572123912097525,-0.19379456778184626,-1.172498908188097,1.3911391244573632,0.06946707239107,0.11527619689580086,-0.012681296258072957,-0.03264155687756478,-0.0037152373014922202,-0.059864201933529475,-0.7483060682470063
-1.3634903611499076,0.9971608309662923,0.10639744299766672,0.9602450487988622,-0.34932359918387046,0.6572123912097525,-0.19379456778184626,-1.172498908188097,1.3911391244573632,0.06946707239107,0.02954997541210928,-0.1581090690149869,0.028670991429239272,-0.6503656461607903,-1.7360195317376077,-0.5299469684501454
-0.546760145286299,0.7876343607826327,0.12237595295571332,0.24993551480530396,-0.34932359918387046,0.6572123912097525,-0.19379456778184626,-1.1041166147840455,1.3911391244573632,0.06946707239107,-0.03164219419741009,0.0005478749213544497,0.07489221127691603,-1.3625329955959902,-0.15303226679543644,-1.1127237297723358
-0.45018597838317304,0.2288971069595407,1.1609791002287282,1.0109814440841167,-0.34932359918387046,0.6572123912097525,-0.19379456778184626,-1.1041166147840455,1.3911391244573632,0.06946707239107,-0.04676686081472209,-0.02362580911923079,0.16946576874854308,-0.5459724611156783,0.5739838684341126,-1.0312262062669288
0.1967932626121059,0.6712307662361552,1.3047856898511454,0.9856132464414892,-0.34932359918387046,0.6572123912097525,-0.19379456778184626,-1.1041166147840455,1.3911391244573632,0.06946707239107,-0.11738292368495395,-0.058265065397761696,0.20688663157308923,-0.44941835816746983,0.2453457262465701,0.4550393527289819
0.6356986898592919,0.7876343607826327,1.624355889012073,0.9475609499775489,-0.34932359918387046,0.6572123912097525,-0.19379456778184626,-1.1041166147840455,1.3911391244573632,0.06946707239107,-0.026544903876462855,0.014244040369762566,0.20993191964461477,0.19742646839028236,-0.19735450180067907,1.2618303016574415
0.5680502563149907,0.717792204054746,1.3527212197252847,0.9221927523349215,-0.34932359918387046,0.6572123912097525,-0.19379456778184626,-1.1041166147840455,1.3911391244573632,0.06946707239107,0.13592326802203883,0.11539557125906512,4.174611489455885,0.6362407099820522,-0.0061971530572247965,2.847731265962325
0.027609974050055806,0.6479500473268598,2.359367347082207,0.8841404558709812,-0.34932359918387046,0.6572123912097525,-0.19379456778184626,-1.1041166147840455,1.3911391244573632,0.06946707239107,0.17097046030818042,0.02966611370306721,0.22840471804231893,0.5686063308703637,-0.6543907814587916,2.1312424960632033
-1.133498602327583,1.276529457877838,0.3940106222425017,-0.041798758084907635,-0.34932359918387046,0.6572123912097525,-0.19379456778184626,-1.1041166147840455,1.3911391244573632,0.06946707239107,0.11620580152397748,-0.03152836584478853,0.28217965832871256,0.028278328833223537,-1.3682577054337384,1.2299299090680145
-1.640174683499917,1.2066873011499513,0.0904189330396201,-0.5618468097587631,-0.34932359918387046,0.6572123912097525,5.1601033581379605,-1.035734321379994,1.3911391244573632,0.06946707239107,-0.0197957826310726,-0.046653603401935924,0.05205488928579759,-1.1325890191613204,-0.5497484639596765,-0.15346616386834036
-0.5368117711221753,0.717792204054746,0.0265048932074348,0.5289856888742018,0.16166949962870744,0.6572123912097525,-0.19379456778184626,-1.035734321379994,1.3911391244573632,0.06946707239107,-0.101388905698523,-0.1172723319523002,-0.07945148236673544,-1.639159834853491,-0.45296393638555804,-1.4410885672511686
-0.42504579329803965,0.29873926368742737,0.15433297287180597,0.3894606018397527,-0.34932359918387046,0.6572123912097525,-0.19379456778184626,-1.035734321379994,1.3911391244573632,0.06946707239107,0.0026399703384976715,-0.026430883106634995,0.12564412868576663,-0.5360261537954853,0.19542457368879512,-0.2922329262744028
-0.2900619563191883,0.8807572364198147,0.07444042308157406,-0.09253515337016185,-0.34932359918387046,0.6572123912097525,-0.19379456778184626,-1.035734321379994,1.3911391244573632,0.06946707239107,0.15656835000221817,0.13604342178994638,0.17470787873472396,-0.42428339613065613,0.6352860375567324,0.33969035119822655
-0.2726172771840268,0.2288971069595407,0.6496667815712436,0.04698993366428709,-0.34932359918387046,0.6572123912097525,-0.19379456778184626,-1.035734321379994,1.3911391244573632,0.06946707239107,0.19018934889278602,0.17109193706975795,-0.03543039965518398,-0.2893276029828476,0.5674902502186756,-0.3606906711643885
-0.6789890983971221,0.9040379553291101,1.8640335383827689,0.05967403248560058,-0.34932359918387046,0.6572123912097525,-0.19379456778184626,-1.035734321379994,1.3911391244573632,0.06946707239107,0.12082506798344642,0.1163252109788128,0.04951013015255035,-0.27188654810111684,0.02587276514625878,-0.21565282291453514
-1.6605767310146564,2.580249716798386,0.441946152116641,-0.15595564747672958,-0.34932359918387046,0.6572123912097525,-0.19379456778184626,-1.035734321379994,1.3911391244573632,0.06946707239107,-0.011580829763550293,-0.01968150708920444,0.07731919935814527,-0.6781739427417443,-1.137764971844972,-0.3995335182418249
-0.6131123131196888,0.391862139324609,1.2248931400609135,0.4021447006610664,-0.34932359918387046,0.6572123912097525,-0.19379456778184626,-0.9673520279759426,1.3911391244573632,0.06946707239107,-0.10580728631692131,-0.10127771020895827,0.04623615866151504,-1.6595576437009483,-1.645544709655816,-1.050605919708108
-0.6732144590297429,0.9040379553291101,-0.1812157362471683,-0.6506355015079578,-0.30286968110999973,0.6572123912097525,-0.19379456778184626,-0.9673520279759426,1.3911391244573632,0.06946707239107,0.0032133750288016938,0.002755092805817573,0.004909218990177487,-0.6123108438246733,-0.539778419956386,-1.102655750071447
-0.6396454457095422,-0.0737522388613009,0.7615163512775687,0.46556519476763414,-0.34932359918387046,0.6572123912097525,-0.19379456778184626,-0.9673520279759426,1.3911391244573632,0.06946707239107,-0.030451926681427485,0.15668928309968094,-0.015368805219546686,-0.6724005030958604,-0.42776899021500225,-0.517555244537956
-0.3648363853224049,0.18233566914094987,1.2408716500189603,0.5543538865168288,-0.34932359918387046,0.6572123912097525,-0.19379456778184626,-0.9673520279759426,1.3911391244573632,0.06946707239107,-0.0423229848969833,0.19031155114665785,0.016062270833141403,-0.6388384639716739,-0.29249112749996736,-0.013467041113187705
-0.05269501839580248,0.8574765175105189,1.4485922794735626,0.5289856888742018,-0.34932359918387046,0.6572123912097525,-0.19379456778184626,-0.9673520279759426,1.3911391244573632,0.06946707239107,0.0040541473719889936,0.12094465181060338,0.059939647796913596,-0.3640864970783284,-0.27500844985520645,0.3104532120856457
-0.5624182178393254,2.0215124629752936,0.6177097616551509,-1.1706835531818132,-0.34932359918387046,0.6572123912097525,-0.19379456778184626,-0.9673520279759426,1.3911391244573632,0.06946707239107,0.01442454097601266,-0.011466244116080696,0.09266229069841778,-0.05200997969187464,-0.6822654420381797,0.9753121668394276
-1.5397565944098592,1.4627752091522022,0.8094518811517074,-0.38426942626037347,2.670181075617726,0.6572123912097525,-0.19379456778184626,-0.9673520279759426,1.3911391244573632,0.06946707239107,-0.03646473922028938,-0.10569625761645461,0.0687640125454428,-0.5616272805952186,-1.6659911975063353,1.1735739209492575
-0.5496109812742145,-0.1901558334077784,-0.2930653059534929,-0.3462171297964327,0.8584782707367681,0.6572123912097525,-0.19379456778184626,-0.8989697345718911,1.3911391244573632,0.06946707239107,-0.2782593801283764,0.0033285191415295752,-0.01237393437126204,-1.5387626083199224,-0.6162451620229903,-0.07240395535470458
-0.23430793727168567,-0.44624374141002876,0.3620536023264091,-0.07985105454884836,-0.07060009074064617,0.6572123912097525,-0.19379456778184626,-0.8989697345718911,1.3911391244573632,0.06946707239107,-0.045126506619165355,-0.03033805339749228,-0.1577717773190519,-0.5488227048225877,-0.6764782241826705,-1.7423644267107077
-0.16610969443204623,-0.05047151995200508,1.5923988690959805,0.4021447006610664,-0.34932359918387046,0.6572123912097525,-0.19379456778184626,-0.8989697345718911,1.3911391244573632,0.06946707239107,-0.0928716174356213,-0.04220955973267909,0.0008525141743742804,-0.2335851672206118,-0.6428360898572048,-0.1652276828133662
-0.2600001206739091,1.1601258633313605,0.2342255226620379,-0.05448285690622136,-0.34932359918387046,-1.5215781281288188,-0.19379456778184626,-0.8989697345718911,1.3911391244573632,0.06946707239107,-0.03535651691399058,0.004169323222965087,-0.023316194793462162,-0.16540109304029052,-0.36742843234837735,0.5591014925818933
-1.6746127384534935,0.15905495023165406,0.47390317203273363,-0.041798758084907635,-0.34932359918387046,-1.5215781281288188,5.1601033581379605,-0.8989697345718911,1.3911391244573632,0.06946707239107,0.01995006690348198,0.014540108298150865,-0.05794832212881418,-0.2592720128930256,-0.054607149979614925,0.23167795547019923
-1.483635549382855,0.391862139324609,0.33009658241031586,0.26261961362661723,-0.34932359918387046,-1.5215781281288188,5.1601033581379605,-0.8989697345718911,1.3911391244573632,0.06946707239107,-0.05563259725217704,-0.03635109291353576,0.01454586087908694,-1.6735907350616093,-0.5654406433836636,-0.20938610843467068
-1.5471616901414575,0.34530070150601816,1.1769576101867743,-0.46037401918825466,-0.34932359918387046,-1.5215781281288188,5.1601033581379605,-0.8989697345718911,1.2035094366430978,-0.6464624599176886,0.03551837264092633,-0.27815486130826245,0.11567657424533502,-1.4826532228303853,-1.5449078869511887,-0.018935253114420503
-1.587934409192574,0.7876343607826327,0.0904189330396201,-0.029114659263594134,-0.34932359918387046,-1.5215781281288188,5.1601033581379605,-0.8305874411678396,1.2035094366430978,-0.6464624599176886,-0.0212050021571506,-0.04501318728477933,0.02996476026767378,-1.5461661655913748,-0.5526055097218052,-0.664733239713887
-0.4844281158904351,0.43842357714320024,-0.08534467649888977,-0.09253515337016185,-0.34932359918387046,-1.5215781281288188,-0.19379456778184626,-0.8305874411678396,1.2035094366430978,-0.6464624599176886,-0.10933515984345663,-0.09276010042762038,-0.03121712513081424,-1.5869304138265046,-0.23661566341976648,-1.3759618016789688
-0.29521783220621367,0.41514285823390484,0.04248340316548141,0.24993551480530396,-0.34932359918387046,-1.5215781281288188,-0.19379456778184626,-0.8305874411678396,1.2035094366430978,-0.6464624599176886,0.02563584110078486,-0.03524282877304139,-0.04633924983362535,-0.4836533816324859,-0.16826886917570602,-0.5604776670068916
-0.18014205350130236,0.41514285823390484,-0.2611082860374002,-0.7140559956145256,-0.34932359918387046,-1.5215781281288188,-0.19379456778184626,-0.8305874411678396,1.2035094366430978,-0.6464624599176886,0.10160580061660753,0.020065842808258287,-0.11694344467405218,-0.2944824077007946,-0.2623638102862688,-0.4640508428255462
-0.2948923976398937,0.5315464527803823,0.13835446291375939,0.021621736021660086,-0.34932359918387046,-1.5215781281288188,-0.19379456778184626,-0.8305874411678396,1.2035094366430978,-0.6464624599176886,0.07734383352501548,-0.055519674511369466,-0.02612069148172034,-0.17943053678934476,-1.6800577785865256,0.181941305188652
-1.027528424414376,-0.3996823035914375,0.20226850274594524,0.17383092187742252,-0.34932359918387046,-1.5215781281288188,-0.19379456778184626,-0.8305874411678396,1.2035094366430978,-0.6464624599176886,0.06816289459854184,0.03563473623243584,0.13632017533875676,-0.2941570407457695,-1.488664597424778,0.6201770966281613
-1.419167034762364,0.0659320745944724,1.5284848292637947,0.008937637200346363,-0.34932359918387046,-1.5215781281288188,-0.19379456778184626,-0.8305874411678396,1.2035094366430978,-0.6464624599176886,0.06213537172064777,-0.02109077981179808,0.17136147744771021,-1.0266408572896744,-1.5523291126785908,0.5526318739594208
-0.09613980332553142,1.0204415498755877,0.8573874110258466,-0.1305874498341026,-0.34932359918387046,-1.5215781281288188,-0.19379456778184626,-0.7622051477637881,1.2035094366430978,-0.6464624599176886,-0.1411427909675052,-0.10922426431640667,0.11660602264028389,-1.4181981019922316,-1.5931906440571941,0.01301613872090413
0.1753050954741268,0.7643536418733372,1.3527212197252847,-1.1072630590752455,-0.34932359918387046,-1.5215781281288188,-0.19379456778184626,-0.7622051477637881,1.2035094366430978,-0.6464624599176886,0.11395790069380922,0.025751831637398446,-0.019372704521772265,-0.09544573866534443,-0.48728066111684937,-1.1463209401288512
0.14042558780165962,1.5326173658800888,1.113043570354589,-0.47305811800956815,-0.34932359918387046,-1.5215781281288188,-0.19379456778184626,-0.7622051477637881,1.2035094366430978,-0.6464624599176886,-0.003165242313563922,0.10172465893717154,-0.10095211470893607,0.17594276556849198,-0.29765823406643765,-1.6522239881469263
-0.010497611024642386,1.0204415498755877,0.9852154906902179,-0.9170015767555422,-0.34932359918387046,-1.5215781281288188,-0.19379456778184626,-0.7622051477637881,1.2035094366430978,-0.6464624599176886,-0.01302236909482982,0.07746177598251633,0.0030592778016571903,0.141070504356356,-0.18233179393933024,-0.5505444710273034
-0.4677747681166491,0.08921279350376782,0.8893444309419393,-0.029114659263594134,-0.34932359918387046,-1.5215781281288188,-0.19379456778184626,-0.7622051477637881,1.2035094366430978,-0.6464624599176886,0.007364219819165429,0.06828049048551045,0.15696178762042404,-0.009821339125609486,-0.29733209062904037,-0.4389490139946296
-1.086133644286751,0.46170429605249563,-0.6765495449466058,-1.4624178260720246,-0.34932359918387046,-1.5215781281288188,-0.19379456778184626,-0.7622051477637881,1.2035094366430978,-0.6464624599176886,-0.05326625604305238,0.062252740075135385,0.1905771360258092,-0.46700349370753597,-1.031563966595161,-0.30417112117843204
-1.159970442308528,-0.4229630225007333,-0.19719424620521434,-1.2341040472883809,2.484365403322243,-1.5215781281288188,-0.19379456778184626,-0.7622051477637881,1.2035094366430978,-0.6464624599176886,-0.29743910962378955,-0.14103309614418894,0.12122451276658174,-1.0852339015199792,-1.4240556556028072,-0.2867530573026798
-0.3156465128188729,0.3685814204153136,0.10639744299766672,-0.955053873219483,0.34748517192419026,-1.5215781281288188,-0.19379456778184626,-0.6938228543597367,1.2035094366430978,-0.6464624599176886,-0.3436407917789347,0.11407722529281515,-0.011159132293463134,-1.1590553594333786,-0.09814656760877069,-0.6925048790675526
0.0782471547650112,0.391862139324609,-0.5966569951563739,-0.7267400944358391,-0.2099618449622583,0.6572123912097525,-0.19379456778184626,-0.6938228543597367,1.2035094366430978,-0.6464624599176886,-0.056333636550374,-0.0030503389867540137,-0.10536975275587489,-0.31490684411296027,0.17388960039755066,-1.6725949083601612
0.055774657514998494,-1.2377881843260754,-0.14925871633107565,-0.05448285690622136,-0.34932359918387046,0.6572123912097525,-0.19379456778184626,-0.6938228543597367,1.2035094366430978,-0.6464624599176886,0.07461754216140888,-0.012907837863913614,0.0036325861231794043,0.07890498932166708,0.13893411716274467,-0.6267286016708105
0.03126199199720585,-0.12031367667989173,0.3141180724522698,-0.2066920427619838,-0.34932359918387046,0.6572123912097525,-0.19379456778184626,-0.6938228543597367,1.2035094366430978,-0.6464624599176886,0.04674516456768999,0.007479520621802669,-0.030027057656150588,0.05643716088927058,-0.012317826983258277,-0.6867390500384759
-0.12378240510392466,-0.6092087737750971,-0.021430636666704465,-0.11790335101278908,-0.34932359918387046,0.6572123912097525,-0.19379456778184626,-0.6938228543597367,1.2035094366430978,-0.6464624599176886,0.12798445489993432,-0.053153243975418984,-0.04189612077219231,0.03192958804824263,-0.47059103853454776,-0.6532212527934297
-0.9151013620227856,0.08921279350376782,0.3940106222425017,-0.42232172272431395,-0.34932359918387046,0.6572123912097525,-0.19379456778184626,-0.6938228543597367,1.2035094366430978,-0.6464624599176886,0.14475132568504978,-0.29733531481775655,0.004473217162662949,-0.12308259750094387,-1.0902968420691461,-0.37883146721057864
-1.1936332187268748,-0.0737522388613009,0.01052638324938819,-0.25742843804723803,-0.34932359918387046,0.6572123912097525,-0.19379456778184626,-0.6938228543597367,1.2035094366430978,-0.6464624599176886,-0.017607068689416337,-0.3435387410365212,0.014841867875120872,-0.9142371524023075,-1.1642944735609273,-0.06716633280099513
-0.16202607436386668,0.08921279350376782,1.049129530522403,-0.2066920427619838,-0.34932359918387046,0.6572123912097525,-0.19379456778184626,-0.6254405609556851,1.2035094366430978,-0.6464624599176886,-0.0032826923843412123,-0.05622074027304305,-0.036038859656679946,-1.1927111421757752,-0.31813141302786835,-0.5761118501172049
-0.17350566923969862,0.5082657338710865,0.6816238014873367,-1.1960517508244402,-0.34932359918387046,0.6572123912097525,-0.19379456778184626,-0.6254405609556851,1.2035094366430978,-0.6464624599176886,-0.03056032650992404,0.0747353817043542,-0.2777928635497826,-0.16131832137258467,0.07662024524720885,-1.5519591064314386
-0.9752487477155969,0.9738801120569964,-0.037409146624750506,-0.8789492802916016,-0.2099618449622583,0.6572123912097525,5.1601033581379605,-0.6254405609556851,1.2035094366430978,-0.6464624599176886,0.08648654710729493,0.04686195195847368,-0.04469917132283059,-0.17279553128273226,0.054098797747331395,-0.5633241534886474
-0.17533970462634488,0.08921279350376782,-0.4528504055339567,-0.8535810826489745,-0.34932359918387046,0.6572123912097525,-0.19379456778184626,-0.6254405609556851,1.2035094366430978,-0.6464624599176886,0.005437655964309532,0.1281043089862177,-0.09243625789699403,-0.9743720420573725,0.02953273802556588,-0.2485021657579852
-0.06866466171075179,0.01937063677588116,-0.40491487565981743,-0.7394241932571526,-0.34932359918387046,0.6572123912097525,-0.19379456778184626,-0.6254405609556851,1.2035094366430978,-0.6464624599176886,0.04334732572309489,0.14487181270260288,-0.03493082360284025,-0.1746291856357699,-0.12584938130971576,-0.18040797263518904
-0.8323475839164609,-0.888577400686643,-0.3250223258695855,-0.37158532743906,-0.34932359918387046,0.6572123912097525,-0.19379456778184626,-0.6254405609556851,1.2035094366430978,-0.6464624599176886,0.01117934290023997,-0.017492710525959937,0.020366465159676238,-0.06797630520234482,-0.9188920122926092,-0.2741551507249297
-1.0757423580559096,-0.2367172712263692,-0.3729578557437248,-0.6379514026866443,-0.34932359918387046,0.6572123912097525,-0.19379456778184626,-0.6254405609556851,1.2035094366430978,-0.6464624599176886,-0.051457630891381057,-0.00316779349114467,-0.05520349625846835,-0.831500566968997,-1.198030575222058,-1.6866095011328897
0.11172678303056195,-0.6324894926843925,-0.11730169641498242,-0.2954807345111785,-0.34932359918387046,0.6572123912097525,-0.19379456778184626,-0.5570582675516337,1.2035094366430978,-0.6464624599176886,-0.09599963860432899,-0.030446457317965324,0.035932154422780395,-1.0748447741511309,-0.16417635404702355,-1.4959236850011852
0.1913013718869864,-1.0049809952331206,0.4898816819907797,-0.2954807345111785,-0.34932359918387046,0.6572123912097525,-0.19379456778184626,-0.5570582675516337,0.6908955965262368,-1.1705592522067243,0.009305802072472285,0.08660483469236255,-0.020781687208544057,0.11237766196157056,-0.17568095411169884,-1.5593529042456424
-0.09514233908302329,-0.30655942795425584,0.457924662074687,-0.9423697743981694,-0.34932359918387046,0.6572123912097525,-0.19379456778184626,-0.5570582675516337,0.6908955965262368,-1.1705592522067243,-0.021151791067020538,0.005552884041241275,-0.10889703337328359,0.1919357186436611,-0.9791704127776628,-1.600063416563923
-0.19428751202746555,0.6945114851454506,0.6496667815712436,-1.2975245413949485,-0.34932359918387046,0.6572123912097525,-0.19379456778184626,-0.5570582675516337,0.6908955965262368,-1.1705592522067243,-0.072240047471732,0.043463984849130693,0.026051283782073133,-0.09444848165297078,-0.17751898444779102,-0.49824073727545976
-0.22984999448484686,-0.0039100821334142515,-0.500785935408096,-0.8662651814702881,1.0907478611061217,0.6572123912097525,-0.19379456778184626,-0.5570582675516337,0.6908955965262368,-1.1705592522067243,-0.18285579503146532,0.011294787719654507,0.10200847546990915,-0.19357305649810722,-0.07061157883805863,-0.3093191307714917
-0.9578795898306913,0.13577423132235864,0.20226850274594524,-1.031158466147364,0.25457733577644887,0.6572123912097525,-0.19379456778184626,-0.5570582675516337,0.6908955965262368,-1.1705592522067243,-0.16858869585166114,-0.05134455055010088,0.07775058594561368,-0.22912815060239516,-0.8359579774898218,-0.19441892260463547
-1.0346854310147,-0.3764015846821421,0.2182470127039913,-0.46037401918825466,-0.34932359918387046,0.6572123912097525,-0.19379456778184626,-0.5570582675516337,0.6908955965262368,-1.1705592522067243,-0.13857947316504934,-0.09588823967575001,0.06857119000599585,-0.9570064927358326,-1.079882921235138,-0.30899419271905637
-0.1288561926754557,0.11249351241306323,-0.13328020637302904,-1.0692107626113045,-0.34932359918387046,0.6572123912097525,-0.19379456778184626,-0.4886759741475822,0.6908955965262368,-1.1705592522067243,-0.1132615585364819,0.00942117616774335,0.0625446801387152,-1.0337963769720948,0.11017279981688795,-1.0405124403842685
0.20842171096670656,0.43842357714320024,-0.3889363657017714,-0.5111104144735089,-0.30286968110999973,0.6572123912097525,-0.19379456778184626,-0.4886759741475822,0.6908955965262368,-1.1705592522067243,-0.2084054933490877,-0.021037566713006817,-0.1406993187742932,-0.12815533095781506,0.1899207203668964,-1.4315535296699113
0.19708221348265537,-0.8187352439587566,-0.3090438159115395,-0.9043174779342287,-0.34932359918387046,0.6572123912097525,-0.19379456778184626,-0.4886759741475822,0.6908955965262368,-1.1705592522067243,0.18714536839164414,-0.0721277516442399,0.11435849960169685,0.20905250085385307,-0.09714693066051656,-0.11054483424038715
0.6200774658389983,-0.5859280548658017,-1.2038403735621366,-0.7774764897210933,1.508833123770958,0.6572123912097525,-0.19379456778184626,-0.4886759741475822,0.6908955965262368,-1.1705592522067243,0.38768096897817134,-0.18274767482901685,-0.0027449592021739746,0.19771535922927863,-0.19650806451640188,0.16048592243943563
0.9811832360292432,-0.9584195574145294,-0.83633464452707,-1.3863132331441432,3.9708907816861063,0.6572123912097525,-0.19379456778184626,-0.4886759741475822,0.6908955965262368,-1.1705592522067243,-0.10574428107006056,-0.16848003708162215,-0.012600429353635303,0.6206227313797056,-0.23214801021174614,0.12565963025677931
-0.6382269596177851,-0.12031367667989173,-0.5487214652822352,-0.7140559956145256,1.6017409599186996,0.6572123912097525,-0.19379456778184626,-0.4886759741475822,0.6908955965262368,-1.1705592522067243,-0.09970476448293349,-0.13846968157925355,0.007782733305269812,0.981653479334441,-0.961763420885751,-0.025033305802490892
-0.8238592872572781,0.34530070150601816,-0.6605710349885598,-0.48574221683088165,0.5797547622935438,0.6572123912097525,-0.19379456778184626,-0.4886759741475822,0.6908955965262368,-1.1705592522067243,-0.10741274102987915,-0.11315081122674345,-0.052837552746508566,-0.637420272580269,-1.0387365627962966,-0.4816127974307963
0.7198567254160259,-1.0981038708703026,-0.7085065648626988,-0.815528786185034,-0.34932359918387046,0.6572123912097525,-0.19379456778184626,-0.4202936807435307,0.6908955965262368,-1.1705592522067243,-0.08569776167789153,-0.20829833762016586,-0.29696936961992887,-0.8230140338124873,-0.13093422075352537,-1.0990282465667984
0.866854278576861,-0.6092087737750971,-0.9162271943173019,-1.2721563437523216,-0.34932359918387046,0.6572123912097525,-0.19379456778184626,-0.4202936807435307,0.6908955965262368,-1.1705592522067243,0.2662560548261462,0.1872674557385385,-0.34316328692783427,0.720381261121519,0.20707835146923415,-1.172752392156388
0.9762112379689288,-0.49280517922861955,-0.9641627241914409,-0.8916333791129152,0.1152155815548367,0.6572123912097525,-0.19379456778184626,-0.4202936807435307,0.6908955965262368,-1.1705592522067243,0.1611326467055206,0.3878106263274787,-0.05590441773707941,0.8673482745182103,0.19571415396057024,-0.3297166434486628
0.8563933084870887,0.04265135568517658,-0.8523131544851164,-0.98042207086211,-0.34932359918387046,0.6572123912097525,-0.19379456778184626,-0.4202936807435307,0.6908955965262368,-1.1705592522067243,0.3609534854689537,-0.10563324999121382,0.07502475277389495,0.9766825142413075,0.6196307869300283,0.06357606254336857
0.5350755623989716,0.18233566914094987,-0.42089338561786405,-0.840896983827661,-0.30286968110999973,0.6572123912097525,-0.19379456778184626,-0.4202936807435307,0.6908955965262368,-1.1705592522067243,0.2455529923460142,-0.09959350541885617,0.04715705952810731,0.8568894777677378,0.9815231282557265,0.04113785146963058
-0.05533497862213325,-0.21343655231707379,-0.7724206046948844,-1.031158466147364,0.25457733577644887,0.6572123912097525,-0.19379456778184626,-0.4202936807435307,0.6908955965262368,-1.1705592522067243,0.14802741333511987,-0.10730177293359452,0.12838269644666905,0.5356384876763686,-0.6414145139776128,0.016662584802600085
-0.5597501651672456,0.0659320745944724,-0.6605710349885598,-1.6399952095704144,-0.34932359918387046,0.6572123912097525,-0.19379456778184626,-0.4202936807435307,0.6908955965262368,-1.1705592522067243,0.12867294967929258,-0.08558597386458104,0.14514674932160762,-0.05464939144810555,-0.8274511913749379,-0.13814526183997322
0.2937891810384034,0.25217782586883614,-0.5806784851983279,-1.2214199484670674,0.2081234177025781,0.6572123912097525,-0.19379456778184626,-0.35191138733947924,0.6908955965262368,-1.1705592522067243,0.011681701271299019,0.2663811285160413,-0.01718435842450209,-0.5589597822296397,0.7196273886045218,-0.9282569073975467
0.5036572629447545,0.34530070150601816,-0.5327429553241886,-1.398997331965457,-0.34932359918387046,0.6572123912097525,-0.19379456778184626,-0.35191138733947924,0.6908955965262368,-1.1705592522067243,0.045554665865614706,0.16125375210025608,-0.002862389533802919,0.2944022352398498,0.8669451361290129,-1.2063638094456919
0.6809559847951617,0.0659320745944724,-0.8043776246109771,-1.031158466147364,0.7191165165151558,0.6572123912097525,-0.19379456778184626,-0.35191138733947924,0.6908955965262368,-1.1705592522067243,0.11340536007587144,0.3610821338846151,-0.03013543926652023,0.5042267155924002,0.9765403000440199,-0.1763305829256536
0.6956304569100719,0.32201998259672276,-0.6765495449466058,-1.2087358496457539,-0.34932359918387046,0.6572123912097525,-0.19379456778184626,-0.35191138733947924,0.6908955965262368,-1.1705592522067243,0.3198163696514174,0.2456772845176528,0.08689176296534797,0.6814886024001017,0.8564613796486573,-0.18779266344119455
0.5791475020590854,-0.49280517922861955,-0.8682916644431626,-0.6506355015079578,-0.34932359918387046,0.6572123912097525,-0.19379456778184626,-0.35191138733947924,0.6908955965262368,-1.1705592522067243,0.17339193464125863,0.14814802402144472,0.005856493236763952,0.6961600257913584,0.5344437298612759,-0.9883125265258599
-0.33830690110213246,-1.4705953734190305,0.0265048932074348,-0.5998991062227036,-0.34932359918387046,0.6572123912097525,-0.19379456778184626,-0.35191138733947924,0.6908955965262368,-1.1705592522067243,0.12383928886879933,0.12879282975551054,0.043759791738468286,0.5797012710844656,-0.05725286064441607,-0.18962390064925563
-1.0197913270512193,-0.9817002763238251,0.058461913123527456,-0.840896983827661,-0.34932359918387046,0.6572123912097525,-0.19379456778184626,-0.35191138733947924,0.6908955965262368,-1.1705592522067243,-0.01526573523019828,0.01179716505419969,0.011597215200860544,-0.33756252454293456,-0.5627667790813276,-0.08311161131128349
-0.048175418163101544,0.32201998259672276,0.0265048932074348,-1.094578960253932,-0.34932359918387046,0.6572123912097525,-0.19379456778184626,-0.28352909393542775,0.6908955965262368,-1.1705592522067243,-0.1720377641169712,0.04567140831635772,-0.05102923155991734,-1.0189053673623119,0.2926317714575709,-0.8456293863151739
0.2278233755432773,0.5082657338710865,-0.3889363657017714,-0.8282128850063475,-0.16350792688838758,0.6572123912097525,-0.19379456778184626,-0.28352909393542775,0.6908955965262368,-1.1705592522067243,-0.05015245492239322,0.1135246638170656,-0.09556375335742866,-0.047491318437559146,0.5029569941495526,-1.0886528142692098
0.5698842917016349,-0.888577400686643,-0.83633464452707,-0.8535810826489745,-0.34932359918387046,0.6572123912097525,-0.19379456778184626,-0.28352909393542775,0.6908955965262368,-1.1705592522067243,0.03987715277725904,0.3199434651853705,0.009723989248172001,0.22845013459965538,0.6806419132542624,0.09700461110809419
0.8128164525786572,-0.44624374141002876,-0.8842701744012089,-0.8916333791129152,0.8120243526628974,0.6572123912097525,-0.19379456778184626,-0.28352909393542775,0.6908955965262368,-1.1705592522067243,0.04412854466241141,0.17351350281087788,-0.02072848506129155,0.5704399852233992,0.6953483497329309,0.17645779341365045
1.1560638185236345,-1.726683281421281,-1.1239478237719047,-0.6379514026866443,-0.34932359918387046,0.6572123912097525,-0.19379456778184626,-0.28352909393542775,-0.009347931404889483,-1.3623919922264476,0.10377209847703113,0.12395898647954039,-0.07180815536073101,0.8133216752542299,0.5786116683075675,-0.10954889182406799
0.23390265377039038,-1.866367594877054,-1.0760122938977656,-0.6379514026866443,-0.30286968110999973,0.6572123912097525,-0.19379456778184626,-0.28352909393542775,-0.009347931404889483,-1.3623919922264476,0.1880690788842603,-0.015151288683931625,-0.18240531237695928,1.1564977291713978,-0.340841160830729,-0.20854279947571516
0.08442968185116698,-1.68012184360269,-1.0440552739816729,-0.7774764897210933,-0.34932359918387046,0.6572123912097525,-0.19379456778184626,-0.28352909393542775,-0.009347931404889483,-1.3623919922264476,0.17617832449797552,-0.1719292355455354,-0.16814061098529867,0.23452814981443096,-1.0238100160605503,-0.2440510244320838
1.1211376117205776,-1.633560405784099,-0.9481842142333945,-0.6760036991505848,-0.34932359918387046,0.6572123912097525,-0.19379456778184626,-0.21514680053137628,-0.009347931404889483,-1.3623919922264476,0.10900216565190135,-0.05003932531212935,-0.13813643177370935,0.08508623194481674,-0.05007770502168305,-0.9709698686779712
0.9452657672119605,-0.935138838505234,-0.8523131544851164,-0.7394241932571526,0.022307745407095292,0.6572123912097525,-0.19379456778184626,-0.21514680053137628,-0.009347931404889483,-1.3623919922264476,0.33172153985972985,0.039993680908012724,-0.11282277217938198,1.1215787785307414,0.22652227731825048,-1.0476585275755403
0.8769168467087629,-1.3774724977818487,-0.19719424620521434,-0.6633196003292713,-0.256415763036129,0.6572123912097525,-0.19379456778184626,-0.21514680053137628,-0.009347931404889483,-1.3623919922264476,0.22155155048661068,0.04424523327861872,-0.20795071670580886,0.9457434726211371,0.5693282805547656,-0.1432113083592695
0.6243916628644774,-0.888577400686643,-0.40491487565981743,-1.1326312567178725,-0.30286968110999973,0.6572123912097525,-0.19379456778184626,-0.21514680053137628,-0.009347931404889483,-1.3623919922264476,0.22480575508875825,0.10389103857300053,0.18753366710871555,0.8774087520815904,0.8127896033599358,0.19355201207795616
0.7216123208567524,0.2056163880502453,-1.0760122938977656,-1.4370496284293977,-0.2099618449622583,0.6572123912097525,-0.19379456778184626,-0.21514680053137628,-0.009347931404889483,-1.3623919922264476,0.08358782177562446,0.18819120110022847,0.3880355648465141,0.6249360321007443,1.1567846407426485,0.18222981520830842
0.015447039552346309,-0.05047151995200508,-0.7564420947368381,-0.840896983827661,0.34748517192419026,0.6572123912097525,-0.19379456778184626,-0.21514680053137628,-0.009347931404889483,-1.3623919922264476,0.40668262480672324,0.17629999785080352,-0.10530675809793849,0.7221364918250813,0.23261479760675546,0.6045797058309593
-0.21763488830217728,-1.726683281421281,-0.8043776246109771,-0.6760036991505848,-0.34932359918387046,0.6572123912097525,-0.19379456778184626,-0.21514680053137628,-0.009347931404889483,-1.3623919922264476,0.2586812360379521,0.10912130317725995,-0.09926825653713758,0.016117921269757973,0.0828162392944369,0.9651345387598569
-0.48154918745676845,-1.447314654509735,-0.4368718955759101,-0.7267400944358391,-0.30286968110999973,0.6572123912097525,5.1601033581379605,-0.14676450712732478,-0.009347931404889483,-1.3623919922264476,-0.009373536572321902,0.3318490848010049,-0.10697493764942324,-0.21691558219299995,1.1217823566558427,-0.6518049308787841
0.5283421315066076,-0.842015962868052,-0.5966569951563739,-1.005790268504737,-0.256415763036129,0.6572123912097525,-0.19379456778184626,-0.14676450712732478,-0.009347931404889483,-1.3623919922264476,-0.15516382983494337,0.22167493662973237,-0.08526360780735859,-0.4807750513162264,0.9455274229588237,-0.8371540402076049
0.8430731111593732,-0.46952446031932416,-0.9961197441075338,-0.955053873219483,-0.34932359918387046,0.6572123912097525,-0.19379456778184626,-0.14676450712732478,-0.009347931404889483,-1.3623919922264476,0.011786020513401498,0.22492926407459024,0.26663105787157665,0.5289064557011083,0.8770296228407175,0.7042067326923988
0.7679079417743989,-0.6790509305029837,-0.9322057042753482,-0.8662651814702881,0.9513861068845094,0.6572123912097525,-0.19379456778184626,-0.14676450712732478,-0.009347931404889483,-1.3623919922264476,0.05971133018759488,0.08370599993694043,0.16152531722900168,0.8435720478036689,0.6239543812654732,0.8509800124240928
0.9477379024377238,-0.44624374141002876,-1.01209825406558,-1.2975245413949485,0.7191165165151558,0.6572123912097525,-0.19379456778184626,-0.14676450712732478,-0.009347931404889483,-1.3623919922264476,-0.03246015357606762,0.4068129994480229,0.36131257326955674,0.7684224945054626,0.7213868081345131,0.9601701264520309
0.3160026440484061,-1.074823151961007,-1.1559048436879977,-0.955053873219483,0.16166949962870744,0.6572123912097525,-0.19379456778184626,-0.14676450712732478,-0.009347931404889483,-1.3623919922264476,-0.014054511376583865,0.2588060237866161,0.24593147483440114,0.9482150942436118,0.01368333698938325,0.8405350025838875
0.05582719403691668,-0.8187352439587566,-1.1559048436879977,-1.2087358496457539,3.2740820105780455,0.6572123912097525,-0.19379456778184626,-0.14676450712732478,-0.009347931404889483,-1.3623919922264476,0.038522667221798056,-0.00925886760191745,0.14842228637873475,0.3166110832484015,-0.21990629672802256,0.5197074893684238
1.3497681638535082,-0.46952446031932416,-1.3316684532265077,-1.1072630590752455,1.3230174514754753,0.6572123912097525,-0.19379456778184626,-0.0783822137232733,-0.009347931404889483,-1.3623919922264476,-0.11038308958685587,-0.15505466429070647,0.12907107551472552,0.05648968649636091,-0.4843954617171836,-0.0698022652532574
1.7373260728289812,-1.9827711894235314,-0.9322057042753482,-0.7140559956145256,-0.256415763036129,0.6572123912097525,-0.19379456778184626,-0.0783822137232733,-0.009347931404889483,-1.3623919922264476,0.2726220739691997,0.01190148823424093,0.01209948914347827,1.350161831076175,0.5276956320130786,-0.573447868079697
1.5531388643791664,-1.68012184360269,-0.8043776246109771,-0.840896983827661,-0.30286968110999973,0.6572123912097525,-0.19379456778184626,-0.0783822137232733,-0.009347931404889483,-1.3623919922264476,0.2539761027143734,0.05982860703713175,0.04596676090620508,1.7376392222003119,0.8431121678780793,0.2787892374289866
1.7163041673230053,-1.7499640003305763,-0.83633464452707,-0.7013718967932121,-0.34932359918387046,0.6572123912097525,-0.19379456778184626,-0.0783822137232733,-0.009347931404889483,-1.3623919922264476,0.11087501004816566,-0.0323463561005295,0.11380605184603793,1.553490279924208,0.7677832715257997,0.48833712465600926
1.4794797419558106,-1.68012184360269,-0.8523131544851164,-0.7774764897210933,-0.34932359918387046,0.6572123912097525,-0.19379456778184626,-0.0783822137232733,-0.009347931404889483,-1.3623919922264476,0.4941761091899102,-0.01394001910792444,0.3201823711271358,1.7166216841414272,0.9480049430617394,0.665365342736274
0.8861837054357965,-1.2843496221446664,-1.2038403735621366,-1.3609450355015162,-0.34932359918387046,0.6572123912097525,-0.19379456778184626,-0.0783822137232733,-0.009347931404889483,-1.3623919922264476,0.4179633512374104,0.038639144222184396,0.17378254481772096,1.4798464606958883,0.31489362048149117,0.6800174260827232
0.4254059377341162,-0.5859280548658017,-1.1559048436879977,-1.1326312567178725,-0.34932359918387046,0.6572123912097525,-0.19379456778184626,-0.0783822137232733,-0.009347931404889483,-1.3623919922264476,0.1684226223014032,-0.11027223361802233,0.12423822706941146,0.8866736855542657,0.05415144870583606,0.5637121886913758
1.6017960749243694,-0.7256123683215745,-1.2357973934782296,-0.8662651814702881,-0.34932359918387046,0.6572123912097525,-0.19379456778184626,-0.009999920319221818,-0.009347931404889483,-1.3623919922264476,0.14035885258302974,0.2727473879694443,-0.01484341845954225,0.4259916476388691,1.3509109185350472,-0.3523424588912412
1.6652547208457877,-0.7256123683215745,-0.9961197441075338,-1.0184743673260506,-0.34932359918387046,0.6572123912097525,-0.19379456778184626,-0.009999920319221818,-0.009347931404889483,-1.3623919922264476,0.33192080506530736,0.25410071284933433,-0.17158909958582272,1.6021373815954743,1.7393130174672637,-1.0327871474717296
2.048897564427568,-1.5637182490562125,-1.4594965328908789,-1.094578960253932,-0.30286968110999973,0.6572123912097525,-0.19379456778184626,-0.009999920319221818,-0.009347931404889483,-1.3623919922264476,0.19520873758701726,0.11099421827137818,-0.04972427494424193,1.6655828435418014,1.5547246070604432,-0.06265362809968733
2.220030906528838,-1.447314654509735,-1.5553675926391572,-1.1960517508244402,-0.34932359918387046,0.6572123912097525,-0.19379456778184626,-0.009999920319221818,-0.009347931404889483,-1.3623919922264476,0.19573191082956978,0.4943097866157826,0.040290202004359,2.0491459826543132,1.7182453214327273,0.21292407563225088
1.3986377095081304,-1.261068903235371,-1.2517759034362759,-1.0818948614326185,-0.30286968110999973,-1.5215781281288188,-0.19379456778184626,-0.009999920319221818,-0.009347931404889483,-1.3623919922264476,0.27490236049320804,0.41809415171395353,0.04454087938287428,2.2202437706134055,1.4809050381852613,0.5544631111674798
0.39212149724096257,-0.49280517922861955,-0.9801412341494875,-1.2341040472883809,-0.256415763036129,-1.5215781281288188,-0.19379456778184626,-0.009999920319221818,-0.009347931404889483,-1.3623919922264476,0.015691852761313175,0.16854400288484675,0.10417440925328669,1.3990212237427642,0.8863166669100876,0.7970246316658223
0.31321784354984783,-1.866367594877054,-0.9002486843592555,-0.7394241932571526,-0.256415763036129,-1.5215781281288188,-0.19379456778184626,-0.009999920319221818,-0.7095914593360158,-1.1705592522067245,-0.028862000629297176,0.1404791737894656,0.18845722235869694,0.39271412221974533,0.42453521961685214,1.1397483068271856
1.5098965639609911,-2.1224555028793044,-0.9162271943173019,-0.6633196003292713,-0.34932359918387046,-1.5215781281288188,-0.19379456778184626,0.058382373084829665,-0.7095914593360158,-1.1705592522067245,0.05052646143966689,0.3320483575286287,0.1765684663821468,0.31382686131151705,1.6034878041627882,0.2189940787350821
1.14841756556296,-1.726683281421281,-0.9641627241914409,-1.005790268504737,-0.34932359918387046,-1.5215781281288188,-0.19379456778184626,0.058382373084829665,-0.7095914593360158,-1.1705592522067245,0.08064070970870062,0.1953311293173931,0.1094035974412722,1.5102569633947263,1.6670846775601909,0.0697491569789764
0.6246357387892203,-0.2599979901356646,-0.516764445366142,-1.094578960253932,-0.34932359918387046,-1.5215781281288188,-0.19379456778184626,0.058382373084829665,-0.7095914593360158,-1.1705592522067245,-0.09269705370948617,0.1958543223091707,0.33208554050293054,1.1488530647729611,2.051563183188927,1.104875386762569
0.42621003838901345,0.27545854477813153,-0.2611082860374002,-1.5004701225359653,-0.256415763036129,-1.5215781281288188,-0.19379456778184626,0.058382373084829665,-0.7095914593360158,-1.1705592522067245,-0.15052654142289135,0.27502776057180706,0.22193406675733798,0.6251800573170162,2.223069292934258,0.9292718690444948
0.30806999407589525,0.2288971069595407,-0.8203561345690237,-0.8028446873637203,-0.34932359918387046,-1.5215781281288188,-0.19379456778184626,0.058382373084829665,-0.7095914593360158,-1.1705592522067245,-0.1830444742631312,0.015807467923103016,0.22518772444429883,0.42679558123626216,1.3998869132613483,0.8610272281462955
-0.022113654922676265,-0.44624374141002876,-1.1878618636040903,-1.031158466147364,-0.07060009074064617,-1.5215781281288188,-0.19379456778184626,0.058382373084829665,-0.7095914593360158,-1.1705592522067245,-0.18130380567599125,-0.02874806732737007,0.08399352480553662,0.30868008133909974,0.39117827798327687,0.6088873207076878
-0.3982766111965141,-0.516085898137915,-1.0280767640236264,-1.0692107626113045,-0.16350792688838758,-1.5215781281288188,-0.19379456778184626,0.058382373084829665,-0.7095914593360158,-1.1705592522067245,-0.24047640445524593,0.050643391570325,0.4070340271776016,-0.021434969709725537,0.31210275404915117,0.7059596496299719
1.0108886259667993,-0.3298401468635513,-1.0440552739816729,-0.8282128850063475,-0.07060009074064617,-1.5215781281288188,-0.19379456778184626,0.12676466648888116,-0.7095914593360158,-1.1705592522067245,-0.22004155199084743,0.08075877661971792,0.2590575121389947,-0.39751977551291123,1.5113881150005184,0.0008717611513173408
1.482879657565144,-0.516085898137915,-1.4115610030167398,-1.1706835531818132,-0.34932359918387046,-1.5215781281288188,-0.19379456778184626,0.12676466648888116,-0.7095914593360158,-1.1705592522067245,0.031086488749173028,-0.09258553011189306,-0.008952210069126937,1.011352697770615,1.1491217324904508,-0.23185455477561484
1.710401470183456,-1.1446653086888936,-1.3955824930586933,-1.094578960253932,-0.34932359918387046,-1.5215781281288188,-0.19379456778184626,0.12676466648888116,-0.7095914593360158,-1.1705592522067245,0.13630159564774513,-0.15041720082602356,-0.15471800120750928,1.483245669949105,0.624198988843524,-0.49536620120845626
1.8786624509163043,-1.68012184360269,-1.4435180229328324,-0.9043174779342287,-0.34932359918387046,-1.5215781281288188,-0.19379456778184626,0.12676466648888116,-0.7095914593360158,-1.1705592522067245,0.03967980951752904,-0.18293636118311998,0.01220379085325419,1.7107202133282664,0.4253410717872812,0.51298433163778
1.4974698523428185,-1.3309110599632574,-1.0280767640236264,-0.6760036991505848,-0.30286968110999973,-1.5215781281288188,-0.19379456778184626,0.12676466648888116,-0.7095914593360158,-1.1705592522067245,0.26742945519634687,-0.18119562688762023,0.06012104600018408,1.8789462366719905,0.3069436913791211,0.8272351278143867
0.3262396042461192,-1.6568411246933943,-0.7724206046948844,-0.5872150074013901,-0.34932359918387046,-1.5215781281288188,-0.19379456778184626,0.12676466648888116,-0.7095914593360158,-1.1705592522067245,0.21278830148850536,-0.24037045936859286,-0.032034947039809906,1.4978328335123292,-0.02395917328738093,0.7521846375511219
-0.040583161072177715,-1.2843496221446664,-1.0440552739816729,-0.6125832050440171,-0.34932359918387046,-1.5215781281288188,-0.19379456778184626,0.12676466648888116,-0.7095914593360158,-1.1705592522067245,0.06902489525521469,-0.2199348355105764,-0.01363239816925622,0.326845916646428,-0.400941498699175,0.9317402325459506
1.2715482146212334,-0.842015962868052,-1.2357973934782296,-1.284840442573635,-0.34932359918387046,-1.5215781281288188,-0.19379456778184626,0.19514695989293263,-0.7095914593360158,-1.1705592522067245,-0.0683053830521751,0.031202685041850527,0.03893594408938503,-0.03990063869085561,1.0112932233412506,0.30096880946995463
0.8279312829015699,-0.5626473359565062,-0.4528504055339567,-0.6886877979718986,-0.34932359918387046,0.6572123912097525,-0.19379456778184626,0.19514695989293263,-0.7095914593360158,-1.1705592522067245,0.08300728392677553,0.13642176369711212,-0.10994478699724311,1.2719581325824294,1.4843123595900762,0.04119030783684093
0.9366256983783536,-1.2377881843260754,-0.8203561345690237,-0.5491627109374494,-0.07060009074064617,0.6572123912097525,-0.19379456778184626,0.19514695989293263,-0.7095914593360158,-1.1705592522067245,-0.04294803426365731,0.03979633019878773,0.2729960071149238,0.8284333653660084,1.7123297668658686,1.3331571184095068
1.00388156735611,-0.6557702115936883,-0.4368718955759101,-0.7774764897210933,-0.34932359918387046,0.6572123912097525,-0.19379456778184626,0.19514695989293263,-0.7095914593360158,-1.1705592522067245,-0.03363933872199893,0.26755457318083903,0.2543531695797301,0.9371051988219284,1.8809572585813519,1.7201237322282397
1.1461650621857695,-1.0049809952331206,-1.3156899432684614,-0.9423697743981694,0.6726625984412853,0.6572123912097525,-0.19379456778184626,0.19514695989293263,-0.7095914593360158,-1.1705592522067245,0.05476582645218898,0.21291135682843865,0.11127612707950255,1.0043470949250912,1.4989343351561517,1.5362175372780016
0.43110031297078627,-1.121384589779598,-1.01209825406558,-0.9423697743981694,-0.30286968110999973,0.6572123912097525,-0.19379456778184626,0.19514695989293263,-0.7095914593360158,-1.1705592522067245,0.09272221350708523,0.06914252368177742,0.4945128070411906,1.146601029369015,0.32515287912489804,1.6991338997379943
-0.42566966449580684,-0.8187352439587566,-0.8842701744012089,-0.5237945132948224,-0.34932359918387046,0.6572123912097525,-0.19379456778184626,0.19514695989293263,-0.7095914593360158,-1.1705592522067245,0.11400221437230029,-0.06819293869534925,0.4183128577223945,0.4316848398294752,-0.042468910254616535,1.4626707962080643
1.0685459994229154,-0.7256123683215745,-0.7883991146529307,-0.98042207086211,-0.30286968110999973,0.6572123912097525,-0.19379456778184626,0.2635292532969841,-0.7095914593360158,-1.1705592522067245,-0.027550536159617254,0.08312544017341447,0.16881406764120604,-0.4249071377148425,1.2725205883247825,0.8702799484734756
0.9446864061230461,-0.6790509305029837,-0.7564420947368381,-0.955053873219483,-0.2099618449622583,0.6572123912097525,-0.19379456778184626,0.2635292532969841,-0.7095914593360158,-1.1705592522067245,0.027501721799922076,-0.04283463269429185,0.1407550144369219,1.0689980925063467,0.827937357247717,0.4102051870995357
1.1155107313210866,-0.7488930872308699,-0.7404635847787917,-0.6760036991505848,1.0907478611061217,0.6572123912097525,-0.19379456778184626,0.2635292532969841,-0.7095914593360158,-1.1705592522067245,-0.042956266153619145,-0.033525585759426955,0.3322847722191672,0.9451642318985188,0.9368685340749328,1.5848005117612651
1.285220479613181,-0.888577400686643,-0.83633464452707,-0.7267400944358391,-0.34932359918387046,0.6572123912097525,-0.19379456778184626,0.2635292532969841,-0.7095914593360158,-1.1705592522067245,-0.002106442542175685,0.05488291661429927,0.19559568114065914,1.1159530671547921,1.00427090175084,1.6481623391450724
0.7368978948759027,-0.5393666170472108,-0.13328020637302904,-0.5491627109374494,-0.34932359918387046,0.6572123912097525,-0.19379456778184626,0.2635292532969841,-0.7095914593360158,-1.1705592522067245,0.0736430501888937,0.09284073648182707,0.19611876645653628,1.2856275570662248,1.1468643226446151,2.0312198607657357
-0.22456131794519843,-0.7256123683215745,-0.2770867959954463,-0.6760036991505848,-0.34932359918387046,0.6572123912097525,-0.19379456778184626,0.2635292532969841,-0.7095914593360158,-1.1705592522067245,-0.037202877873952774,0.11412154064409974,0.27527591040447624,0.7374188901599068,0.43024199850797845,2.2020921055858054
-0.6177052455808961,-0.16687511449848255,-0.9162271943173019,-0.5872150074013901,0.1152155815548367,0.6572123912097525,-0.19379456778184626,0.2635292532969841,-0.7095914593360158,-1.1705592522067245,-0.14309998148075237,-0.027436553351322345,0.016108966670721467,-0.22384057282208442,-0.42839422034723385,1.3819521040435787
1.1238173391753028,-0.7721738061401657,-1.2357973934782296,-0.9296856755768558,-0.256415763036129,0.6572123912097525,-0.19379456778184626,0.33191154670103556,-0.7095914593360158,-1.1705592522067245,-0.3609350855318142,0.027617782771517548,-0.028437398813618314,-0.6169028220722146,1.0690761877722292,0.37697152851020244
0.6931535788038575,-0.7488930872308699,-0.6605710349885598,-0.5618468097587631,-0.34932359918387046,0.6572123912097525,-0.19379456778184626,0.33191154670103556,-0.7095914593360158,-1.1705592522067245,-0.12740532104919597,-0.04284286489499865,0.05093772089957406,1.1242579492534484,0.944946799888664,0.29818825772754126
1.0204097760533843,-0.3764015846821421,-0.8842701744012089,-0.40963762390300046,0.022307745407095292,0.6572123912097525,-0.19379456778184626,0.33191154670103556,-1.2222052994528765,-0.6464624599176895,-0.1208076564181323,-0.001991499246817544,0.08104690804254829,0.6936836622737991,1.116143219621121,1.4930412114205602
0.6570350848228502,-1.5404375301469169,-0.6765495449466058,-0.37158532743906,-0.34932359918387046,0.6572123912097525,-0.19379456778184626,0.33191154670103556,-1.2222052994528765,-0.6464624599176895,0.015348711723993321,0.07376085294581917,-0.09226172350876617,1.0208718697720431,1.286222634643662,1.1321137197162803
0.7092297545104681,-0.8652966817773476,-0.3090438159115395,-1.0565266637899913,-0.34932359918387046,0.6572123912097525,-0.19379456778184626,0.33191154670103556,-1.2222052994528765,-0.6464624599176895,-0.06612104866429014,-0.03708925943113639,-0.1500814921574728,0.6575726721611467,0.736705677637438,0.6091310242470171
-0.2759861816519569,-0.8187352439587566,-0.8043776246109771,-0.7521082920784663,0.022307745407095292,0.6572123912097525,-0.19379456778184626,0.33191154670103556,-1.2222052994528765,-0.6464624599176895,0.02027032181944261,-0.14299036053926487,-0.18259395989840718,0.7097564980430852,-0.22684781372239254,0.41100806094209913
-1.1023999000483562,-0.21343655231707379,-0.4368718955759101,-0.43500582154562767,-0.34932359918387046,0.6572123912097525,-0.19379456778184626,0.33191154670103556,-1.2222052994528765,-0.6464624599176895,-0.2429368303562452,-0.36083368763031803,-0.1808535838552839,-0.27525475265571053,-0.6208480989438304,0.29304826230169634
0.5237805750237701,-0.49280517922861955,-1.0440552739816729,-0.7774764897210933,-0.34932359918387046,0.6572123912097525,-0.19379456778184626,0.40029384010508706,-1.2222052994528765,-0.6464624599176895,-0.2997069546008815,-0.127295107651222,-0.24001623784099715,-1.101496777853806,1.1244679211711766,-0.036631627160645386
0.8632420278581084,-0.9817002763238251,-0.8842701744012089,-0.6379514026866443,-0.34932359918387046,0.6572123912097525,-0.19379456778184626,0.40029384010508706,-1.2222052994528765,-0.6464624599176895,0.05309690616111418,-0.12069719396544171,-0.2195848197430622,0.5243458469133591,0.6928660764184833,-0.41222067349989355
0.8696985474995328,-0.44624374141002876,-0.6925280549046524,-0.9423697743981694,-0.11705400881451687,0.6572123912097525,-0.19379456778184626,0.40029384010508706,-1.2222052994528765,-0.6464624599176895,-0.009207505979110164,0.015464313932579478,0.031501015371902974,0.8637367742696704,1.0208351126750388,0.9947946073330637
1.1419756393998426,-1.3774724977818487,-0.7883991146529307,-0.7647923908997798,0.16166949962870744,0.6572123912097525,-0.19379456778184626,0.40029384010508706,-1.2222052994528765,-0.6464624599176895,0.09865557475092007,-0.06600852185119946,0.1366984393811457,0.8701919525242295,0.6566689080789729,1.466065524583215
0.13534413865401806,-0.49280517922861955,-0.053387656582797115,-0.35890122861774626,-0.34932359918387046,0.6572123912097525,-0.19379456778184626,0.40029384010508706,-1.2222052994528765,-0.6464624599176895,0.045843476154047866,0.02038610981349623,0.04009289191095962,1.1424124769648123,0.7089772697205554,1.693240208313848
-0.0023176015947679275,-0.7954545250494611,-0.9002486843592555,-0.9170015767555422,2.066280140657407,0.6572123912097525,-0.19379456778184626,0.40029384010508706,-1.2222052994528765,-0.6464624599176895,-0.1425791015563424,-0.2428309781480135,0.26780426103522115,0.13599011091512006,-0.27838469256924425,1.8612444741128205
-0.3494150919549668,-1.4240339356004394,-0.8842701744012089,-0.5364786121161359,0.7191165165151558,0.6572123912097525,-0.19379456778184626,0.40029384010508706,-1.2222052994528765,-0.6464624599176895,-0.0926188675788143,-0.2996032454035479,0.21317229054737846,-0.0016430291495919832,-1.10659852946414,1.4806334591739392
0.5487930671736905,-0.842015962868052,-0.8682916644431626,-0.7647923908997798,-0.34932359918387046,0.6572123912097525,-0.19379456778184626,0.46867613350913856,-1.2222052994528765,-0.6464624599176895,-0.21319932036786768,0.053213933323285334,0.06943304579124611,-0.3486684075918537,0.5231241394146807,0.31119015118886884
0.0768312225319608,-0.49280517922861955,-0.5806784851983279,-0.18132384511935679,-0.30286968110999973,0.6572123912097525,-0.19379456778184626,0.46867613350913856,-1.2222052994528765,-0.6464624599176895,0.02295428397810856,-0.009092830741230074,-0.06787415221727343,0.5493531425440553,0.8633250171002418,-0.05507295447730491
0.18837392013794702,-0.0039100821334142515,-0.3090438159115395,-0.5745309085800766,-0.34932359918387046,0.6572123912097525,-0.19379456778184626,0.46867613350913856,-1.2222052994528765,-0.6464624599176895,-0.05811169270834971,0.09877432170364288,0.08341308452429785,0.07748935125838693,0.8697956005213248,1.255056508961224
0.8111469586599533,-0.6557702115936883,-0.9002486843592555,-0.6886877979718986,-0.30286968110999973,0.6572123912097525,-0.19379456778184626,0.46867613350913856,-1.2222052994528765,-0.6464624599176895,-0.06826195886778953,0.045960229507067456,-0.04252106509046498,0.18900887509308512,1.1426657743356154,0.812116401367966
0.3771715732229441,-0.888577400686643,-0.7085065648626988,-0.3081648333324922,-0.34932359918387046,0.6572123912097525,-0.19379456778184626,0.46867613350913856,-1.2222052994528765,-0.6464624599176895,0.14120627350693768,-0.14246946095220014,-0.03321393400697156,0.8116525281845003,0.13384159945415575,0.9206449823205466
-0.2516818380370486,-0.6092087737750971,-1.0440552739816729,-0.5364786121161359,0.16166949962870744,0.6572123912097525,-0.19379456778184626,0.46867613350913856,-1.2222052994528765,-0.6464624599176895,0.006626431606863685,-0.09250734102977916,0.055176373426745404,0.37776730415242915,-0.004119999617929934,0.9877982393565312
-0.022807209979374153,-1.121384589779598,-1.3476469631845542,-0.6760036991505848,1.7875566322141823,0.6572123912097525,-0.19379456778184626,0.46867613350913856,-1.2222052994528765,-0.6464624599176895,-0.29317091007472373,-0.2130923456007401,0.09312638137305716,-0.2509554584372426,-0.3519735478693162,1.1298646529721879
1.3789295818870448,-1.400753216691144,-1.2677544133943222,-1.031158466147364,0.1152155815548367,0.6572123912097525,-0.19379456778184626,0.5370584269131901,-1.2222052994528765,-0.6464624599176895,-0.20055666846843603,0.02307017328883592,0.11440280583264643,-0.022128380675536217,0.5481911145055426,0.4158908744564847
1.342873839862775,-0.6790509305029837,-1.2677544133943222,-0.8789492802916016,-0.07060009074064617,0.6572123912097525,-0.19379456778184626,0.5370584269131901,-1.2222052994528765,-0.6464624599176895,0.19512948953303574,-0.05799886355071904,-0.027126154754122445,1.3793171906222763,0.07520122878921326,-0.4395719333552413
1.1835564723123837,-0.6557702115936883,-1.01209825406558,-0.7774764897210933,-0.11705400881451687,0.6572123912097525,-0.19379456778184626,0.5370584269131901,-1.2222052994528765,-0.6464624599176895,0.3239163405879914,-0.0681495128717476,0.027916850893524348,1.3432689394292059,0.1869868919569551,1.052364013223855
0.8709554108190091,-1.3774724977818487,-0.6925280549046524,-0.44768992036694116,-0.34932359918387046,0.6572123912097525,-0.19379456778184626,0.5370584269131901,-1.2222052994528765,-0.6464624599176895,0.2140197835125809,0.1413266267025985,-0.04252929559694108,1.183984671170091,0.8111164729008172,0.9286933918838861
0.7435700331593713,-1.5637182490562125,-0.7883991146529307,0.008937637200346363,-0.34932359918387046,0.6572123912097525,-0.19379456778184626,0.5370584269131901,-1.2222052994528765,-0.6464624599176895,0.09783612552583291,0.0067417045587924666,-0.001686337377087664,0.8714485547216088,0.3761957896041195,1.0992570912662645
-0.25894099898554096,-1.773244719239872,-0.8203561345690237,0.03430583484297359,-0.34932359918387046,0.6572123912097525,-0.19379456778184626,0.5370584269131901,-1.2222052994528765,-0.6464624599176895,0.15798736605095232,-0.29306695414876593,0.07405042457856167,0.7440896422602374,-0.2540274085232165,1.2687079142470887
-0.6263690288167569,-1.5404375301469169,-0.9002486843592555,-0.2954807345111785,-0.34932359918387046,0.6572123912097525,-0.19379456778184626,0.5370584269131901,-1.2222052994528765,-0.6464624599176895,0.3182691421675465,-0.20044921645484898,-0.036776874255685155,-0.2582131112445552,-0.024654239065959996,0.7212219025255528
0.821638575054176,-1.0981038708703026,-1.1878618636040903,-0.282796635689865,0.4868469261458025,0.6572123912097525,-0.19379456778184626,0.6054407203172415,-1.2222052994528765,-0.6464624599176895,0.21894604498109504,0.1952518782718831,-0.14265618035394645,-0.6255648053468453,1.3801358568210629,-0.23877041679969033
1.4259723888941722,-2.238859097425782,-1.4594965328908789,-0.37158532743906,-0.30286968110999973,0.6572123912097525,-0.19379456778184626,0.6054407203172415,-1.2222052994528765,-0.6464624599176895,0.21551160811858688,0.3240435908914208,-0.36045467412963494,0.8221419648724403,1.3440015771264349,-0.6313145267180116
1.1683292722064746,-2.494947005428032,-1.2517759034362759,0.1104104277708548,-0.34932359918387046,0.6572123912097525,-0.19379456778184626,0.6054407203172415,-1.2222052994528765,-0.6464624599176895,0.32845060331724907,0.21414288533963102,-0.12696415763242674,1.4263502241590311,1.184337179832859,1.1075510257705647
1.4397960612235987,-1.5637182490562125,-0.5806784851983279,-1.2087358496457539,-0.34932359918387046,0.6572123912097525,-0.19379456778184626,0.6054407203172415,-1.2222052994528765,-0.6464624599176895,0.3174393208679107,0.0979548415452322,-0.12036760183237548,1.1687606346209203,0.8710552015771926,0.6775443269370052
0.7622478612117518,-0.6092087737750971,-0.6925280549046524,-0.9931061696834236,0.022307745407095292,0.6572123912097525,-0.19379456778184626,0.6054407203172415,-1.2222052994528765,-0.6464624599176895,0.15568893427804645,0.1581083527147389,0.015765883303114323,1.4401710245243773,0.7433923493673888,1.004301231048744
-0.2682231808647944,-0.2367172712263692,-1.1079693138138584,-0.9170015767555422,0.16166949962870744,0.6572123912097525,-0.19379456778184626,0.6054407203172415,-1.4098349872671425,0.06946707239106965,0.3482983903470626,0.31839617929533254,-0.06569018493772849,0.7627635898639222,-0.2613023815881053,0.6414809387610018
-0.11803148013879734,-1.5171568112376215,-1.2837329233523684,-0.43500582154562767,0.34748517192419026,0.6572123912097525,-0.19379456778184626,0.6054407203172415,-1.4098349872671425,0.06946707239106965,0.20799512446878832,0.21906933276919693,0.02068666625226109,-0.2674933646859589,-0.629530753885379,0.6935959753030195
0.8339076771065952,-1.5171568112376215,-1.1559048436879977,0.008937637200346363,-0.34932359918387046,0.6572123912097525,-0.19379456778184626,0.6738230137212929,-1.4098349872671425,0.06946707239106965,0.46043101488966265,0.21563476626040523,-0.24247625023256614,-0.11733286733047991,0.8216309424402988,-0.2901168218499703
0.5962594498887788,-1.8896483137863493,-0.13328020637302904,0.008937637200346363,-0.34932359918387046,0.6572123912097525,-0.19379456778184626,0.6738230137212929,-1.4098349872671425,0.06946707239106965,0.47861616493254766,0.32857802478420106,-0.2992368334535431,0.8344085179335675,1.4272811338443936,-1.1152696849836212
-0.12501810787985246,-0.7954545250494611,-0.021430636666704465,-0.016430560442280636,-0.34932359918387046,0.6572123912097525,-0.19379456778184626,0.6738230137212929,-1.4098349872671425,0.06946707239106965,0.3265539851127948,0.3175663266708386,0.053507733621369624,0.5968096637879714,1.1690768113949381,0.508429734698776
-0.259262420345325,0.5315464527803823,0.04248340316548141,-0.6506355015079578,-0.34932359918387046,0.6572123912097525,-0.19379456778184626,0.6738230137212929,-1.4098349872671425,0.06946707239106965,0.2652962025880468,0.1558098341785151,-0.008786207379708595,-0.12431804355102476,1.4411349173006363,0.8473732728981336
0.2599844830434929,-0.6557702115936883,-0.83633464452707,0.008937637200346363,0.44039300807193166,0.6572123912097525,-0.19379456778184626,0.6738230137212929,-1.4098349872671425,0.06946707239106965,0.47397358496778824,0.34842656104654623,0.0990587454314752,-0.258534465826816,0.7621108620103569,0.8538199418599435
-0.7349189688582639,-1.7034025625119853,-0.4528504055339567,0.1991991195200495,-0.30286968110999973,0.6572123912097525,-0.19379456778184626,0.6738230137212929,-1.4098349872671425,0.06946707239106965,0.6462978335021616,0.2081179988714641,0.0462555226559776,0.260604560406084,-0.27060478218703304,1.1256816219675805
-0.8888557209556408,-0.6790509305029837,-0.3569793457856782,-0.9296856755768558,-0.34932359918387046,0.6572123912097525,-0.19379456778184626,0.6738230137212929,-1.4098349872671425,0.06946707239106965,0.24816249842356908,0.4605634184746583,-0.14213538797078729,-0.734092193383265,-0.120085929511862,0.12058593385060078
0.22708385102990378,0.43842357714320024,-0.3729578557437248,-0.5618468097587631,-0.34932359918387046,0.6572123912097525,-0.19379456778184626,0.7422053071253445,-1.4098349872671425,0.06946707239106965,-0.06964222422502768,0.47874925498732374,-0.09218355051838123,-0.8879969640496519,0.8339267694091523,-0.016865776571951707
-0.6511586055854872,-0.5626473359565062,0.6177097616551509,0.3894606018397527,-0.34932359918387046,0.6572123912097525,-0.19379456778184626,0.7422053071253445,-1.4098349872671425,0.06946707239106965,0.12099091865218461,0.3266813349844573,-0.2127437380540427,0.22771076372764343,0.5957608898818126,-0.3634337020330385
-0.5170073265442402,0.04265135568517658,-0.2930653059534929,0.14846272423479553,-0.34932359918387046,0.6572123912097525,-0.19379456778184626,0.7422053071253445,-1.4098349872671425,0.06946707239106965,-0.07179511814196562,0.2654212400445562,0.023370177333061754,-0.6503492319085723,-0.1270877757295213,0.5334040654149501
-0.15614526744177892,-1.0282617141424162,-0.10132318645693639,0.4528810959463204,-0.34932359918387046,0.6572123912097525,-0.19379456778184626,0.7422053071253445,-1.4098349872671425,0.06946707239106965,0.05296576272158039,0.4741064997701831,-0.05768217506752749,-0.5162258237286657,-0.261624503077283,0.0621622905910202
-0.6426491483827559,-0.14359439558918713,0.3780321122844551,0.4528810959463204,-0.34932359918387046,0.6572123912097525,-0.19379456778184626,0.7422053071253445,-1.4098349872671425,0.06946707239106965,0.06275184984506493,0.6464372533588879,-0.06783073533093725,-0.15543873622904028,0.2587534390821533,0.17353480806305296
-0.8309630276617708,-0.30655942795425584,-1.0600337839397194,-1.0565266637899913,-0.30286968110999973,0.6572123912097525,-0.19379456778184626,0.7422053071253445,-1.4098349872671425,0.06946707239106965,-0.31663278700348785,0.24828688910124475,0.1416022929397379,-0.6418415426047643,-0.738317140576705,0.7953576848856118
-0.5100779782055564,-1.400753216691144,-1.01209825406558,0.08504223012822781,0.1152155815548367,0.6572123912097525,-0.19379456778184626,0.7422053071253445,-1.4098349872671425,0.06946707239106965,-0.47333592760418686,-0.06952983033251277,0.007045069088729619,-0.8301162983654994,-0.8925892022035349,0.36204441351623107
-0.13223567741516107,-1.121384589779598,-0.3569793457856782,0.5163015900528881,-0.34932359918387046,0.6572123912097525,-0.19379456778184626,0.8105876005293959,-1.4098349872671425,0.06946707239106965,0.03727862118703178,0.12111050874002526,-0.29270188740226616,-0.5092979150102979,0.22578114195098262,-0.2658495592501424
-0.029056502228791595,-0.12031367667989173,-0.005452126708657854,-0.840896983827661,-0.34932359918387046,0.6572123912097525,-0.19379456778184626,0.8105876005293959,-1.4098349872671425,0.06946707239106965,-0.04623503154816527,-0.0716828055188717,-0.20010321093137512,-0.13153411358605896,-0.6543743280342567,-0.03732412406387392
0.27488807276787985,-0.7023316494122791,-0.9002486843592555,0.18651502069873624,0.34748517192419026,0.6572123912097525,-0.19379456778184626,0.8105876005293959,-1.4098349872671425,0.06946707239106965,0.06636764674522652,0.053082784933228294,0.19551644640543583,-0.028376374591020482,-0.5199308367588424,1.3622740450138984
0.38782700141120047,-1.7965254381491675,-0.46882891549200334,0.4909333924102611,-0.16350792688838758,0.6572123912097525,-0.19379456778184626,0.8105876005293959,-1.4098349872671425,0.06946707239106965,0.18495165573233205,0.06286924147093616,0.32428165300550843,0.2755050538060404,-0.15828273737953724,1.326273313054287
0.02568327007613998,-0.7488930872308699,-0.22915126612130757,0.24993551480530396,-0.34932359918387046,-1.5215781281288188,-0.19379456778184626,0.8105876005293959,-1.4098349872671425,0.06946707239106965,0.294948956488605,-0.3165297167380534,0.21440356560345308,0.3884205186013632,-0.6458463352833105,1.1671990152120229
-0.8966800143517051,-1.0981038708703026,-0.48480742545004935,0.6431425782660236,-0.34932359918387046,-1.5215781281288188,-0.19379456778184626,0.8105876005293959,-1.4098349872671425,0.06946707239106965,0.259750491490501,-0.47323877271312487,0.0982394339264397,0.02635202514545992,-0.834570405354259,0.8550748875893608
-0.9258392433634933,-0.2599979901356646,-1.0600337839397194,-0.38426942626037347,-0.30286968110999973,-1.5215781281288188,-0.19379456778184626,0.8105876005293959,-1.4098349872671425,0.06946707239106965,0.05143081711499424,0.03739505122602344,0.15838056518340757,-0.8958196318943396,-0.5129863947112216,0.7278838611611268
-0.03537328931540496,-1.6102796868748035,-0.8682916644431626,0.326040107733185,-0.34932359918387046,-1.5215781281288188,-0.19379456778184626,0.8789698939334475,-1.4098349872671425,0.06946707239106965,0.023114036738843893,-0.046121754059398494,0.31863540367676363,-0.9249728028734769,-0.13432106678559544,-0.2730976449332062
0.3485351555716226,-0.6790509305029837,-1.0760122938977656,-0.3081648333324922,-0.34932359918387046,-1.5215781281288188,-0.19379456778184626,0.8789698939334475,-1.4098349872671425,0.06946707239106965,0.12967715932082838,0.06648517486352691,0.21932899914393555,-0.03469184932117876,-0.03091714370627835,-0.6399650916632693
-0.05707160254105786,-1.1912267465074844,-0.4368718955759101,0.7826676653004727,-0.34932359918387046,-1.5215781281288188,-0.19379456778184626,0.8789698939334475,-1.4098349872671425,0.06946707239106965,0.3195541398100922,0.18507366026894198,0.21589513948719888,0.3491368359160618,0.2736894922409674,0.8058332942733546
-0.6670552815088862,-0.5393666170472108,0.6177097616551509,0.7826676653004727,-0.34932359918387046,-1.5215781281288188,-0.19379456778184626,0.8789698939334475,-1.4098349872671425,0.06946707239106965,0.33636660966616594,0.29507511330455943,0.3288151536876761,-0.056385654571331524,0.3868744277572689,1.4092450790464621
-0.8316879586968332,-0.1901558334077784,-0.8203561345690237,-0.5618468097587631,-0.34932359918387046,-1.5215781281288188,5.1601033581379605,0.8789698939334475,-1.4098349872671425,0.06946707239106965,0.17185878236465454,0.25987531960240395,0.3178057218403536,-0.6662426051869753,0.02394186436947368,1.151995047168897
-0.781147459775679,-1.400753216691144,-1.01209825406558,0.300671910090558,-0.07060009074064617,-1.5215781281288188,-0.19379456778184626,0.8789698939334475,-1.4098349872671425,0.06946707239106965,0.10266764616474948,0.05154778138410271,0.15608251969452372,-0.8308410787910968,-0.9004305387039989,1.4230476606683904
-1.0058020187429784,-1.0981038708703026,-0.6126355051144206,0.6558266770873373,-0.30286968110999973,-1.5215781281288188,-0.19379456778184626,0.8789698939334475,-1.4098349872671425,0.06946707239106965,0.07179387925080186,0.023229932080065498,0.34865960501568954,-0.7803110800101393,-0.9296532832000749,0.7465331925449837
-0.4052504696440475,-1.5869989679655079,0.47390317203273363,0.8587722582283537,-0.34932359918387046,-1.5215781281288188,-0.19379456778184626,0.9473521873374989,-1.2222052994528767,0.7853966046998286,0.0772873064687311,0.1297970773048761,0.20837991908896603,-1.0049189654301778,-0.037247690203018324,-0.28236566503414967
-0.4058659495917817,-0.027190801042709663,0.8733659209838932,-0.15595564747672958,-0.34932359918387046,-1.5215781281288188,-0.19379456778184626,0.9473521873374989,-1.2222052994528767,0.7853966046998286,0.2620975632149015,0.3196812254451519,0.4607733840821175,-0.40449218509284396,0.34749699527148536,-0.13240311103220384
-0.3305176320540136,0.7410729229640415,-0.3569793457856782,-0.47305811800956815,-0.34932359918387046,-1.5215781281288188,-0.19379456778184626,0.9473521873374989,-1.2222052994528767,0.7853966046998286,0.21498239790871487,0.33649432995381107,0.4789554778529031,-0.4051075371703378,-0.0589932673282825,0.8180836774183455
-0.3448714124830569,-0.14359439558918713,-0.9162271943173019,-0.2701125368685515,-0.34932359918387046,-1.5215781281288188,-0.19379456778184626,0.9473521873374989,-1.2222052994528767,0.7853966046998286,0.345712269068613,0.1719802926594306,0.3269188542367811,-0.32977487376964043,-0.6703056305614465,0.5807980289081429
-0.543165771578471,-0.5626473359565062,0.0265048932074348,0.9982973452628029,-0.34932359918387046,-1.5215781281288188,-0.19379456778184626,0.9473521873374989,-1.2222052994528767,0.7853966046998286,0.1582284095281712,0.10278654456883651,0.2656713669502444,-0.3441256721009587,-0.835296915455275,-0.13937907931037724
-1.2428063087303503,-0.7488930872308699,0.5537957218229655,1.02366554290543,-0.34932359918387046,-1.5215781281288188,-0.19379456778184626,0.9473521873374989,-1.2222052994528767,0.7853966046998286,0.21764039925214507,0.07191161220352088,0.47431367813947967,-0.5423788341639896,-0.7846463277432332,-0.2734185759020347
-1.4260595345683116,-0.28327870904496005,0.6976023114453828,0.8334040605857267,-0.34932359918387046,-1.5215781281288188,-0.19379456778184626,0.9473521873374989,-1.2222052994528767,0.7853966046998286,0.1780804094085002,0.0774052467923966,0.6466089651425156,-1.241874016127768,-1.0097902358323663,0.24503611509215598
-0.4432766960771665,0.46170429605249563,1.2568501599770063,1.02366554290543,-0.34932359918387046,-1.5215781281288188,-0.19379456778184626,1.0157344807415505,-1.2222052994528767,0.7853966046998286,0.08481443601181485,0.262222479926228,0.24854054234748998,-1.4250891698334025,-0.40793054780886445,-0.7483494176060196
-0.6996235470539569,-1.1912267465074844,0.058461913123527456,1.1505065311185654,-0.34932359918387046,0.6572123912097525,-0.19379456778184626,1.0157344807415505,-1.2222052994528767,0.7853966046998286,-0.024469690767747698,0.15834940529108876,-0.07136330080764196,-0.7630932589585374,-0.34741997122207324,-0.6647168470991315
-0.6977989974282126,-0.6557702115936883,0.3780321122844551,1.1758747287611924,-0.34932359918387046,0.6572123912097525,-0.19379456778184626,1.0157344807415505,-1.2222052994528767,0.7853966046998286,0.06772447519957986,0.21776363775353033,0.0533766122223488,-0.6988041044483431,-0.5461462608820571,-0.5307702419910711
-1.7100457037908767,-0.2367172712263692,0.7295593313614754,1.0870860370119977,-0.34932359918387046,0.6572123912097525,-0.19379456778184626,1.0157344807415505,-1.2222052994528767,0.7853966046998286,0.08939497636644783,0.17820215456297997,0.06316105465524971,-0.6969799338854746,-1.2473107754863786,-0.1704587483211737
-2.1234884300822645,0.2056163880502453,1.113043570354589,0.9475609499775489,-0.34932359918387046,0.6572123912097525,-0.19379456778184626,1.0157344807415505,-1.2222052994528767,0.7853966046998286,-0.016258086615061663,0.08493266047649389,-0.31615982123022074,-1.7090163389539816,-1.4309631688531417,-0.6562203727325492
-0.8719765391050072,1.8585474306102254,1.1450005902706817,0.6050902818020828,-0.34932359918387046,0.6572123912097525,-0.19379456778184626,1.084116774145602,-1.2222052994528767,0.7853966046998286,-0.15162407317532686,0.0790580360811459,-0.4728366256480797,-2.1223731696431885,-0.44603960407903304,-0.8442469424710131
-0.44736943706928683,1.9749510251567028,0.441946152116641,-1.0818948614326185,-0.30286968110999973,0.6572123912097525,-0.19379456778184626,1.084116774145602,-1.2222052994528767,0.7853966046998286,0.018557494353672457,0.16979751102887922,0.03769210713417968,-0.8711212889664547,-0.26294516461974493,-0.5238514657243724
-0.5420190890202445,1.067002987694179,0.3620536023264091,0.05967403248560058,0.8584782707367681,0.6572123912097525,-0.19379456778184626,1.084116774145602,-1.2222052994528767,0.7853966046998286,0.09361081113210828,-0.024355591660865494,-0.04580750994851138,-0.4466024020096327,-0.767387416672112,-0.14658563703606767
-0.5263803528259802,0.7410729229640415,0.058461913123527456,-0.5237945132948224,0.1152155815548367,0.6572123912097525,-0.19379456778184626,1.084116774145602,-1.2222052994528767,0.7853966046998286,0.34658026597667957,0.0678420545366895,0.0667762438695161,-0.5412323898370406,-0.7029448372537497,-0.04356388179946889
-0.8814706912567207,0.29873926368742737,1.129022080312635,1.0617178393693707,-0.34932359918387046,0.6572123912097525,-0.19379456778184626,1.084116774145602,-1.2222052994528767,0.7853966046998286,0.6788794376094593,0.08951337374157987,0.18534032313389487,-0.5255969026989994,-0.701116313340721,0.25991696648449497
-1.5068964592985838,0.04265135568517658,-0.6765495449466058,-0.6125832050440171,0.8120243526628974,0.6572123912097525,-0.19379456778184626,1.084116774145602,-1.2222052994528767,0.7853966046998286,0.1899563180675986,-0.01614367752898839,0.2953191372854098,-0.88061346864202,-1.7155679250438982,0.3726835847711756
-1.5755824891507455,-0.9118581195959387,-0.1812157362471683,1.02366554290543,0.9513861068845094,0.6572123912097525,-0.19379456778184626,1.084116774145602,-1.2222052994528767,0.7853966046998286,0.14902315582988368,-0.15151477400909777,0.26012658788801635,-1.5059093001302826,-2.1299112243571257,0.011092374309572025
-1.030801741599374,-0.6092087737750971,1.0651080404804498,1.4041885075448362,-0.34932359918387046,0.6572123912097525,-0.19379456778184626,1.1524990675496534,-1.2222052994528767,0.7853966046998286,0.039438893245892184,0.018673217690338507,0.05184192458511789,-1.5745810599819812,-0.8756732536260036,-0.9098636650841594
-0.7865105630547133,0.34530070150601816,-0.2451297760793536,0.26261961362661723,-0.34932359918387046,0.6572123912097525,-0.19379456778184626,1.1524990675496534,-1.2222052994528767,0.7853966046998286,0.056629661729133,0.09372936765045109,0.02352990324508238,-1.0299134944202588,-0.45014125999911914,-0.9389784060065817
-0.6273103081677702,-0.5393666170472108,-0.7724206046948844,0.6431425782660236,-0.34932359918387046,0.6572123912097525,-0.19379456778184626,1.1524990675496534,-1.2222052994528767,0.7853966046998286,0.10817564085776016,0.3467083718188232,0.13007511638460412,-0.7856730690671632,-0.5449970805863911,-0.04987103139572539
-0.5549977989554965,-1.1912267465074844,-0.13328020637302904,1.3153998157956415,-0.34932359918387046,0.6572123912097525,-0.19379456778184626,1.1524990675496534,-1.2222052994528767,0.7853966046998286,0.12654794036735065,0.6790200873865639,0.31992018535725053,-0.6265058891405261,-0.5293242796401875,0.33345168630360655
-0.6476131200300027,-0.44624374141002876,-0.3250223258695855,1.1505065311185654,-0.34932359918387046,0.6572123912097525,-0.19379456778184626,1.1524990675496534,-1.2222052994528767,0.7853966046998286,0.29493155540786953,0.1900785115248084,0.33672982963957754,-0.5542084033550272,-0.8851880862172299,-0.07153623961378426
-1.6086764847519457,-0.05047151995200508,-0.11730169641498242,0.744615368836532,-0.34932359918387046,0.6572123912097525,-0.19379456778184626,1.1524990675496534,-1.2222052994528767,0.7853966046998286,0.2627302500632031,0.14914380410441264,0.1722496502090776,-0.6468044829523735,-1.5119761749338674,-0.6805892695438526
-1.780147665876095,-0.516085898137915,-0.7085065648626988,1.0363496417267437,-0.34932359918387046,0.6572123912097525,-0.19379456778184626,1.1524990675496534,-1.2222052994528767,0.7853966046998286,0.1683913709325742,0.039555404832821724,0.10307014255986326,-1.6076681800754025,-1.5808118187023676,-0.8449707674824334
-0.7168230557535087,-0.5626473359565062,-0.5327429553241886,1.3915044087235229,-0.34932359918387046,0.6572123912097525,-0.19379456778184626,1.2208813609537048,-1.2222052994528767,0.7853966046998286,0.25518841681166776,0.0567468222490127,0.07220156441984377,-1.779103736868967,-1.034844413815255,-0.7945073779468425
-0.4787735078821562,-0.7488930872308699,0.7774948612356147,1.4168726063661499,-0.34932359918387046,0.6572123912097525,-0.19379456778184626,1.2208813609537048,-1.2222052994528767,0.7853966046998286,0.5001320208546502,0.10829474718270012,0.07769406838950194,-0.7160000398303276,-0.7900211130904702,-1.0188191825809683
-0.4099127211272274,0.34530070150601816,-0.13328020637302904,0.26261961362661723,-0.34932359918387046,0.6572123912097525,-0.19379456778184626,1.2208813609537048,-1.2222052994528767,0.7853966046998286,0.5515454339648088,0.12666774022676136,0.26247326515376185,-0.4779999484083526,-0.6304740835585666,-0.4191838919665923
-0.04887590512200009,0.29873926368742737,2.231539267417835,-0.05448285690622136,-0.34932359918387046,0.6572123912097525,-0.19379456778184626,1.2208813609537048,-0.7095914593360166,1.3094933969888636,0.342117671243065,0.29505771156695193,0.2153660182186001,-0.40915346796084884,-0.5580040611266935,-0.419798432879659
-0.23543966151465034,1.1135644255127697,1.8001194985505835,-0.15595564747672958,-0.34932359918387046,0.6572123912097525,-0.19379456778184626,1.2208813609537048,-0.7095914593360166,1.3094933969888636,0.19093651824989247,0.262855190657775,0.34607391837155915,-0.04819165986541959,-0.6508211195985822,-0.34456507389181806
-1.9089154107686765,0.25217782586883614,0.0904189330396201,0.6685107759086506,-0.30286968110999973,0.6572123912097525,-0.19379456778184626,1.2208813609537048,-0.7095914593360166,1.3094933969888636,0.01731127448803127,0.16851275033631233,0.15862156814985515,-0.234716656339993,-1.6139779006113633,-0.35889695483009615
-1.721145503393681,-0.5393666170472108,0.0904189330396201,0.6431425782660236,-0.34932359918387046,0.6572123912097525,-0.19379456778184626,1.2208813609537048,-0.7095914593360166,1.3094933969888636,-0.015395943145377573,0.25531307271017706,0.2180235728472478,-1.9078447293668739,-1.7858225852704004,-0.5568887772169909
-0.9490446980616423,0.6945114851454506,1.3207641998091921,0.14846272423479553,0.30103125385031954,0.6572123912097525,-0.19379456778184626,1.2892636543577563,-0.7095914593360166,1.3094933969888636,0.10791742760643916,0.5002659231097578,0.1784702316203548,-1.7201138324962115,-0.7201818104254973,-1.2554618763125274
-1.4100169238618119,1.1135644255127697,0.17031148282985203,-0.8662651814702881,0.6726625984412853,0.6572123912097525,5.1601033581379605,1.2892636543577563,-0.7095914593360166,1.3094933969888636,0.21261722931679689,0.5516812770207524,0.08521993289182679,-0.9481734364770016,-0.4816137360762526,-1.4384355136234956
-0.9947864964774094,-0.09703295777059631,-0.500785935408096,0.4528810959463204,7.965927736038987,0.6572123912097525,-0.19379456778184626,1.2892636543577563,-0.7095914593360166,1.3094933969888636,0.2976063485543598,0.34224560862707554,0.07934651752542486,-1.4090498920908652,-0.4126029547443955,-0.4571521019768793
-0.7727339546928433,-0.888577400686643,-0.5327429553241886,1.02366554290543,0.34748517192419026,0.6572123912097525,-0.19379456778184626,1.2892636543577563,-0.7095914593360166,1.3094933969888636,0.14351259252319007,0.19105874870860087,0.1700673178065954,-0.9939057317159804,-0.05077971780173461,-0.2747343564461978
-0.5482439371934981,-0.8187352439587566,-0.053387656582797115,0.021621736021660086,-0.34932359918387046,0.6572123912097525,-0.19379456778184626,1.2892636543577563,-0.7095914593360166,1.3094933969888636,0.11541334601502434,0.01742695078124288,-0.024045827141968287,-0.7718993228915066,-0.23774985281753147,-0.7773122536317292
-1.4459909424075477,-0.5859280548658017,-0.005452126708657854,1.6071340886858532,-0.34932359918387046,0.6572123912097525,-0.19379456778184626,1.2892636543577563,-0.7095914593360166,1.3094933969888636,0.19052334235635238,-0.015281501514319137,0.06813284428962507,-0.5474559447547879,-1.9148708158258296,-0.713107845849627
-1.8546564935740646,-0.516085898137915,-0.11730169641498242,1.835447867469497,-0.30286968110999973,0.6572123912097525,-0.19379456778184626,1.2892636543577563,-0.7095914593360166,1.3094933969888636,0.07607303037847929,0.10803652418410767,0.08979970342175925,-1.4450164367840226,-1.7266919025543896,-0.7112860799300902
-0.4276547423829598,-0.14359439558918713,1.576420359137934,0.3640924041971257,-0.34932359918387046,0.6572123912097525,-0.19379456778184626,1.357645947761808,-0.7095914593360166,1.3094933969888636,-0.000583680058118093,0.21274027819894037,-0.015835603065696455,-1.8535970848397192,-0.9529092846974097,-1.72198840657288
0.012022679866836436,1.2532487389685423,1.624355889012073,0.4782492935889474,-0.34932359918387046,0.6572123912097525,-0.19379456778184626,1.357645947761808,-0.7095914593360166,1.3094933969888636,0.21886692038828906,0.2977326056839956,-0.15117883945414823,-0.42689180318825676,-1.4148856136634442,-2.1348003453716533
-0.2577877493620688,0.7643536418733372,-0.48480742545004935,-0.9423697743981694,1.0907478611061217,0.6572123912097525,-0.19379456778184626,1.357645947761808,-0.7095914593360166,1.3094933969888636,0.26554486961968143,0.1436330327799037,0.01897412665141272,0.012694273018791672,-0.9987507192344677,-0.8851978798056693
-0.8312559917388488,0.5082657338710865,-0.3569793457856782,1.163190629939879,-0.30286968110999973,0.6572123912097525,-0.19379456778184626,1.357645947761808,-0.7095914593360166,1.3094933969888636,0.3269381355426626,0.11553272555551977,0.09401482965666029,-0.25706010121671397,-0.7762144961178926,-0.4612385986946076
-0.9204524256822081,-0.7488930872308699,-0.21317275616326095,1.9242365592186916,-0.34932359918387046,0.6572123912097525,-0.19379456778184626,1.357645947761808,-0.7095914593360166,1.3094933969888636,0.15062234245154066,0.19064555721811685,0.34694176940044813,-0.8304092015772525,-0.551235487905745,-0.555743844146589
-2.154112479479449,-0.44624374141002876,-0.3569793457856782,1.936920658040005,-0.34932359918387046,0.6572123912097525,-0.19379456778184626,1.357645947761808,-0.7095914593360166,1.3094933969888636,0.16026911451033526,0.07619092486453338,0.6791850934496495,-0.9195871043410342,-1.4509379918670702,-0.5401289678936522
-2.0414355037717913,-0.3996823035914375,1.0011940006482645,1.9622888556826323,-0.34932359918387046,0.6572123912097525,-0.19379456778184626,1.357645947761808,-0.7095914593360166,1.3094933969888636,0.04970361789469827,-0.0004686792801202359,0.1903441443647534,-2.152990856681098,-1.8604937102730426,-0.894677546777092
-0.4408662182972643,0.9040379553291101,1.6882699288442584,1.6325022863284802,-0.34932359918387046,0.6572123912097525,-0.19379456778184626,1.4260282411658594,-0.7095914593360166,1.3094933969888636,0.0953108327933236,0.218990205189523,0.14941786152486533,-2.040337290398894,-0.43038362218901877,-1.519149105863392
-0.12330556320013995,2.5569689978890904,1.1609791002287282,-1.1579994543604997,-0.34932359918387046,0.6572123912097525,-0.19379456778184626,1.4260282411658594,-0.7095914593360166,1.3094933969888636,0.21138987881752785,0.2656699164631028,0.03985201612871535,-0.4401005343265446,0.010251518263591044,-1.5877303417845134
-0.9779310290290297,0.18233566914094987,0.457924662074687,1.213927025225133,5.271600487754486,0.6572123912097525,-0.19379456778184626,1.4260282411658594,-0.7095914593360166,1.3094933969888636,0.2590071036673752,0.3270654999155891,0.0570398954597656,-0.12260585466438145,-0.2601466199226203,-1.0437807634856646
-0.929726216311439,-0.4229630225007333,-0.6286140150724672,0.719247171193905,1.0907478611061217,0.6572123912097525,-0.19379456778184626,1.4260282411658594,-0.7095914593360166,1.3094933969888636,0.18056109391866718,0.15074305109363803,0.10857721155633229,-0.9770537661082053,-0.8348640075742462,-0.7998622987661191
-0.4697565624711855,-0.12031367667989173,-0.9322057042753482,-1.4116814307867704,1.0442939430322509,0.6572123912097525,-0.19379456778184626,1.4260282411658594,-0.7095914593360166,1.3094933969888636,0.003508754066810845,0.16039018730766266,0.12694642334070413,-0.9288589682757561,-0.9242547317951834,-0.6409049349091005
-1.3621827854933048,-0.09703295777059631,-0.5487214652822352,0.14846272423479553,1.2765635334016046,0.6572123912097525,-0.19379456778184626,1.4260282411658594,-0.7095914593360166,1.3094933969888636,0.12795215184265177,0.049820516963900954,0.2953017391291725,-0.46898487633051045,-2.160601979953144,-0.5687027525292272
-1.735170930560745,0.27545854477813153,-0.2451297760793536,0.744615368836532,-0.16350792688838758,0.6572123912097525,-0.19379456778184626,1.4260282411658594,-0.7095914593360166,1.3094933969888636,0.25740353322336545,0.09542945348564867,0.2631058456700751,-1.361225691597325,-2.0476795679660413,-0.6611767708731658
-0.6912122309928612,0.08921279350376782,-0.2770867959954463,1.3788203099022092,-0.34932359918387046,0.6572123912097525,-0.19379456778184626,1.4944105345699108,-0.7095914593360166,1.3094933969888636,0.30282791714251767,0.2115128813685151,0.16878282152461233,-1.7341363457832244,-0.4436238757260277,-1.620773846042709
-0.7525913062550634,0.6712307662361552,-0.053387656582797115,1.0997701358333114,-0.30286968110999973,0.6572123912097525,-0.19379456778184626,1.4944105345699108,-0.7095914593360166,1.3094933969888636,0.2703937252397304,0.25913190371719047,0.25556527993046524,-0.690394535896666,-0.1253715007349691,-1.7919834144463562
-0.9730692117299555,0.6712307662361552,0.07444042308157406,0.4275128983036934,-0.34932359918387046,0.6572123912097525,-0.19379456778184626,1.4944105345699108,-0.7095914593360166,1.3094933969888636,0.25173053437331216,0.18068293271630892,0.5004677177305962,-0.7517608592290465,-0.981858536714594,-0.7302811133450727
-0.5424218690216077,0.5548271716896778,-0.2611082860374002,0.8207199617644134,-0.2099618449622583,0.6572123912097525,-0.19379456778184626,1.4944105345699108,-0.7095914593360166,1.3094933969888636,0.16340443197152232,0.0036239093297785042,0.5518724900882918,-0.9721929588854924,-0.9335487228660228,-0.49259475647424106
-0.7288477170442279,0.7410729229640415,0.07444042308157406,1.6959227804350478,-0.34932359918387046,0.6572123912097525,-0.19379456778184626,1.4944105345699108,-0.7095914593360166,1.3094933969888636,0.3018101022253695,0.12807200470952962,0.34247992466910154,-0.5416350861580569,-0.47257714969142955,-0.4238390302760821
-1.4079245839090762,-0.28327870904496005,1.8160980085086296,2.051077547431827,-0.34932359918387046,0.6572123912097525,-0.19379456778184626,1.4944105345699108,-0.009347931404889999,1.5013261370085875,0.2252897875594248,0.2575282727401277,0.19132417981051983,-0.7280222029140233,-1.36694728157765,-0.06335304632914814
-2.27055785612378,0.15905495023165406,-0.13328020637302904,0.5416697876955151,2.066280140657407,0.6572123912097525,-0.19379456778184626,1.4944105345699108,-0.009347931404889999,1.5013261370085875,-0.043036741191669114,0.3029543713807302,0.017728116230675536,-1.4069579868363082,-1.7407478803165497,-0.24963216333495197
-0.9014531762700435,0.41514285823390484,0.5218387019068729,-0.15595564747672958,-0.34932359918387046,0.6572123912097525,-0.19379456778184626,1.5627928279739622,-0.009347931404889999,1.5013261370085875,-0.39874772628729616,0.2705189551222163,-0.014973604491436704,-2.2694120409884695,-0.6945151994183403,-1.920554699036784
-0.6058060882036443,0.43842357714320024,0.0265048932074348,1.7212909780776748,-0.34932359918387046,0.6572123912097525,-0.19379456778184626,1.5627928279739622,-0.009347931404889999,1.5013261370085875,-0.04287311787688957,0.2518550597404927,0.10831904170140637,-0.9005918021550886,-0.7560279723749788,-1.7330712712671357
-0.42287355405154964,0.43842357714320024,0.7774948612356147,2.089129843895768,-0.34932359918387046,0.6572123912097525,-0.19379456778184626,1.5627928279739622,-0.009347931404889999,1.5013261370085875,0.12350393049478926,0.1635256231236988,0.21300124712677207,-0.6050061368276752,-0.9769861292630798,-0.9621484562589557
1.1260154818457921,0.6945114851454506,2.4232813869143923,2.1144980415383947,-0.34932359918387046,0.6572123912097525,-0.19379456778184626,1.5627928279739622,-0.009347931404889999,1.5013261370085875,0.07675722274488639,0.30193651804216787,0.29797608273877985,-0.42211160818197907,-0.5454007379349173,-1.42241737904764
2.6726428934420015,3.1622676895307733,2.822744135865552,1.5817658910432262,-0.34932359918387046,0.6572123912097525,-0.19379456778184626,1.5627928279739622,-0.009347931404889999,1.5013261370085875,0.3702751248704077,0.22541331481695998,0.14390822434640527,1.1264556352445083,-0.7322326641846445,-1.007820466642438
0.08879933409422489,2.603530435707681,1.5923988690959805,-0.46037401918825466,-0.34932359918387046,0.6572123912097525,-0.19379456778184626,1.5627928279739622,-0.009347931404889999,1.5013261370085875,0.771007996404248,-0.04292334297089442,0.11581370031470599,2.672761724238043,-1.4127887161147124,-0.786106709306488
-1.3031525305651428,1.043722268784883,-0.037409146624750506,-0.35890122861774626,-0.07060009074064617,0.6572123912097525,-0.19379456778184626,1.5627928279739622,-0.009347931404889999,1.5013261370085875,0.27922196069965277,-0.39864775577216394,0.19091107335704222,0.08945497636222706,-2.277301001317905,-0.5619591951002244
-0.6725209039730471,0.9971608309662923,0.04248340316548141,1.7593432745416155,-0.34932359918387046,0.6572123912097525,-0.19379456778184626,1.6311751213780137,-0.009347931404889999,1.5013261370085875,0.026230992966017223,-0.0427597134795114,0.07647999637555013,-1.3022077006152226,-0.9052140976630376,-1.4583365122138183
-0.4091071611244978,0.34530070150601816,0.5218387019068729,2.1525503380023356,-0.34932359918387046,0.6572123912097525,-0.19379456778184626,1.6311751213780137,-0.009347931404889999,1.5013261370085875,0.1408907291788392,0.12362361544611378,-0.00016383081483896674,-0.6717070921300519,-0.6089230224744406,-1.866378564399834
0.7074165148304186,1.043722268784883,2.1196896977115114,1.8735001639334372,-0.34932359918387046,0.6572123912097525,-0.19379456778184626,1.6311751213780137,-0.009347931404889999,1.5013261370085875,0.31946308148446007,0.07687514305846363,0.21924988784913838,-0.40834807531881306,-0.4255920193335409,-0.44155398261902407
-0.3673300459286747,1.2532487389685423,0.12237595295571332,-1.094578960253932,3.4134437647996574,0.6572123912097525,-0.19379456778184626,1.6311751213780137,-0.009347931404889999,1.5013261370085875,0.9335965367937518,0.3704041251678923,0.2659199921898614,0.7079436350761915,1.126670851900232,-0.002547374005805712
-0.729311424817536,1.1368451444220646,0.3780321122844551,-0.11790335101278908,3.5063516009473994,0.6572123912097525,-0.19379456778184626,1.6311751213780137,-0.009347931404889999,1.5013261370085875,0.19147633373281558,0.77115212393498,0.32730294010472677,-0.36657963960926204,2.6766671724967646,-0.2719461548168969
-1.2727959066579952,1.323090895696429,0.7135808214034294,0.3640924041971257,9.220183524033498,0.6572123912097525,-0.19379456778184626,1.6311751213780137,-0.009347931404889999,1.5013261370085875,0.1235990954041022,0.27934752383849587,0.15101677938055436,-0.7284858143488161,0.08719540964163518,-0.8445394595742689
-1.5257278837101766,0.9971608309662923,0.5058601919488263,0.21188321834136326,0.533300844219673,0.6572123912097525,-0.19379456778184626,1.6311751213780137,-0.009347931404889999,1.5013261370085875,0.18974714824094757,0.026347005968971163,0.16066193016263566,-1.2718573835078442,-1.3077884452241053,-0.9335998069659986
-0.526539786576521,0.950599393147701,0.2342255226620379,1.0870860370119977,0.1152155815548367,0.6572123912097525,-0.19379456778184626,1.6995574147820651,-0.009347931404889999,1.5013261370085875,0.18834627419171068,0.14101107046304232,0.050115015645120664,-1.5247368121824676,-0.6757831584040935,-2.165377671810361
-0.4768705183104912,1.2066873011499513,0.07444042308157406,0.8207199617644134,-0.34932359918387046,0.6572123912097525,-0.19379456778184626,1.6995574147820651,-0.009347931404889999,1.5013261370085875,0.188000515071246,0.3195901636821663,0.0957145656051507,-0.5257563033260695,-0.41179564004733993,-2.0528726067990646
-0.008263714332297696,1.229968020059247,1.049129530522403,0.24993551480530396,-0.34932359918387046,0.6572123912097525,-0.19379456778184626,1.6995574147820651,-0.009347931404889999,1.5013261370085875,0.2133060407498264,0.9337468018663441,0.21177410290114268,-0.4760973541960078,0.7071600803888753,-0.45474530185082873
-0.5939525354461124,1.2532487389685423,0.13835446291375939,0.021621736021660086,-0.34932359918387046,0.6572123912097525,-0.19379456778184626,1.6995574147820651,-0.009347931404889999,1.5013261370085875,0.3123206130576335,0.19159858456897563,0.25938332500174605,-0.007587906540841003,-0.3699275247190121,-0.13766914745148806
-1.3093686226514105,0.9040379553291101,0.0904189330396201,-0.6379514026866443,-0.11705400881451687,-1.5215781281288188,-0.19379456778184626,1.6995574147820651,-0.009347931404889999,1.5013261370085875,-0.009099066045436442,0.1237187839477993,0.18095049921634523,-0.5931550467281786,-0.732697382019768,-0.9909907154961541
-1.9916272326248614,0.6013886095082686,-0.19719424620521434,1.6705545827924209,1.9269183864357948,-1.5215781281288188,-0.19379456778184626,1.6995574147820651,-0.009347931404889999,1.5013261370085875,-0.08247661536032828,0.18986933380222223,0.003927915518556492,-1.308422501265122,-1.2773656976321364,-0.9428594486194077
-1.8301755688715966,-0.0039100821334142515,1.049129530522403,2.24133902975153,-0.34932359918387046,-1.5215781281288188,-0.19379456778184626,1.6995574147820651,-0.009347931404889999,1.5013261370085875,-0.05717602822321375,0.18846840687150243,0.12835039881837293,-1.9905393672667475,-1.5308486185041232,-0.4835915681716318
-0.55905296174097,0.6479500473268598,2.21556075745979,2.24133902975153,-0.34932359918387046,-1.5215781281288188,-0.19379456778184626,1.7679397081861168,-0.009347931404889999,1.5013261370085875,-0.08491812850908181,0.18812263469900425,0.2577800240604677,-1.829121246219641,-0.5294840606739802,-1.3746562209839832
-1.5927936726329395,0.9971608309662923,0.5697742317810116,2.228654930930217,-0.34932359918387046,-1.5215781281288188,5.1601033581379605,1.7679397081861168,-0.009347931404889999,1.5013261370085875,0.1530259112705101,0.2134291156338578,0.30319677376836096,-0.5582627236522254,-0.4797066013571219,-1.7470752999103583
-1.4595887806601169,0.41514285823390484,0.5537957218229655,2.24133902975153,-0.34932359918387046,-1.5215781281288188,5.1601033581379605,1.7679397081861168,-0.009347931404889999,1.5013261370085875,-0.16401975382535017,0.312447425634868,0.27076803289102813,-1.5917886677210904,-0.010079064351892849,-0.7047093628912332
0.7098736917409137,1.0902837066034738,2.7268730761172733,1.860816065112124,-0.34932359918387046,-1.5215781281288188,-0.19379456778184626,1.7679397081861168,-0.009347931404889999,1.5013261370085875,0.0063259035917665185,-0.008984386714065934,0.2521079786382423,-1.458611449991112,-0.5970436499620851,-0.7659947924063425
1.007743731390923,2.417284684433317,2.5670879765368095,0.5670379853381425,-0.34932359918387046,-1.5215781281288188,-0.19379456778184626,1.7679397081861168,-0.009347931404889999,1.5013261370085875,0.1949166363748271,-0.08236470595222202,0.16379672068930434,0.7104003014910921,-1.314018077383709,-0.9861363158473337
-0.8559357525832906,2.2077582142496577,0.5697742317810116,-1.1326312567178725,-0.07060009074064617,-1.5215781281288188,-0.19379456778184626,1.7679397081861168,-0.009347931404889999,1.5013261370085875,0.34093798700765177,-0.05706316374525895,0.3021791299094293,1.008208456568462,-1.9977628029881478,-0.5561460096285255
-1.4890187186945636,1.5558980847893837,0.3780321122844551,-0.5998991062227036,-0.2099618449622583,-1.5215781281288188,-0.19379456778184626,1.7679397081861168,-0.009347931404889999,1.5013261370085875,0.11418575781363119,-0.08480631126546094,0.22567167556645126,-0.8550838350297133,-1.8359594605053728,-0.7422874286704072
-1.2140739389591395,1.3463716146057247,0.5058601919488263,2.1144980415383947,-0.16350792688838758,-1.5215781281288188,-0.19379456778184626,-1.7195572554205087,-0.009347931404889999,1.5013261370085875,0.0565618343888247,0.15314671064473537,-0.04260975711002079,-1.4880352737512255,-0.5620680569861856,-1.4203282313674697
-1.5386952836997436,0.9273186742384055,0.9372799608160786,2.1652344368236487,-0.34932359918387046,-1.5215781281288188,5.1601033581379605,-1.7195572554205087,0.6908955965262368,1.3094933969888642,0.062139686477198676,-0.16391092258268256,-0.39826095993513455,-1.2131476157062318,-1.5980604920871098,-2.2816453883279344
-0.9886951786306961,1.6024595226079745,0.2981395624942232,1.4802931004727176,-0.34932359918387046,-1.5215781281288188,-0.19379456778184626,-1.7195572554205087,0.6908955965262368,1.3094933969888642,0.01381861587747399,0.006441165199087198,-0.0424461612944574,-1.537701518104489,-1.4645654493280735,-0.9146295446133134
-0.08981498982585373,1.0204415498755877,1.4645707894316093,1.6451863851497939,-0.34932359918387046,-1.5215781281288188,-0.19379456778184626,-1.7195572554205087,0.6908955965262368,1.3094933969888642,0.11783430160805884,0.19503901707869753,0.12390292505712726,-0.9878156793829194,0.7096226095938838,-0.6194335238254537
0.9681286400067739,1.509336646970793,3.5577555939356857,1.6198181875071664,-0.34932359918387046,-1.5215781281288188,-0.19379456778184626,-1.7195572554205087,0.6908955965262368,1.3094933969888642,0.3860760328283817,0.34106587985985604,0.07716407375373689,-0.08912223918966497,1.0081414784641562,-0.43678008892265646
-1.6605705287863761,1.3696523335150197,0.13835446291375939,-0.2193761415832973,-0.256415763036129,-1.5215781281288188,-0.19379456778184626,-1.7195572554205087,0.6908955965262368,1.3094933969888642,0.33758501322286,0.1143050910139974,0.3706326460374467,0.9686015954950995,-0.8595975265945817,1.1097458147458132
-1.9273812685485983,0.717792204054746,0.2821610525361772,2.0637616462531407,-0.024146172666775465,-1.5215781281288188,-0.19379456778184626,-1.7195572554205087,0.6908955965262368,1.3094933969888642,0.051430262814493616,0.05667899234829553,0.7712981687349187,-1.6595514427612241,-1.4940594925131077,2.654013544661997
-0.7402977601264816,1.2998101767871337,0.441946152116641,1.9749729545039456,-0.34932359918387046,-1.5215781281288188,-0.19379456778184626,-1.6511749620164573,0.6908955965262368,1.3094933969888642,-0.08374263591002733,0.062257054994563694,0.27959478464090914,-1.9263067507363982,-1.2185158200281452,0.07411214246553645
-0.4797166114179599,1.2066873011499513,0.6017312516971048,1.8100796698268695,-0.34932359918387046,-1.5215781281288188,-0.19379456778184626,-1.6511749620164573,0.6908955965262368,1.3094933969888642,0.06351192166009498,0.013934160326593916,0.026646335623602843,-0.7394698671701834,-1.5438442644630868,-1.315716028219518
-1.0607315062659461,1.067002987694179,0.0265048932074348,1.7466591757203018,-0.2099618449622583,-1.5215781281288188,-0.19379456778184626,-1.6511749620164573,0.6908955965262368,1.3094933969888642,0.21471842240688988,0.11795377253701411,0.14128680164333418,-0.47894285600783676,-0.9926461331013114,-0.6860465531352495
-0.8713621536681421,0.46170429605249563,0.17031148282985203,1.4168726063661499,-0.34932359918387046,-1.5215781281288188,-0.19379456778184626,-1.6511749620164573,0.6908955965262368,1.3094933969888642,0.1151619376162041,0.3862056295930822,0.3198291423352601,-1.0598370409700384,-0.09180797721559901,-0.4230346993122059
-0.021296420137300293,0.32201998259672276,1.6083773790540266,2.139866239181022,-0.34932359918387046,-1.5215781281288188,-0.19379456778184626,-1.6511749620164573,0.6908955965262368,1.3094933969888642,0.14994962243304855,0.3377127795039239,0.9338593838167677,-0.8705070311724376,0.9684400963309152,0.69178550207365
-0.8312107519560851,1.4394944902429063,0.6976023114453828,1.7720273733629293,-0.34932359918387046,-1.5215781281288188,-0.19379456778184626,-1.6511749620164573,0.6908955965262368,1.3094933969888642,0.3016296800398604,0.05154722706267784,0.1918639045698033,-0.020617904710560686,-1.6659849817681802,-0.381321323251376
-1.325617366239046,0.6712307662361552,1.624355889012073,2.1144980415383947,-0.34932359918387046,-1.5215781281288188,-0.19379456778184626,-1.6511749620164573,0.6908955965262368,1.3094933969888642,0.09339270618441912,-0.08363077429282996,0.12399807397262896,-0.8303639711933684,-1.9333768964765001,-0.7427504289670928
1.973770702923158,1.6723016793358612,1.9119690682569077,2.089129843895768,-0.34932359918387046,-1.5215781281288188,-0.19379456778184626,-1.5827926686124059,0.6908955965262368,1.3094933969888642,-0.0112527202628829,0.06362934197785661,0.1901350096920551,-1.3246678690632554,-0.7437076480851617,-1.2854057192611188
2.369670608937753,1.8352667117009296,1.6083773790540266,0.9729291476201759,-0.34932359918387046,-1.5215781281288188,-0.19379456778184626,-1.5827926686124059,0.6908955965262368,1.3094933969888642,0.8498208540751675,0.21484155060680396,0.1887343710795488,1.9740347292779425,-0.4825588939077232,-1.5379517992652667
1.2368890684712592,1.928389587338112,1.0171725106063105,0.3640924041971257,-0.34932359918387046,-1.5215781281288188,-0.19379456778184626,-1.5827926686124059,0.6908955965262368,1.3094933969888642,1.1109137873166264,0.1152813076663039,0.18838867006880278,2.369852384333292,-1.0648393723693834,-0.5402881583969199
1.8381210384964026,2.137916057521771,1.9439260881730007,-1.094578960253932,-0.34932359918387046,-1.5215781281288188,-0.19379456778184626,-1.5827926686124059,0.6908955965262368,1.3094933969888642,0.7726692134481051,0.15007030568069152,0.21368994279528167,1.2373061871111475,-0.8750575299168355,-0.4906946702842153
1.085587898556715,2.5104075600704996,1.3367427097672382,-1.5258383201785923,-0.30286968110999973,-1.5215781281288188,-0.19379456778184626,-1.5827926686124059,0.6908955965262368,1.3094933969888642,0.7518769346452123,0.301756089045916,0.3126878743014422,1.8384132470125139,-0.023140158377326452,-0.022802817355118764
-1.3373497931266025,1.1601258633313605,0.5058601919488263,1.9749729545039456,0.1152155815548367,-1.5215781281288188,-0.19379456778184626,-1.5827926686124059,0.6908955965262368,1.3094933969888642,0.4659098359014764,0.09351125446953562,-0.008677785670902029,1.0860364510670624,-0.8348186692488664,-0.6075980559738761
-1.2942494142849932,0.8574765175105189,0.4099891322005478,1.8481319662908102,-0.34932359918387046,-1.5215781281288188,-0.19379456778184626,-1.5827926686124059,0.6908955965262368,1.3094933969888642,0.03078678567359911,-0.011138122229633899,-0.08204300284906897,-1.3363978584575185,-1.3303022144592045,-1.3219226364452856
0.7659732113874125,1.6024595226079745,0.7615163512775687,1.7212909780776748,-0.34932359918387046,-1.5215781281288188,-0.19379456778184626,-1.5144103752083544,0.6908955965262368,1.3094933969888642,0.0751780548259319,0.849967956706186,-0.05674666783406411,-1.293306434019408,1.9762726781605557,-2.0031403278814572
1.5632740350656615,1.742143836063748,1.033151020564357,1.860816065112124,-0.34932359918387046,-1.5215781281288188,-0.19379456778184626,-1.5144103752083544,0.6908955965262368,1.3094933969888642,0.7620722702769754,1.1110707459239846,-0.08448410566694818,0.7664881660721714,2.3730349449134898,-1.8419349901213258
0.39990894210428996,1.6723016793358612,0.5697742317810116,1.6198181875071664,-0.34932359918387046,-1.5215781281288188,-0.19379456778184626,-1.5144103752083544,0.6908955965262368,1.3094933969888642,1.5405127627791002,0.772813403687987,0.15341994424573166,1.5636233449584958,1.2377859466103742,-0.5727517283731899
2.61740219999406,1.3463716146057247,3.2701424146908504,1.9496047568613186,-0.34932359918387046,-1.5215781281288188,-0.19379456778184626,-1.5144103752083544,0.6908955965262368,1.3094933969888642,0.5926645465670185,0.752020339999018,-0.16357243683442485,0.400499949187235,1.8403275376728232,-1.604915266250444
3.566233676033277,2.2310389331589535,3.589712613851778,1.3534521122595822,-0.34932359918387046,-1.5215781281288188,-0.19379456778184626,-1.5144103752083544,0.6908955965262368,1.3094933969888642,34.106757747617074,0.46604244630604996,0.006744591581623064,2.617532507428405,1.086155208068465,-1.4719136043128072
-0.3795641236331494,1.951670306247407,0.9213014508580325,1.6578704839711071,-0.34932359918387046,-1.5215781281288188,5.1601033581379605,-1.5144103752083544,0.6908955965262368,1.3094933969888642,6.326545891782327,0.030902970652809083,0.19530362902021597,3.566166857128663,-1.3420601972616766,0.6942389300816643
-1.4753220096264403,1.6024595226079745,1.192936120144821,0.8207199617644134,-0.34932359918387046,-1.5215781281288188,-0.19379456778184626,-1.5144103752083544,0.6908955965262368,1.3094933969888642,0.6632776202001285,0.07529591552762516,0.341300438696337,-0.37881117559899674,-1.2988659359160408,0.991654510907059
-0.5578989824435848,0.9273186742384055,2.2634962873339286,1.8735001639334372,-0.34932359918387046,-1.5215781281288188,5.1601033581379605,-1.446028081804303,0.6908955965262368,1.3094933969888642,0.07356397847474377,0.7622160604936937,0.11458631842690171,-1.4743414102696815,0.7658443268525765,-0.8691815666314472
1.3451507873161348,1.3929330524243155,2.6310020163689947,1.6578704839711071,-0.34932359918387046,-1.5215781281288188,-0.19379456778184626,-1.446028081804303,0.6908955965262368,1.3094933969888642,0.5657882497694197,1.5406859382839637,0.056972079518802766,-0.557108984102066,1.564881854471746,-1.5012986412384908
1.612059668219996,1.509336646970793,2.8387226458235983,0.6685107759086506,-0.34932359918387046,-1.5215781281288188,-0.19379456778184626,-1.446028081804303,0.6908955965262368,1.3094933969888642,0.8132393821083619,0.5928019418250685,0.06254899417011013,1.3455454138308944,0.39898268568645356,-1.2267733433736814
-0.7109422488314167,1.323090895696429,0.18628999278789862,1.6705545827924209,1.183655697253863,0.6572123912097525,-0.19379456778184626,-1.446028081804303,0.6908955965262368,1.3094933969888642,0.8539748370959082,34.10816026370982,0.014236044610879342,1.6123988425582028,2.6213061521569387,-1.5508994149577473
-1.138124005278029,0.25217782586883614,0.6177097616551509,1.7973955710055562,-0.34932359918387046,0.6572123912097525,-0.19379456778184626,-1.446028081804303,1.2035094366430976,0.7853966046998287,0.2346465321709344,6.32689973487055,0.11823424903185464,-0.7101204546867789,3.5722044006298077,-1.0017384422887936
0.3450312614293219,0.8109150796919281,2.247517777375882,1.6325022863284802,-0.34932359918387046,0.6572123912097525,-0.19379456778184626,-1.446028081804303,1.2035094366430976,0.7853966046998287,0.312130109804884,0.6634176810254704,0.38643089842898204,-1.1372134611521303,-0.38218825104886367,-0.10422967047692445
0.9680647935391685,1.7654245549730436,2.8547011557816453,1.4549249028300906,-0.34932359918387046,0.6572123912097525,-0.19379456778184626,-1.446028081804303,1.2035094366430976,0.7853966046998287,1.2521029078969579,0.0736817782467974,0.3379480284262924,0.34563366973214127,-1.4803329488732522,0.9520998600690238
-0.0621344450038545,1.9749510251567028,0.3780321122844551,-0.6760036991505848,-0.34932359918387046,0.6572123912097525,-0.19379456778184626,-1.3776457884002515,1.2035094366430976,0.7853966046998287,0.840060457807105,0.5659246304762826,0.05184137037777532,0.9685377622920419,-0.5609115640573905,-1.6725887155945898
-0.023236623078652964,1.4394944902429063,1.049129530522403,-0.0037464616209671358,-0.34932359918387046,0.6572123912097525,-0.19379456778184626,-1.3776457884002515,1.2035094366430976,0.7853966046998287,0.2547007738817131,0.813385103828309,-0.08330881062607853,-0.06144744519339077,1.3462834842932405,-1.9389923835501628
1.4941764691251476,1.6257402415172704,2.2954533072500216,1.0363496417267437,-0.34932359918387046,0.6572123912097525,-0.19379456778184626,-1.3776457884002515,1.2035094366430976,0.7853966046998287,0.12164178319048785,0.8541220965353009,0.06392099872944307,-0.02255770456125677,1.6137737539171002,-0.7537200024793931
1.5741290290698091,2.137916057521771,1.2728286699350528,1.3280839146169552,2.205641894879019,0.6572123912097525,-0.19379456778184626,-1.3776457884002515,1.2035094366430976,0.7853966046998287,0.5086493454812344,0.2347704126354766,0.21510208708159803,1.4945401345179297,-0.7142881937580068,-0.49353642112171325
-0.19650134268713507,1.5326173658800888,0.441946152116641,0.8207199617644134,-0.34932359918387046,0.6572123912097525,-0.19379456778184626,-1.3776457884002515,1.2035094366430976,0.7853966046998287,0.5409257264805837,0.3122569151908264,0.11556233416862893,1.5744760837621345,-1.142400449983219,-1.0736648644604896
-1.7768820102672078,0.717792204054746,-0.10132318645693639,-0.1305874498341026,-0.34932359918387046,0.6572123912097525,-0.19379456778184626,-1.3776457884002515,1.2035094366430976,0.7853966046998287,0.23714703013766625,1.2522651962411828,0.15034417242219197,-0.1957864272190584,0.3439854688446256,-0.8845844317335819
-1.8412428979851623,0.34530070150601816,0.47390317203273363,1.1251383334759384,0.7655704345890266,0.6572123912097525,-0.19379456778184626,-1.3776457884002515,1.2035094366430976,0.7853966046998287,-0.24837156660938647,0.8402071919937023,0.3019987380464245,-1.7758387597227474,0.9683761107910693,-0.035815639226280116
-0.4330506809881921,0.6712307662361552,1.1450005902706817,0.5036174912315748,-0.34932359918387046,0.6572123912097525,-0.19379456778184626,-1.3092634949961999,1.2035094366430976,0.7853966046998287,0.07386556728331983,0.25482541137222825,0.09379676136459754,-1.8401862760186019,-0.06406713782240216,-0.8444942888136147
-0.8991984838711065,1.6024595226079745,0.18628999278789862,-0.282796635689865,-0.34932359918387046,0.6572123912097525,-0.19379456778184626,-1.3092634949961999,1.2035094366430976,0.7853966046998287,0.1598726614570443,0.1217613978477621,-0.010831077936245758,-0.4322866207497112,-0.025084587525393533,-1.3381465894063747
-0.9724840132497095,0.0659320745944724,-0.1812157362471683,1.1505065311185654,0.30103125385031954,0.6572123912097525,-0.19379456778184626,-1.3092634949961999,1.2035094366430976,0.7853966046998287,-0.1480093623754398,0.5087835692561508,0.8500977807885404,-0.8983375781841804,1.4956337781949662,1.9562076199368938
-0.9022722352402078,0.18233566914094987,0.457924662074687,1.213927025225133,-0.34932359918387046,0.6572123912097525,-0.19379456778184626,-1.3092634949961999,1.2035094366430976,0.7853966046998287,0.0704014909022099,0.5410611686540354,1.1111468336635832,-0.971607881984301,1.5757604931408755,2.3515035034517306
-0.4458334734771287,0.7643536418733372,0.3940106222425017,1.0744019381906844,-0.34932359918387046,0.6572123912097525,-0.19379456778184626,-1.3092634949961999,1.2035094366430976,0.7853966046998287,0.24051398941863908,0.237271004993307,0.7729591065877166,-0.9014106909600548,-0.1987267174066737,1.220450242096592
-0.9889461864576342,1.067002987694179,0.457924662074687,1.213927025225133,-0.34932359918387046,0.6572123912097525,-0.19379456778184626,-1.3092634949961999,1.2035094366430976,0.7853966046998287,0.28990846470654047,-0.24826591955658067,0.7521703222218474,-0.44506675752459457,-1.7825498163150857,1.8207649155223882
-0.8427421536799179,0.8109150796919281,1.3846782396413775,0.6811948747299643,-0.34932359918387046,0.6572123912097525,-0.19379456778184626,-1.3092634949961999,1.2035094366430976,0.7853966046998287,0.38683834603052597,0.07398337844002538,0.46625128430044,-0.9880666350612355,-1.8470508967984574,1.0693799116176717
-0.22075789266057935,1.509336646970793,0.5218387019068729,0.2879878112692442,-0.34932359918387046,0.6572123912097525,-0.19379456778184626,-1.2408812015921484,1.2035094366430976,0.7853966046998287,0.25728088516652853,0.15999371928869696,0.031201362665676892,-0.8418929771882839,-0.43579131438532037,-1.3498611161891088
-0.6923800740946446,0.5082657338710865,-0.021430636666704465,0.8587722582283537,-0.34932359918387046,0.6572123912097525,-0.19379456778184626,-1.2408812015921484,1.2035094366430976,0.7853966046998287,0.2113303441016385,-0.14789992675778066,0.07558517123632374,-0.2200379377255238,-0.9029544940272644,-1.3068264953791962
-0.8061577629038572,0.46170429605249563,0.457924662074687,0.7826676653004727,-0.34932359918387046,0.6572123912097525,-0.19379456778184626,-1.2408812015921484,1.2035094366430976,0.7853966046998287,0.21617023603436616,0.07051917129377207,0.7623639443830171,-0.6915621363709218,-0.9763996560864121,0.7502528589725772
-0.7139977583526324,0.5781078905989732,0.01052638324938819,0.1991991195200495,-0.34932359918387046,0.6572123912097525,-0.19379456778184626,-1.2408812015921484,1.2035094366430976,0.7853966046998287,0.26152379025403255,0.24063809137335757,1.5406736089319686,-0.8053161870738779,-0.906034940731373,1.5463372447854444
-0.7383378559894076,0.9273186742384055,0.13835446291375939,1.1758747287611924,-0.34932359918387046,0.6572123912097525,-0.19379456778184626,-1.2408812015921484,1.2035094366430976,0.7853966046998287,0.28679790082266704,0.2900344312493721,0.5929846920410814,-0.7131753294046382,-0.4486019507262036,0.3847470921079836
-1.4688516261806124,1.1368451444220646,0.8733659209838932,1.188558827582506,-0.34932359918387046,0.6572123912097525,-0.19379456778184626,-1.2408812015921484,1.2035094366430976,0.7853966046998287,0.20050718336449233,0.3869679715717268,34.10144537492413,-0.7375103702168264,-0.9928976876808295,2.59885713166282
-0.958983586464864,0.5315464527803823,2.0078401280051863,1.2646634205103875,-0.34932359918387046,0.6572123912097525,-0.19379456778184626,-1.2408812015921484,1.2035094366430976,0.7853966046998287,0.0021552850689499476,0.25740562005345907,6.32590237726265,-1.4678723710910209,-0.846375189008732,3.546240980280814
0.9818570898902261,1.509336646970793,2.21556075745979,1.23929522286776,-0.34932359918387046,0.6572123912097525,-0.19379456778184626,-1.172498908188097,1.2035094366430976,0.7853966046998287,0.07954739456423345,0.2114533444052545,0.66358589814677,-0.9581102600070254,-0.22303610370573176,-0.3935367354848945
0.22573322461228373,1.4860559280614971,0.3141180724522698,0.8080358629430997,-0.34932359918387046,0.6572123912097525,-0.19379456778184626,-1.172498908188097,1.2035094366430976,0.7853966046998287,0.48196814571142504,0.21629341903867721,0.07397136615353354,0.9823271931975972,-0.6956855863500772,-1.4876228291706548
0.3832081655259959,0.32201998259672276,0.8573874110258466,1.188558827582506,-0.34932359918387046,0.6572123912097525,-0.19379456778184626,-1.172498908188097,1.2035094366430976,0.7853966046998287,0.2988383398081063,0.26164868530604923,0.5661129121859243,0.22636041791205624,-0.8097111090441618,-0.5715995096962274
2.2219853381115375,1.1135644255127697,2.6310020163689947,1.1124542346546247,-0.34932359918387046,0.6572123912097525,-0.19379456778184626,-1.172498908188097,1.2035094366430976,0.7853966046998287,0.3586804703427491,0.28692374994507036,0.8135224568563599,0.3838026423114411,-0.7173503588793039,1.3285467865803442
3.1858688925169445,2.580249716798386,2.8387226458235983,0.9729291476201759,-0.34932359918387046,0.6572123912097525,-0.19379456778184626,-1.172498908188097,1.3911391244573632,0.06946707239107,0.6419638220752233,0.20062977510547578,0.8542510656735837,2.222197796149349,-0.7417434748276533,1.595048445944109
1.915001306419792,2.5104075600704996,2.551109466578763,1.1124542346546247,-0.34932359918387046,0.6572123912097525,-0.19379456778184626,-1.172498908188097,1.3911391244573632,0.06946707239107,9.211639129941528,0.002270389239924216,0.23502684764446896,3.1858810970418188,-1.473848471449222,-0.7244092787405886
1.355529304253458,3.1622676895307733,2.5031739367046244,-0.029114659263594134,-0.34932359918387046,0.6572123912097525,-0.19379456778184626,-1.172498908188097,1.3911391244573632,0.06946707239107,0.4250582825879037,0.07966542020378443,0.31249740306546325,1.915277542525484,-0.9628698222776366,-1.1509392861252288
1.2045685272204953,1.742143836063748,0.6816238014873367,0.9095086535136082,-0.34932359918387046,0.6572123912097525,-0.19379456778184626,-1.1041166147840455,1.3911391244573632,0.06946707239107,0.5874119298570979,0.48210136229985656,1.2523122254119312,1.3559217745591337,0.9821984499248707,0.3299531380350143
0.44167401768050535,1.509336646970793,0.6336882716131975,0.1104104277708548,-0.34932359918387046,0.6572123912097525,-0.19379456778184626,-1.1041166147840455,1.3911391244573632,0.06946707239107,0.445752002568756,0.29896464344408186,0.8403390248933494,1.2049923606776414,0.22442757355945192,0.9520361110116536
-0.8243040235087842,0.391862139324609,-0.500785935408096,0.6177743806233965,0.022307745407095292,0.6572123912097525,-0.19379456778184626,-1.1041166147840455,1.3911391244573632,0.06946707239107,0.31654667189845553,0.35880903295454347,0.2550777189558135,0.4422563477784931,0.38224553098883673,-0.0765913577232436
-0.40136678022872035,-0.4229630225007333,0.2821610525361772,0.8334040605857267,0.1152155815548367,0.6572123912097525,-0.19379456778184626,-1.1041166147840455,1.3911391244573632,0.06946707239107,-0.005852796955300457,0.6421030783276975,0.12204109071306196,-0.8234586776669437,2.225027981716914,-0.037752882009742195
-0.19987936807900697,-0.05047151995200508,1.033151020564357,-0.5618468097587631,-0.34932359918387046,0.6572123912097525,-0.19379456778184626,-1.1041166147840455,1.3911391244573632,0.06946707239107,0.20167761886303834,9.212101882184589,0.5089836109001092,-0.4006093025410067,3.1910110954326965,1.4773451006545155
-0.9606567287531402,0.5548271716896778,0.6976023114453828,0.6811948747299643,-0.34932359918387046,0.6572123912097525,-0.19379456778184626,-1.1041166147840455,1.3911391244573632,0.06946707239107,0.23020537796837728,0.42518935089044524,0.5412545673963621,-0.19916375080265852,1.917375268441247,1.5571756773797163
-1.3153424629977282,0.6479500473268598,0.5378172118649189,-0.5745309085800766,-0.34932359918387046,0.6572123912097525,-0.19379456778184626,-1.1041166147840455,1.3911391244573632,0.06946707239107,0.1397675472780201,0.5875491268345381,0.23752692536709216,-0.9597830546883533,1.3566846080192818,-0.21075325250505747
-1.2259555841624175,1.0204415498755877,0.2342255226620379,0.5036174912315748,-0.30286968110999973,0.6572123912097525,5.1601033581379605,-1.035734321379994,1.3911391244573632,0.06946707239107,-0.01810085593541497,0.44588385203688485,-0.2479100731012845,-1.3143951005045553,1.205395003812671,-1.7887227412318425
-0.7248432665958832,0.9971608309662923,-0.1812157362471683,-0.48574221683088165,-0.34932359918387046,0.6572123912097525,-0.19379456778184626,-1.035734321379994,1.3911391244573632,0.06946707239107,0.03601605743940531,0.3166736440048486,0.07427290427583762,-1.225026792415073,0.44083873517012273,-1.852985433866405
-0.3852661604459395,0.08921279350376782,-0.2770867959954463,0.05967403248560058,-0.34932359918387046,0.6572123912097525,-0.19379456778184626,-1.035734321379994,1.3911391244573632,0.06946707239107,0.0016988763753275253,-0.005737995080776644,0.16026554373889695,-0.7240185844181132,-0.8278968963639366,-0.44694168866780626
-0.5278984394072086,0.13577423132235864,0.07444042308157406,0.7572994676578457,-0.30286968110999973,0.6572123912097525,-0.19379456778184626,-1.035734321379994,1.3911391244573632,0.06946707239107,0.34686934540178554,0.20180025478669822,-0.14756473615762183,-0.3845120277739772,-0.40403839882782183,-0.912378292187254
-0.6451318638802955,0.04265135568517658,0.2981395624942232,0.5163015900528881,-0.34932359918387046,0.6572123912097525,-0.19379456778184626,-1.035734321379994,1.3911391244573632,0.06946707239107,0.38154402621695055,0.23032909078414326,0.07080941008184018,-0.527114673887181,-0.20211210091211623,-0.9855520102014721
-1.0872883532580535,0.15905495023165406,0.8414089010678006,0.693878973551278,-0.34932359918387046,0.6572123912097525,-0.19379456778184626,-1.035734321379994,1.3911391244573632,0.06946707239107,0.19718604137241053,0.1398878461633191,0.24089331878285708,-0.6443237423008903,-0.9645466090533127,-0.9154473539493174
-1.0471880287200834,0.624669328417564,0.8414089010678006,0.5797220841594558,-0.34932359918387046,0.6572123912097525,-0.19379456778184626,-1.035734321379994,1.3911391244573632,0.06946707239107,0.14108490253643655,-0.01798651641189399,0.29027949262939945,-1.086388370592461,-1.3200049301235468,-0.4597049785143937
0.1411107516083287,1.1601258633313605,1.2568501599770063,0.5416697876955151,-0.34932359918387046,0.6572123912097525,-0.19379456778184626,-0.9673520279759426,1.3911391244573632,0.06946707239107,0.20746998385966894,0.03613243981797863,0.3871930835135927,-1.0462963771758405,-1.2304233461780323,-1.00198906715435
0.23862802204725625,1.2532487389685423,0.4898816819907797,-0.2447443392259245,-0.34932359918387046,0.6572123912097525,-0.19379456778184626,-0.9673520279759426,1.3911391244573632,0.06946707239107,0.2623150601561592,0.0018139633173663732,0.2576573966163743,0.14175552581547846,-0.7282194911253752,-0.8560080971357086
0.28995802814499655,1.8119859927916346,0.4898816819907797,-0.44768992036694116,-0.34932359918387046,0.6572123912097525,-0.19379456778184626,-0.9673520279759426,1.3911391244573632,0.06946707239107,0.28133979500442,0.3469974621563654,0.21171457819090578,0.23925253636316898,-0.38790270820477896,-0.23497279438194027
0.3036105919412326,1.5558980847893837,0.6336882716131975,-0.2701125368685515,-0.34932359918387046,0.6572123912097525,-0.19379456778184626,-0.9673520279759426,1.3911391244573632,0.06946707239107,0.38528527317627626,0.3816734519032945,0.21655365671122592,0.290571878295105,-0.5308456729619458,-0.705875424220657
0.6045452620364027,1.6723016793358612,1.3207641998091921,0.08504223012822781,-0.34932359918387046,0.6572123912097525,-0.19379456778184626,-0.9673520279759426,1.3911391244573632,0.06946707239107,0.2951825241615228,0.19730850774386946,0.2618995886235678,0.3042216056762489,-0.6483344587042595,-0.8194795229810539
-0.7933632956322679,1.951670306247407,1.7521839686764444,-0.1305874498341026,0.06876166348096599,0.6572123912097525,-0.19379456778184626,-0.9673520279759426,1.3911391244573632,0.06946707239107,0.2630082829188356,0.14120525115047428,0.28716945151985507,0.6050937545004877,-1.0914540662612555,-0.7274601264862621
-1.1524226953264465,1.1601258633313605,1.4326137695155168,0.2879878112692442,0.1152155815548367,0.6572123912097525,-0.19379456778184626,-0.9673520279759426,1.3911391244573632,0.06946707239107,0.16932518913152955,0.20759283843885365,0.20089323643925658,-0.792524377941859,-1.0512663940251656,-0.7517630885582252
-0.9074635003121357,0.7643536418733372,-0.21317275616326095,-0.1305874498341026,-0.30286968110999973,0.6572123912097525,-0.19379456778184626,-0.8989697345718911,1.3911391244573632,0.06946707239107,0.16095933069336096,0.2624399850777604,0.0025746739903357006,-1.1515091805482325,0.13962077341322907,-1.4811623175563784
-0.8157985795125908,0.18233566914094987,-0.005452126708657854,0.16114682305610903,-0.34932359918387046,0.6572123912097525,-0.19379456778184626,-0.8989697345718911,1.3911391244573632,0.06946707239107,0.027025079837766988,0.28146543808922164,0.07995377664518047,-0.9066008775105548,0.23735045881881597,-0.9720721809500196
-0.48982295998479103,-0.09703295777059631,0.2182470127039913,0.4021447006610664,-0.34932359918387046,0.6572123912097525,-0.19379456778184626,-0.8989697345718911,1.3911391244573632,0.06946707239107,0.1434998492449532,0.3854148400906537,0.482306895283922,-0.8149550007359022,0.28879227343503505,0.965807364525386
-0.44490678760442554,0.01937063677588116,1.208914630102867,0.4021447006610664,-0.34932359918387046,0.6572123912097525,-0.19379456778184626,-0.8989697345718911,1.3911391244573632,0.06946707239107,0.2852789553837932,0.2953086897944047,0.2992078669389422,-0.48904710491045617,0.3024745756444828,0.2108371136340432
-0.675109787025291,0.717792204054746,1.3047856898511454,-1.2341040472883809,-0.34932359918387046,0.6572123912097525,-0.19379456778184626,-0.8989697345718911,1.3911391244573632,0.06946707239107,0.24180691854839614,0.2631332340088477,0.35903994015574653,-0.44414026417732727,0.6040647504274604,0.36807179582070115
-1.3687108131784547,-0.5626473359565062,-0.7564420947368381,-0.40963762390300046,0.06876166348096599,0.6572123912097525,-0.19379456778184626,-0.8989697345718911,1.3911391244573632,0.06946707239107,0.05521249672375558,0.1694466037858965,0.6422756821075989,-0.6742954373238341,-0.7968887724902731,2.2040435553020474
-1.3791320160398315,-0.49280517922861955,-0.2930653059534929,-0.840896983827661,0.16166949962870744,0.6572123912097525,-0.19379456778184626,-0.8989697345718911,1.3911391244573632,0.06946707239107,0.06418276756549982,0.1610804295456041,9.210510734629166,-1.3677523630393162,-1.156730285855922,3.1664565174058077
-0.23371945525883053,0.34530070150601816,-0.516764445366142,-1.0184743673260506,-0.30286968110999973,0.6572123912097525,-0.19379456778184626,-0.8305874411678396,1.2035094366430978,-0.6464624599176886,0.13451502790536943,0.027141122816642996,0.4254065966691583,-1.3781714008233117,-0.911237513568502,1.8975278876068353
-0.3716442429541539,-0.9584195574145294,0.8893444309419393,0.24993551480530396,-0.34932359918387046,0.6572123912097525,-0.19379456778184626,-0.8305874411678396,1.2035094366430978,-0.6464624599176886,0.4162202146722595,0.14362028902062185,0.5877329581078143,-0.23299680746898813,-0.819372925561212,1.3389094690664611
-0.35255925685691725,-0.49280517922861955,0.6976023114453828,-0.47305811800956815,-0.34932359918387046,0.6572123912097525,-0.19379456778184626,-0.8305874411678396,1.2035094366430978,-0.6464624599176886,0.32520590239341624,0.2854047471676462,0.4460968387771935,-0.37089294033030085,-0.49268725641817895,1.1881790121334115
-0.45653231726335936,0.41514285823390484,0.25020403262008395,-0.09253515337016185,-0.34932359918387046,0.6572123912097525,-0.19379456778184626,-0.8305874411678396,1.2035094366430978,-0.6464624599176886,0.2757222543412775,0.24193106930979336,0.31691322289320417,-0.3518119192716758,-0.44767324631926686,0.426448446917993
-0.6228326641852164,0.6712307662361552,1.3047856898511454,0.08504223012822781,-0.34932359918387046,-1.5215781281288188,-0.19379456778184626,-0.8305874411678396,1.2035094366430978,-0.6464624599176886,0.3050672575507663,0.05532960374718637,-0.005432062162277544,-0.4557633785516104,-0.6783776806370154,-0.837598097927244
-1.2981520752221214,1.1601258633313605,-0.037409146624750506,-0.282796635689865,-0.34932359918387046,-1.5215781281288188,-0.19379456778184626,-0.8305874411678396,1.2035094366430978,-0.6464624599176886,0.16608882468463057,0.06430021320697009,0.20206347522953513,-0.622029175419655,-1.3734895288033677,-0.41530612787671556
-1.928533423661197,-0.46952446031932416,0.9852154906902179,0.16114682305610903,-0.34932359918387046,-1.5215781281288188,-0.19379456778184626,-0.8305874411678396,1.2035094366430978,-0.6464624599176886,0.20225283696030485,0.134635128513733,0.23058643984079483,-1.2972082841515804,-1.3839334314331897,-0.21412612406054182
-0.837436694640214,0.2288971069595407,0.441946152116641,-0.7140559956145256,-0.34932359918387046,-1.5215781281288188,-0.19379456778184626,-0.7622051477637881,1.2035094366430978,-0.6464624599176886,0.07666333278984801,0.41635094934727934,0.14016380850914595,-1.9274586664807585,-0.23602589955820313,-0.9737427705335033
-0.5853048050363907,-0.09703295777059631,-0.6445925250305132,-0.09253515337016185,0.022307745407095292,-1.5215781281288188,-0.19379456778184626,-0.7622051477637881,1.2035094366430978,-0.6464624599176886,0.27744544707799723,0.32533320137641153,-0.017678062682558397,-0.8365886203945988,-0.37425111905445707,-1.3278873625333667
0.06118190606592122,-0.1901558334077784,-0.7244850748207451,-1.2467881461096946,-0.024146172666775465,-1.5215781281288188,-0.19379456778184626,-0.7622051477637881,1.2035094366430978,-0.6464624599176886,0.22560847734962328,0.27584768536998405,0.03642975557827813,-0.5845091129446008,-0.35512456148308774,-1.2386368608105014
-0.2283797015450899,-0.05047151995200508,-0.48480742545004935,-0.029114659263594134,-0.34932359918387046,-1.5215781281288188,-0.19379456778184626,-0.7622051477637881,1.2035094366430978,-0.6464624599176886,0.34409800403874147,0.30519379632166155,0.002118342002660325,0.06184328604669552,-0.45932409904645083,-0.738289087792015
-0.37736744031049557,-1.121384589779598,0.7295593313614754,0.08504223012822781,-0.30286968110999973,-1.5215781281288188,-0.19379456778184626,-0.7622051477637881,1.2035094366430978,-0.6464624599176886,0.38233436352795225,0.1662101171697338,0.34723080024166125,-0.2276581631262234,-0.6259866862411114,-0.39923007272873534
-1.0256984022342668,-0.2367172712263692,0.058461913123527456,-0.5872150074013901,-0.34932359918387046,-1.5215781281288188,-0.19379456778184626,-0.7622051477637881,1.2035094366430978,-0.6464624599176886,0.3963159389060152,0.20237549459782683,0.3818996534854683,-0.3766149486525827,-1.3027770977432072,-0.5416447383378021
-1.557160411805752,0.0659320745944724,0.3460750923683625,-0.029114659263594134,-0.34932359918387046,-1.5215781281288188,-0.19379456778184626,-0.7622051477637881,1.2035094366430978,-0.6464624599176886,0.3484216813216019,0.07678124955918081,0.1975726526121382,-1.024811215309402,-1.9345315612470164,-0.6586993003635139
-0.4250746154176964,0.32201998259672276,1.129022080312635,-0.47305811800956815,-0.34932359918387046,-1.5215781281288188,-0.19379456778184626,-0.6938228543597367,1.2035094366430978,-0.6464624599176886,0.26675179718533487,0.2775709431553691,0.14148094236734787,-1.556162809951695,-0.8410581734631911,-1.1001811938044184
-0.3376655177303936,1.2998101767871337,1.5923988690959805,-0.029114659263594134,-0.34932359918387046,-1.5215781281288188,-0.19379456778184626,-0.6938228543597367,1.2035094366430978,-0.6464624599176886,0.27727859878496086,0.22573201663735395,0.2078548667371658,-0.424312212262317,-0.5883770828134106,-1.0601420501303498
-0.19988447579641927,2.463846122251909,1.5444633392218412,-0.2320602404046108,-0.34932359918387046,-1.5215781281288188,-0.19379456778184626,-0.6938228543597367,1.2035094366430978,-0.6464624599176886,0.17733840914530336,0.34422601617817694,0.26269072554157724,-0.3369212744230525,0.059517824524977385,0.12634374871246712
-0.6319291440529726,0.391862139324609,-0.42089338561786405,-0.2320602404046108,-0.34932359918387046,-1.5215781281288188,-0.19379456778184626,-0.6938228543597367,1.2035094366430978,-0.6464624599176886,0.17813159318276556,0.3824638190486764,0.2817122630136175,-0.199168857458907,-0.23067451463696492,0.22371223754128253
-1.7550913932912455,-0.6790509305029837,0.2821610525361772,-0.07985105454884836,-0.34932359918387046,-1.5215781281288188,5.1601033581379605,-0.6938228543597367,1.2035094366430978,-0.6464624599176886,0.061650656511429876,0.3964459222161146,0.38564027167523907,-0.631123765430446,-0.3799867828464379,0.27496392970632233
-1.7779334703794665,-0.30655942795425584,1.576420359137934,-0.09253515337016185,-0.34932359918387046,-1.5215781281288188,5.1601033581379605,-0.6938228543597367,1.2035094366430978,-0.6464624599176886,0.010627212356380545,0.3485498566751867,0.29555266570397115,-1.7540526698990315,-1.0297299582072894,0.2885956638544907
-1.8394956937944646,0.7643536418733372,1.0651080404804498,-0.9043174779342287,-0.34932359918387046,-1.5215781281288188,5.1601033581379605,-0.6938228543597367,1.2035094366430978,-0.6464624599176886,-0.0752908045075606,0.26687688958896877,0.2633838317983473,-1.776890001386854,-1.5623496138504471,0.5890711994337561
-1.442856263266496,0.5082657338710865,-0.4368718955759101,-1.094578960253932,-0.16350792688838758,-1.5215781281288188,5.1601033581379605,-0.6254405609556851,1.2035094366430978,-0.6464624599176886,0.02537293483789217,0.27740408856398985,0.16971648278218965,-1.8384394348217277,-0.42779787511584183,-0.806704576163971
-0.4217232231237433,-0.09703295777059631,-0.2930653059534929,-0.840896983827661,-0.34932359918387046,-1.5215781281288188,-0.19379456778184626,-0.6254405609556851,1.2035094366430978,-0.6464624599176886,0.1399883910130336,0.1774601262900743,0.1613520303450533,-1.4418824088943665,-0.34019838037899697,-1.1652161607339981
-0.4929871909194209,0.717792204054746,0.457924662074687,-0.815528786185034,-0.34932359918387046,0.6572123912097525,-0.19379456778184626,-0.6254405609556851,1.2035094366430978,-0.6464624599176886,0.09821445227223799,0.17825334026937756,0.027440289037803735,-0.42096151624342437,-0.20211721975530778,-0.9206306987341777
-1.5985719603698987,-0.30655942795425584,0.18628999278789862,-0.5111104144735089,-0.34932359918387046,0.6572123912097525,5.1601033581379605,-0.6254405609556851,1.2035094366430978,-0.6464624599176886,0.07625619888497132,0.06176800656844166,0.14389548320985684,-0.4922106784540998,-0.6351029803269966,-0.8291056306442706
-0.9335380328460869,0.08921279350376782,-0.7244850748207451,-0.98042207086211,0.34748517192419026,0.6572123912097525,-0.19379456778184626,-0.6254405609556851,1.2035094366430978,-0.6464624599176886,-0.10784344504511056,0.010742636333463161,0.2856507613612816,-1.59756575497858,-1.7607117343807872,-0.5036273504832552
-1.068648833086236,-0.6557702115936883,-0.6605710349885598,-0.7774764897210933,-0.34932359918387046,0.6572123912097525,-0.19379456778184626,-0.6254405609556851,1.2035094366430978,-0.6464624599176886,-0.1207098227239282,-0.07517862384285284,0.24218603061755659,-0.9326699928790049,-1.7836035667484709,-0.4587797064816759
-1.3836855461096005,0.2056163880502453,-0.46882891549200334,-1.1960517508244402,-0.34932359918387046,0.6572123912097525,-0.19379456778184626,-0.6254405609556851,1.2035094366430978,-0.6464624599176886,0.021894525367446772,0.025488915450078177,0.055622968629044756,-1.0677527229106105,-1.8452998867965609,-0.6886314863416131
-0.12499110994497452,-0.0039100821334142515,-0.3569793457856782,-0.7901605885424068,-0.34932359918387046,0.6572123912097525,-0.19379456778184626,-0.5570582675516337,1.2035094366430978,-0.6464624599176886,0.0707170032772112,0.14010869823494515,0.06459173188968942,-1.3827239848655355,-1.447796484676359,-1.381174288890055
-0.6935475523594677,-0.842015962868052,0.441946152116641,-0.37158532743906,-0.34932359918387046,0.6572123912097525,-0.19379456778184626,-0.5570582675516337,1.2035094366430978,-0.6464624599176886,0.33765093322019823,0.0983331825730635,0.13491217189678992,-0.12429105122515557,-0.4244391827213098,-1.3915795921745258
-0.6244631205494335,0.950599393147701,0.3940106222425017,-0.8662651814702881,-0.34932359918387046,0.6572123912097525,-0.19379456778184626,-0.5570582675516337,0.6908955965262368,-1.1705592522067243,0.15405170291122144,0.07637410028543877,0.416570014116039,-0.6927293720840146,-0.4958583797730484,-0.24791458158918372
-0.5160324821931107,1.2998101767871337,-0.021430636666704465,-1.0692107626113045,0.4868469261458025,0.6572123912097525,-0.19379456778184626,-0.5570582675516337,0.6908955965262368,-1.1705592522067243,0.10534288448627743,-0.1077324932074375,0.3255709980818022,-0.6236592930452214,-1.6038513662591842,-0.3856289381281045
-0.6653394532965498,0.0659320745944724,0.058461913123527456,-0.7140559956145256,-0.30286968110999973,0.6572123912097525,-0.19379456778184626,-0.5570582675516337,0.6908955965262368,-1.1705592522067243,0.20464425322331334,-0.12059935657812128,0.27609566645776884,-0.5152511819082308,-0.9373688424107782,-0.3665730698983772
-1.1969827868360436,0.34530070150601816,-0.6286140150724672,-0.815528786185034,-0.30286968110999973,0.6572123912097525,-0.19379456778184626,-0.5570582675516337,0.6908955965262368,-1.1705592522067243,0.18616367673009265,0.022010374673430755,0.3054357378237285,-0.6645271334498848,-1.072773944942195,-0.4703874991283525
-1.1127375552464074,-0.05047151995200508,-0.6445925250305132,-1.031158466147364,0.1152155815548367,0.6572123912097525,-0.19379456778184626,-0.5570582675516337,0.6908955965262368,-1.1705592522067243,0.2030954361981986,0.07083469557902487,0.16648066225218655,-1.1960600143888709,-1.3884968801351516,-0.6364341224454996
0.11054471128742877,0.04265135568517658,-0.5806784851983279,-0.7774764897210933,-0.30286968110999973,0.6572123912097525,-0.19379456778184626,-0.4886759741475822,0.6908955965262368,-1.1705592522067243,0.23902585997194076,0.3377787019896709,0.2026385966532511,-1.1118322853320841,-0.12706071898695306,-1.3107232020461181
-0.27012981880603826,-0.9584195574145294,-0.2611082860374002,-0.37158532743906,-0.34932359918387046,0.6572123912097525,-0.19379456778184626,-0.4886759741475822,0.6908955965262368,-1.1705592522067243,0.27265323852313395,0.15417254100797365,0.07707019957823562,0.11119583580206417,-0.6968556076501553,-1.9401427808254887
-0.08892223379022281,-0.28327870904496005,-0.46882891549200334,-0.9296856755768558,0.8584782707367681,0.6572123912097525,-0.19379456778184626,-0.4886759741475822,0.6908955965262368,-1.1705592522067243,0.13729156568066303,0.10546188387772278,0.27781856958753615,-0.2693996065099084,-0.6276206941130018,-0.8507107326082358
0.14468250542477384,-0.4229630225007333,-0.6605710349885598,-1.1833676520031269,-0.2099618449622583,0.6572123912097525,-0.19379456778184626,-0.4886759741475822,0.6908955965262368,-1.1705592522067243,0.28807801500123176,0.20476700113421736,0.2259903117963155,-0.08822966863031022,-0.518953868973275,-0.5989635193630414
0.2794915855008603,-0.30655942795425584,-0.9801412341494875,-1.5004701225359653,1.3230174514754753,0.6572123912097525,-0.19379456778184626,-0.4886759741475822,0.6908955965262368,-1.1705592522067243,0.28122965818536605,0.1862857270191867,0.34445992464179565,0.1453265375752241,-0.6685860648819838,0.04653685020857578
-0.49864179892769767,-0.30655942795425584,-0.6286140150724672,-0.8789492802916016,1.5552870418448286,0.6572123912097525,-0.19379456778184626,-0.4886759741475822,0.6908955965262368,-1.1705592522067243,0.12495064498082077,0.2032181256429321,0.3826898579690879,0.2801076101272298,-1.2013874394583133,-0.24258297471088627
-0.7007508932534243,0.15905495023165406,-0.42089338561786405,-1.0184743673260506,-0.34932359918387046,0.6572123912097525,-0.19379456778184626,-0.4886759741475822,0.6908955965262368,-1.1705592522067243,0.07844646471637341,0.2391499057513793,0.39666908354532726,-0.49786411167823097,-1.1169587024446759,-0.3913434036309618
-0.030784370060734617,0.27545854477813153,-0.3569793457856782,-0.8028446873637203,-0.34932359918387046,0.6572123912097525,-0.19379456778184626,-0.4202936807435307,0.6908955965262368,-1.1705592522067243,0.08104550632941922,0.2727785536998068,0.3487828752694338,-0.6999312164337961,0.10898815325055905,-1.0386852102598154
0.21779400757452713,-0.05047151995200508,-0.021430636666704465,-0.7140559956145256,-0.34932359918387046,0.6572123912097525,-0.19379456778184626,-0.4202936807435307,0.6908955965262368,-1.1705592522067243,0.0031158610050422623,0.13741177110032993,0.2671267169142385,-0.030103883446402843,-0.27251557322272774,-1.5693363709104728
0.45562866647776434,0.11249351241306323,-0.7244850748207451,-0.840896983827661,-0.34932359918387046,0.6572123912097525,-0.19379456778184626,-0.4202936807435307,0.6908955965262368,-1.1705592522067243,0.09969150003710149,0.2882039124465633,0.27765174933571923,0.21842285030186223,-0.09091327655269654,-0.43897779214052307
0.5376958214295885,-0.2367172712263692,-0.6765495449466058,-0.6125832050440171,-0.34932359918387046,0.6572123912097525,-0.19379456778184626,-0.4202936807435307,0.6908955965262368,-1.1705592522067243,0.18221210850915204,0.28135529711262164,0.17772835606081436,0.4562080974003997,0.14320030732815747,-0.3517020540748938
0.5044777812627554,-1.167946027598189,-0.2770867959954463,-0.4984263156521954,-0.34932359918387046,0.6572123912097525,-0.19379456778184626,-0.4202936807435307,0.6908955965262368,-1.1705592522067243,0.1692354603468858,0.12507038454405517,0.17852140679246178,0.538258202329946,0.2783030324798377,-0.21413122398513532
-0.5129507044109386,-1.2377881843260754,0.18628999278789862,-0.5111104144735089,-0.34932359918387046,0.6572123912097525,-0.19379456778184626,-0.4202936807435307,0.6908955965262368,-1.1705592522067243,0.15277183553178086,0.07856444879701127,0.062060046392755315,0.5050470634420132,-0.5015253048136431,-0.6455167238595728
-1.1649716273254669,-0.6092087737750971,0.2342255226620379,-0.5872150074013901,-0.30286968110999973,0.6572123912097525,-0.19379456778184626,-0.4202936807435307,0.6908955965262368,-1.1705592522067243,0.07391138887075338,0.0811635885210719,0.01104517745036122,-0.512170044386829,-0.7040746390716353,-1.766965370090843
-0.0939146627201715,0.11249351241306323,-0.11730169641498242,-1.4624178260720246,-0.256415763036129,0.6572123912097525,-0.19379456778184626,-0.35191138733947924,0.6908955965262368,-1.1705592522067243,-0.0034662848898049585,0.0032310014367210285,-0.07485839967361871,-1.164055505419343,-0.03264877523039879,-1.7897725971366847
0.12742097444240924,-0.09703295777059631,0.01052638324938819,-0.98042207086211,-0.256415763036129,0.6572123912097525,-0.19379456778184626,-0.35191138733947924,0.6908955965262368,-1.1705592522067243,0.12654497973122092,0.09981028609488542,0.025788421704302594,-0.09322106034842274,0.21647106308726277,-1.8512408953763724
0.14557672080823078,-0.1901558334077784,0.3141180724522698,-0.5491627109374494,-0.34932359918387046,0.6572123912097525,-0.19379456778184626,-0.35191138733947924,0.6908955965262368,-1.1705592522067243,0.21204980416853358,0.18233400963081206,0.14038461512824105,0.12806859279598756,0.45482378039096566,-1.4552066156370007
-0.06584483686424485,-0.3764015846821421,0.15433297287180597,-0.5618468097587631,-0.34932359918387046,0.6572123912097525,-0.19379456778184626,-0.35191138733947924,0.6908955965262368,-1.1705592522067243,0.29849408196563953,0.169356871614088,0.09861769708967519,0.1462205671792152,0.5370696964166433,-0.43563151304897363
-0.0799527171837644,0.5315464527803823,-0.021430636666704465,-1.2975245413949485,-0.34932359918387046,0.6572123912097525,-0.19379456778184626,-0.35191138733947924,0.6908955965262368,-1.1705592522067243,0.08874509243018905,0.15289262531492132,0.07666313409797963,-0.06515706619406365,0.5037792997445187,-0.5067867537666281
-1.0996585151477658,0.5082657338710865,-0.08534467649888977,-0.7013718967932121,0.022307745407095292,0.6572123912097525,-0.19379456778184626,-0.35191138733947924,0.6908955965262368,-1.1705592522067243,0.11284065530471604,0.07402920175717438,-0.10740556927874298,-0.07926201550331628,-0.5158653783727282,-1.6106847380828015
-1.0118437187634362,-0.46952446031932416,-0.83633464452707,-0.7647923908997798,1.183655697253863,0.6572123912097525,-0.19379456778184626,-0.35191138733947924,0.6908955965262368,-1.1705592522067243,-0.018954855457553467,-0.003351392927027281,-0.12026978458050971,-1.0987559624949972,-1.1693065523051396,-0.9466654494846986
0.744909349631302,-0.8652966817773476,-1.01209825406558,-0.9423697743981694,1.5552870418448286,0.6572123912097525,-0.19379456778184626,-0.28352909393542775,0.6908955965262368,-1.1705592522067243,-0.09795087233175981,0.12666477947887084,0.022310596829848418,-1.0109594102454318,-0.09591658013715444,-1.0815701118549832
1.005429205730911,-0.7721738061401657,-0.7404635847787917,-1.4370496284293977,-0.30286968110999973,0.6572123912097525,-0.19379456778184626,-0.28352909393542775,0.6908955965262368,-1.1705592522067243,0.08282700074818035,0.21217283163099035,0.07112486943051691,0.7454286804798552,0.12590117677484913,-1.3961261749463194
1.1879815797730267,-0.6557702115936883,-1.5553675926391572,-0.8535810826489745,-0.07060009074064617,0.6572123912097525,-0.19379456778184626,-0.28352909393542775,0.6908955965262368,-1.1705592522067243,0.024522846790906626,0.2986203726062532,0.33801393734484114,1.005894411767255,0.14409647051768004,-0.13935212256611307
1.3744603291545168,-1.121384589779598,-1.1239478237719047,-1.1199471578965592,0.9978400249583802,0.6572123912097525,-0.19379456778184626,-0.28352909393542775,0.6908955965262368,-1.1705592522067243,0.06294754004390271,0.08886346527290415,0.1544455634876251,1.188408859283879,-0.06778561176671231,-0.7070411212697505
1.010499344932873,-0.7023316494122791,-0.9641627241914409,-1.1326312567178725,-0.024146172666775465,0.6572123912097525,-0.19379456778184626,-0.28352909393542775,0.6908955965262368,-1.1705592522067243,0.1774100317339946,0.11295993772891479,0.10574493126969034,1.3748488664080902,-0.08192422228319304,-0.6380620912306244
0.04618382356948062,0.04265135568517658,-0.9162271943173019,-1.1199471578965592,0.2081234177025781,0.6572123912097525,-0.19379456778184626,-0.28352909393542775,-0.009347931404889483,-1.3623919922264476,0.18269231769100194,-0.01884054817159242,0.20502961100487666,1.0109634976125312,-1.1038511731988914,-0.5297968849550759
-0.14108735168426564,-0.12031367667989173,-0.9322057042753482,-1.005790268504737,-0.34932359918387046,0.6572123912097525,-0.19379456778184626,-0.28352909393542775,-0.009347931404889483,-1.3623919922264476,0.2782886674336573,-0.09783954706014737,0.18655214043435572,0.046848319506216096,-1.0158450960602685,-0.6788760591620088
1.1249640217335335,-0.7721738061401657,-1.3316684532265077,-1.37362913432283,3.2276280925041747,0.6572123912097525,-0.19379456778184626,-0.21514680053137628,-0.009347931404889483,-1.3623919922264476,0.24533213283763708,0.08294515018932394,0.20348105428040555,-0.14038394885826433,0.7447345831775762,-1.2097082671356068
1.1768639031592893,-0.7256123683215745,-1.1878618636040903,-0.8535810826489745,0.39393908999806104,0.6572123912097525,-0.19379456778184626,-0.21514680053137628,-0.009347931404889483,-1.3623919922264476,0.2972040034312627,0.024638795313186662,0.2394054394373951,1.1254043935804015,1.0058219112367512,-1.1255915680730169
1.3005939793391637,-0.6790509305029837,-1.171883353646044,-1.1326312567178725,-0.34932359918387046,0.6572123912097525,-0.19379456778184626,-0.21514680053137628,-0.009347931404889483,-1.3623919922264476,0.5518338455683817,0.06306493905686766,0.2730271664312132,1.1772934924447898,1.1887719261918168,0.09582434284588719
1.0909557447161948,-0.30655942795425584,-0.8842701744012089,-0.8535810826489745,-0.34932359918387046,0.6572123912097525,-0.19379456778184626,-0.21514680053137628,-0.009347931404889483,-1.3623919922264476,0.6042181396119464,0.17753175158244094,0.1376882430355743,1.3009978628407053,1.375656869031699,-0.28426939402745516
0.8743640825153409,0.04265135568517658,-0.5966569951563739,-0.840896983827661,-0.34932359918387046,0.6572123912097525,-0.19379456778184626,-0.21514680053137628,-0.009347931404889483,-1.3623919922264476,0.6538099323027203,0.18281423694004012,0.2884493505570963,1.0914031820191656,1.0109030943640065,-0.10333827651469675
-0.20262075297959847,-1.121384589779598,-0.2611082860374002,-0.6760036991505848,-0.34932359918387046,0.6572123912097525,-0.19379456778184626,-0.21514680053137628,-0.009347931404889483,-1.3623919922264476,0.4762098882991287,0.27841419534168727,0.28160214470461625,0.8748565182426858,0.04448707276719368,0.1299100531220396
-0.6823237081910261,-0.8652966817773476,-0.3729578557437248,-0.840896983827661,-0.34932359918387046,0.6572123912097525,-0.19379456778184626,-0.21514680053137628,-0.009347931404889483,-1.3623919922264476,0.19571872707176405,0.24545641667206772,0.12534939640229334,-0.2019045661614686,-0.14319202203012404,0.2645134556612017
-0.8673974704481948,0.11249351241306323,-0.1812157362471683,-0.8916333791129152,0.34748517192419026,0.6572123912097525,5.1601033581379605,-0.14676450712732478,-0.009347931404889483,-1.3623919922264476,-0.05480574801953935,0.29733024537280456,0.07885303182417858,-0.681507859747269,1.1256171014668468,-0.5124327345678447
0.199961506753278,-0.44624374141002876,-0.3889363657017714,-0.6886877979718986,-0.34932359918387046,0.6572123912097525,-0.19379456778184626,-0.14676450712732478,-0.009347931404889483,-1.3623919922264476,-0.22312022160699796,0.5519696995115521,0.08145163663145988,-0.8665431716430065,1.1776300327301652,-0.7142334720626556
0.5915650927533161,0.08921279350376782,-0.6126355051144206,-1.6907316048556684,-0.2099618449622583,0.6572123912097525,-0.19379456778184626,-0.14676450712732478,-0.009347931404889483,-1.3623919922264476,-0.027989607254292018,0.60435597100566,0.0035350884880331773,0.2005940543066967,1.3016296213757619,-0.04528911343213213
0.6212949267670371,-0.6324894926843925,-0.46882891549200334,-0.7267400944358391,0.25457733577644887,0.6572123912097525,-0.19379456778184626,-0.14676450712732478,-0.009347931404889483,-1.3623919922264476,0.06896190534525261,0.653949635733066,0.100094496615736,0.5921162819378563,1.0915347466272285,0.20291000941987763
0.5934217480313432,-0.3531208657728467,-0.48480742545004935,-0.9677379720407965,0.16166949962870744,0.6572123912097525,-0.19379456778184626,-0.14676450712732478,-0.009347931404889483,-1.3623919922264476,0.021102765291755927,0.47634288751955983,0.18260123633043773,0.6218399393717684,0.8744712981417707,0.44038180517761427
0.07861126204885542,-0.5859280548658017,-0.8203561345690237,-1.0438425649686776,0.25457733577644887,0.6572123912097525,-0.19379456778184626,-0.14676450712732478,-0.009347931404889483,-1.3623919922264476,0.07554073619038727,0.19584113805369233,0.16962676907773938,0.5939725514828349,-0.2048594571773659,0.5223237506829876
-0.23416017830379124,-0.6790509305029837,-0.5806784851983279,-0.9043174779342287,-0.34932359918387046,0.6572123912097525,-0.19379456778184626,-0.14676450712732478,-0.009347931404889483,-1.3623919922264476,0.21108934850189695,-0.054692794066065954,0.15316591120802991,0.07926902095969045,-0.6856073153765309,0.4891563911133303
0.7262019697853337,-1.21450746541678,-0.3889363657017714,-0.7647923908997798,0.44039300807193166,0.6572123912097525,-0.19379456778184626,-0.0783822137232733,-0.009347931404889483,-1.3623919922264476,0.2632829977395606,-0.22301362134318103,0.07431871816230423,-0.2334374389506707,-0.871084210708102,-0.5267198090258
1.3062420202821947,-0.8187352439587566,-1.0600337839397194,-1.1960517508244402,-0.34932359918387046,0.6572123912097525,-0.19379456778184626,-0.0783822137232733,-0.009347931404889483,-1.3623919922264476,0.24399093576099753,-0.02787564102045689,-0.0030459511839451094,0.7267251872221733,0.1985997189918905,-1.1777459468904452
1.8035074969661378,-1.1446653086888936,-1.3476469631845542,-0.9677379720407965,-0.16350792688838758,0.6572123912097525,-0.19379456778184626,-0.0783822137232733,-0.009347931404889483,-1.3623919922264476,0.18793562161313623,0.06907953139401425,0.12694346320215125,1.3066447303639444,0.5910563073605293,-0.10832308852088182
2.086071896564329,-1.1912267465074844,-1.4435180229328324,-1.0438425649686776,0.022307745407095292,0.6572123912097525,-0.19379456778184626,-0.0783822137232733,-0.009347931404889483,-1.3623919922264476,0.6121309060601794,0.021218584709651878,0.21243391734234382,1.8038068966862641,0.6208508997670189,0.11267485797086671
1.7865214178868825,-1.167946027598189,-1.2357973934782296,-0.7774764897210933,0.34748517192419026,0.6572123912097525,-0.19379456778184626,-0.0783822137232733,-0.009347931404889483,-1.3623919922264476,0.49739858109633595,0.07565861058291046,0.298863666953883,2.0863125915649987,0.5929170068593104,0.13080290420557364
0.9346242028280959,-1.0981038708703026,-1.3636254731426005,-0.9296856755768558,-0.256415763036129,0.6572123912097525,-0.19379456778184626,-0.0783822137232733,-0.009347931404889483,-1.3623919922264476,0.3588495407450253,0.21121233970818926,0.08914992870770305,1.7868243465830882,0.07698514564017322,-0.08029608865739338
0.9854116963696503,-1.8430868759677586,-1.715152692219621,-1.1072630590752455,-0.07060009074064617,0.6572123912097525,-0.19379456778184626,-0.0783822137232733,-0.009347931404889483,-1.3623919922264476,0.2658231655697988,0.2634079591997605,0.11324144198151967,0.9351041190962931,-0.23646758259897258,-0.09438244465471073
1.9581750174899044,-1.7034025625119853,-0.6925280549046524,-0.7140559956145256,-0.34932359918387046,0.6572123912097525,-0.19379456778184626,-0.009999920319221818,-0.009347931404889483,-1.3623919922264476,0.3877657801947205,0.24411516896668653,-0.018531918677978317,0.9858810611828004,0.7259864543704405,-1.1125324826002156
1.881592091687086,-1.866367594877054,-0.5327429553241886,-0.7267400944358391,-0.34932359918387046,0.6572123912097525,-0.19379456778184626,-0.009999920319221818,-0.009347931404889483,-1.3623919922264476,0.3108812660097681,0.18805773879123652,-0.09751465915238784,1.9584422839568172,1.3072899650465375,-1.0248516648100257
1.4105372317223455,-1.6102796868748035,-0.3729578557437248,-0.6886877979718986,-0.30286968110999973,0.6572123912097525,-0.19379456778184626,-0.009999920319221818,-0.009347931404889483,-1.3623919922264476,0.36069153227950845,0.6122690361522833,0.08323283164484496,1.8818752687895242,1.8056385999154383,0.7292211342446377
0.8028720916210629,-1.3076303410539618,-0.4528504055339567,-0.6886877979718986,-0.34932359918387046,0.6572123912097525,-0.19379456778184626,-0.009999920319221818,-0.009347931404889483,-1.3623919922264476,0.22456529709368842,0.4975323801670437,0.02493847652665681,1.4109182737484696,2.0888184895417,0.989343516507231
0.25729198629524397,-0.1901558334077784,-0.13328020637302904,-0.6886877979718986,-0.34932359918387046,-1.5215781281288188,-0.19379456778184626,-0.009999920319221818,-0.009347931404889483,-1.3623919922264476,0.00703332954838983,0.35897810973904487,0.06335671196557717,0.8033793803067948,1.78861552126262,1.1716173713084208
-0.1529664430288422,0.34530070150601816,-0.4368718955759101,-1.5258383201785923,-0.16350792688838758,-1.5215781281288188,-0.19379456778184626,-0.009999920319221818,-0.009347931404889483,-1.3623919922264476,-0.11387174058615013,0.2659482229185918,0.1777999666123149,0.25791262304276275,0.9348626788086097,1.3578116109978349
-0.2823533162387345,-0.7954545250494611,-0.9322057042753482,-0.7774764897210933,1.1372017791799924,-1.5215781281288188,-0.19379456778184626,-0.009999920319221818,-0.009347931404889483,-1.3623919922264476,-0.1817570601811086,0.38789544074555976,0.18308136480633136,-0.15226057223898634,0.9857607991519479,0.9944059202232571
0.7694471888991767,-0.46952446031932416,-0.9961197441075338,-0.8028446873637203,-0.34932359918387046,-1.5215781281288188,-0.19379456778184626,0.058382373084829665,-0.7095914593360158,-1.1705592522067245,-0.18946808257044195,0.3110080242532056,0.27866164822806927,-0.28162056442598976,1.9606430217497879,0.031561650211331185
1.1562597359699458,-0.6790509305029837,-0.7085065648626988,-1.0184743673260506,-0.34932359918387046,-1.5215781281288188,-0.19379456778184626,0.058382373084829665,-0.7095914593360158,-1.1705592522067245,-0.07284577655961526,0.36082017080671974,0.2457106524445934,0.7699614218409436,1.8838932807812265,-0.15542380635016254
1.2628614466570345,-0.7721738061401657,-1.0600337839397194,-0.9043174779342287,-0.34932359918387046,-1.5215781281288188,-0.19379456778184626,0.058382373084829665,-0.7095914593360158,-1.1705592522067245,0.12476304526980518,0.2246887970024907,0.2975738052354809,1.1566936059144968,1.4118123553624,1.108695958840971
1.106348215963971,-1.447314654509735,-1.0919908038558122,-0.98042207086211,-0.34932359918387046,-1.5215781281288188,-0.19379456778184626,0.058382373084829665,-0.7095914593360158,-1.1705592522067245,0.15661601433344216,0.007148617860276595,0.5521608532202087,1.2632731693546981,0.8028235813048584,1.1605166568780985
0.9306113611297266,-1.866367594877054,-0.19719424620521434,-0.7140559956145256,-0.34932359918387046,-1.5215781281288188,-0.19379456778184626,0.058382373084829665,-0.7095914593360158,-1.1705592522067245,0.06979375867522078,-0.11376101631012527,0.6045363433410148,1.106792455373974,0.2560550774588475,1.2840579587016923
-0.39107582416126097,-1.2843496221446664,-0.14925871633107565,-0.6760036991505848,-0.34932359918387046,-1.5215781281288188,-0.19379456778184626,0.058382373084829665,-0.7095914593360158,-1.1705592522067245,0.015024062336429368,-0.18164889850260577,0.6541198014284447,0.9310921110936989,-0.15509698875842023,1.074739568081205
-0.4050140552954194,-0.5859280548658017,-0.34100083582763213,-1.0818948614326185,-0.30286968110999973,-1.5215781281288188,-0.19379456778184626,0.058382373084829665,-0.7095914593360158,-1.1705592522067245,-0.08964075534954122,-0.1893602119747091,0.47654960562836285,-0.3903204844912514,-0.2847656962345439,0.8584783586923922
0.5316960776592726,-0.12031367667989173,-0.6925280549046524,-0.815528786185034,0.8584782707367681,-1.5215781281288188,-0.19379456778184626,0.12676466648888116,-0.7095914593360158,-1.1705592522067245,0.08386534437652295,-0.07273350359774225,0.19610558491444785,-0.40425581986094117,0.7693258714836215,-0.2168633264439483
1.0057451545363365,-1.0981038708703026,-0.8523131544851164,-0.9423697743981694,-0.30286968110999973,-1.5215781281288188,-0.19379456778184626,0.12676466648888116,-0.7095914593360158,-1.1705592522067245,0.1921202827178672,0.12488277775135305,-0.05437678598955843,0.532259705048131,1.1569809849420634,-0.6958344012640291
0.5160412886388648,-0.46952446031932416,-0.7883991146529307,-1.005790268504737,-0.30286968110999973,-1.5215781281288188,-0.19379456778184626,0.12676466648888116,-0.7095914593360158,-1.1705592522067245,0.3686808697952244,0.15673694923018197,-0.22266297194516727,1.0062102949321186,1.2638148985888897,-0.8806257974109264
0.9566771375766899,-0.8652966817773476,-0.9641627241914409,-1.2721563437523216,1.1372017791799924,-1.5215781281288188,-0.19379456778184626,0.12676466648888116,-0.7095914593360158,-1.1705592522067245,0.061245233384768644,0.06991141612554752,-0.027565152056679292,0.5166081684190326,1.1069607462054447,0.18510471555563796
0.6102732022731912,-0.3298401468635513,-0.7404635847787917,-1.0692107626113045,0.2081234177025781,-1.5215781281288188,-0.19379456778184626,0.12676466648888116,-0.7095914593360158,-1.1705592522067245,0.09507835312359125,0.015139652289851655,0.06937006646763079,0.9571524721942989,0.9308410962212499,0.5761108339298029
0.2870400621568528,-1.0515424330517116,-1.3316684532265077,-0.8028446873637203,0.6726625984412853,-1.5215781281288188,-0.19379456778184626,0.12676466648888116,-0.7095914593360158,-1.1705592522067245,0.10843767061317672,-0.08952911637998476,0.0215189698206554,0.6108205047178501,-0.3937250266992881,0.6057953092849702
0.2714217568322228,-1.0282617141424162,-1.1559048436879977,-1.37362913432283,-0.16350792688838758,-1.5215781281288188,-0.19379456778184626,0.12676466648888116,-0.7095914593360158,-1.1705592522067245,0.04149117460245037,0.08398353301401745,0.07594779164703759,0.28765451853469187,-0.4076936184955972,0.57796465651819
0.8550831789717834,-0.6092087737750971,-0.9641627241914409,-0.8916333791129152,0.6726625984412853,-1.5215781281288188,-0.19379456778184626,0.19514695989293263,-0.7095914593360158,-1.1705592522067245,0.03840241430778231,0.1922425578624062,0.21147362309388903,0.2720394580216297,0.5310568838292122,0.06393961431055713
0.9428315750298032,-0.3764015846821421,-1.0280767640236264,-1.0438425649686776,0.06876166348096599,0.6572123912097525,-0.19379456778184626,0.19514695989293263,-0.7095914593360158,-1.1705592522067245,0.11835267797192586,0.36880980991130113,0.2636585004493547,0.8555796204409523,1.0061385482510925,-0.24835463222520654
1.1178110283397475,-0.4229630225007333,-1.0600337839397194,-1.398997331965457,-0.34932359918387046,0.6572123912097525,-0.19379456778184626,0.19514695989293263,-0.7095914593360158,-1.1705592522067245,0.28862701889936354,0.06136256813749512,0.24436968077512375,0.9433097861593372,0.5153679950901303,0.7105422961542163
1.0287411928207277,-0.5859280548658017,-0.9641627241914409,-0.8535810826489745,-0.256415763036129,0.6572123912097525,-0.19379456778184626,0.19514695989293263,-0.7095914593360158,-1.1705592522067245,0.112831214978584,0.0951969650400598,0.18832378751695802,1.1182528862707473,0.9569636499037737,1.2896973824570015
0.8815455331918287,-0.935138838505234,-0.7404635847787917,-0.6379514026866443,0.022307745407095292,0.6572123912097525,-0.19379456778184626,0.19514695989293263,-0.7095914593360158,-1.1705592522067245,0.06992412066536659,0.10855678682945705,0.6124477799367435,1.0292015556296021,0.6098051674309687,1.7862041836987257
-0.637121503635778,-0.8187352439587566,-0.516764445366142,-0.5491627109374494,-0.34932359918387046,0.6572123912097525,-0.19379456778184626,0.19514695989293263,-0.7095914593360158,-1.1705592522067245,0.189291537545519,0.04160776366078537,0.49773473736555873,0.8820364769228435,0.28586795144815086,2.0683374762105173
-0.6368117570586435,-0.05047151995200508,-0.5966569951563739,-0.8282128850063475,-0.34932359918387046,0.6572123912097525,-0.19379456778184626,0.19514695989293263,-0.7095914593360158,-1.1705592522067245,-0.18470865741719242,0.038518886768750975,0.3592089821433464,-0.6363150462644314,0.2702156258746985,1.769244020195076
0.26253104500863794,-0.842015962868052,-0.7564420947368381,-0.5111104144735089,-0.34932359918387046,0.6572123912097525,-0.19379456778184626,0.2635292532969841,-0.7095914593360158,-1.1705592522067245,-0.126518644799514,0.11847216846902921,0.26619824136840164,-0.6360053640393027,0.8551483963709768,0.9186465404420052
0.6558398789492372,-0.3764015846821421,-0.8203561345690237,-0.815528786185034,0.022307745407095292,0.6572123912097525,-0.19379456778184626,0.2635292532969841,-0.7095914593360158,-1.1705592522067245,-0.09274849180951607,0.2887529370689995,0.3881203618093368,0.2631505933052676,0.9430879285481597,0.9693565477595435
1.1501155167643593,-1.0515424330517116,-0.9481842142333945,-0.8662651814702881,1.508833123770958,0.6572123912097525,-0.19379456778184626,0.2635292532969841,-0.7095914593360158,-1.1705592522067245,-0.052491575184114424,0.11295049704642063,0.31124876915623995,0.6563777145998675,1.1184485272139328,1.940635728762638
0.9427483922034356,-0.5393666170472108,-0.8842701744012089,-1.1960517508244402,-0.34932359918387046,0.6572123912097525,-0.19379456778184626,0.2635292532969841,-0.7095914593360158,-1.1705592522067245,0.08012222775387434,0.07004178303671771,0.3610506641050561,1.1505506632131879,1.0291846771777209,1.8641696451453806
1.2019650506899486,-0.12031367667989173,-1.01209825406558,-1.1072630590752455,-0.34932359918387046,0.6572123912097525,-0.19379456778184626,0.2635292532969841,-0.7095914593360158,-1.1705592522067245,0.05587339144641143,0.18941370590798182,0.2249473068616017,0.9432266206147805,0.8816683916638708,1.3938334712164702
0.14142487622895822,-0.3996823035914375,-0.8043776246109771,-0.7521082920784663,1.2301096153277338,0.6572123912097525,-0.19379456778184626,0.2635292532969841,-0.7095914593360158,-1.1705592522067245,0.14094787783769647,-0.18460060715829857,0.007451898645292041,1.2023894250374532,-0.6403066500590986,0.7870954427698346
-0.11728502372322636,-1.1446653086888936,-0.83633464452707,-0.5618468097587631,-0.34932359918387046,0.6572123912097525,-0.19379456778184626,0.2635292532969841,-0.7095914593360158,-1.1705592522067245,0.1344104018241267,-0.1264083979304689,-0.11343285167931214,0.14206958517453308,-0.6399962287829231,0.24234772627268336
0.9620519156383697,-0.6092087737750971,-0.9162271943173019,-0.5998991062227036,-0.34932359918387046,0.6572123912097525,-0.19379456778184626,0.33191154670103556,-0.7095914593360158,-1.1705592522067245,0.06834718389366058,-0.0926369701536557,-0.18130676218456027,-0.1165865659964214,0.2613055480429483,-0.16728477382469062
1.3745267294808288,-0.842015962868052,-1.2517759034362759,-0.7521082920784663,-0.16350792688838758,0.6572123912097525,-0.19379456778184626,0.33191154670103556,-0.7095914593360158,-1.1705592522067245,0.14583208900983136,-0.05237853387311499,-0.18901648862733664,0.9625261336084509,0.6554710987730177,-0.29647424213146273
1.4779788027115905,-1.9827711894235314,-1.2517759034362759,-0.42232172272431395,-0.34932359918387046,0.6572123912097525,-0.19379456778184626,0.33191154670103556,-0.7095914593360158,-1.1705592522067245,0.25713193904996645,0.08024027509275762,-0.07241378264725949,1.3749152529392727,1.150823382218749,0.7537215362542863
1.286461654943476,-1.3309110599632574,-1.0440552739816729,-0.7647923908997798,-0.34932359918387046,0.6572123912097525,-0.19379456778184626,0.33191154670103556,-1.2222052994528765,-0.6464624599176895,0.583466294194975,0.05599052341790446,0.12516182822006697,1.4783458332822363,0.9430045645305303,1.1399439253632322
1.1392685491732792,-0.4229630225007333,-1.2198188835201833,-0.9170015767555422,-0.256415763036129,0.6572123912097525,-0.19379456778184626,0.33191154670103556,-1.2222052994528765,-0.6464624599176895,0.16941877948504214,0.14106822127919974,0.1570094439409819,1.2868684745337116,1.2027858563135059,1.246382994355313
-0.006333361988807274,-0.3531208657728467,-1.0280767640236264,-1.0692107626113045,-0.34932359918387046,0.6572123912097525,-0.19379456778184626,0.33191154670103556,-1.2222052994528765,-0.6464624599176895,0.22737958336027567,0.13453049848296866,0.07020177999286174,1.1397059491550734,0.13993558226928188,1.0901085551128467
0.0240586511032471,-0.5393666170472108,-1.1559048436879977,-0.9423697743981694,-0.11705400881451687,0.6572123912097525,-0.19379456778184626,0.33191154670103556,-1.2222052994528765,-0.6464624599176895,0.3414842376011042,0.06846478673735112,0.015441288477479357,-0.005657955241476941,-0.11933784714312484,0.9146398211160764
0.4109200863263607,-0.3531208657728467,-0.7244850748207451,-0.4984263156521954,-0.34932359918387046,0.6572123912097525,-0.19379456778184626,0.40029384010508706,-1.2222052994528765,-0.6464624599176895,0.3898952493088438,0.14595261682503313,-0.08920593880306012,0.024727743698459058,0.9623501354640086,-0.4050308726692825
0.882897618957279,-0.5626473359565062,-1.0919908038558122,-1.284840442573635,-0.256415763036129,0.6572123912097525,-0.19379456778184626,0.40029384010508706,-1.2222052994528765,-0.6464624599176895,0.24208637333323743,0.25725666831434185,0.08427100076483028,0.4115088057675031,1.3757234139931414,-0.4189478383141494
1.188995096841671,-0.516085898137915,-0.9961197441075338,-0.9043174779342287,-0.34932359918387046,0.6572123912097525,-0.19379456778184626,0.40029384010508706,-1.2222052994528765,-0.6464624599176895,0.09668040765910166,0.5836033422289288,0.19250774533010495,0.8833882817830713,1.4794008295513414,0.516333160691632
0.9474256020018837,-1.121384589779598,-1.0280767640236264,-0.6379514026866443,2.1591879768051485,0.6572123912097525,-0.19379456778184626,0.40029384010508706,-1.2222052994528765,-0.6464624599176895,0.40042839962604637,0.16954019767234388,0.3690386588994151,1.1894221657873025,1.2874665135383125,0.9896589832711494
1.6442915540900143,-0.8652966817773476,-1.635260142429389,-0.9296856755768558,0.1152155815548367,0.6572123912097525,-0.19379456778184626,0.40029384010508706,-1.2222052994528765,-0.6464624599176895,0.14263287639639205,0.22750318950534607,0.061654691403194274,0.9479028586903595,1.1399527874460547,0.5007022561042681
0.6227115886740111,-1.4705953734190305,-1.2517759034362759,-1.0184743673260506,0.6262086803674145,0.6572123912097525,-0.19379456778184626,0.40029384010508706,-1.2222052994528765,-0.6464624599176895,0.32947549006181526,0.3416121510736786,0.09548212500692047,1.6446240320297356,-0.008144507258547987,0.9406658291387273
0.07353856898819654,-1.5637182490562125,-1.1878618636040903,-0.40963762390300046,1.0442939430322509,0.6572123912097525,-0.19379456778184626,0.40029384010508706,-1.2222052994528765,-0.6464624599176895,0.1366441422090726,0.390024990244843,0.1088391972739362,0.6232563069573773,0.022313706604083758,0.5947904005808712
1.2158485562804329,-1.21450746541678,-1.3316684532265077,-0.5998991062227036,1.6946487960664411,0.6572123912097525,-0.19379456778184626,0.46867613350913856,-1.2222052994528765,-0.6464624599176895,0.16281602495835001,0.24221053464375106,0.041903952570316254,0.07419738178629917,0.41001781470447163,0.2720504156442427
1.5654254786055506,-0.6324894926843925,-1.1559048436879977,-0.9677379720407965,-0.34932359918387046,0.6572123912097525,-0.19379456778184626,0.46867613350913856,-1.2222052994528765,-0.6464624599176895,0.660441131004116,0.09679908005139926,0.038815711385575144,1.216270046233081,0.8830234225820258,0.2564559390896651
1.0697703922531485,-0.5626473359565062,-1.0440552739816729,-1.005790268504737,-0.30286968110999973,0.6572123912097525,-0.19379456778184626,0.46867613350913856,-1.2222052994528765,-0.6464624599176895,1.4533559406958583,0.4005585381770979,0.11875253827522972,1.5657743415210246,1.189787650932942,0.8392268719266087
0.5909787997622,-0.9817002763238251,-0.6605710349885598,-0.5237945132948224,-0.34932359918387046,0.6572123912097525,-0.19379456778184626,0.46867613350913856,-1.2222052994528765,-0.6464624599176895,0.35917308184480545,0.1427532834447717,0.2889982621873451,1.070222230960453,0.9476919623639687,0.9268413906971336
0.7122097427814331,-0.21343655231707379,-0.5487214652822352,-1.0565266637899913,-0.34932359918387046,0.6572123912097525,-0.19379456778184626,0.46867613350913856,-1.2222052994528765,-0.6464624599176895,-0.0030330757602039554,0.32960295021713537,0.11323200324196818,0.5915301107531872,1.6460758482223183,1.1015538787333081
-0.3327238011375716,-1.0515424330517116,-0.6126355051144206,-0.15595564747672958,0.533300844219673,0.6572123912097525,-0.19379456778184626,0.46867613350913856,-1.2222052994528765,-0.6464624599176895,0.17738396747204177,0.13676432318920242,0.07033212007382823,0.712735867200759,0.6222706474883353,1.0126199366153374
-0.6716007851655791,-0.6324894926843925,-0.14925871633107565,-0.6760036991505848,-0.34932359918387046,0.6572123912097525,-0.19379456778184626,0.46867613350913856,-1.2222052994528765,-0.6464624599176895,-0.009587455711802003,0.16293719389879704,0.18967947556845868,-0.3319805845062258,0.07190140309133135,0.8656488526656234
0.806052740218789,-1.3309110599632574,-1.2837329233523684,-0.2320602404046108,0.5797547622935438,0.6572123912097525,-0.19379456778184626,0.5370584269131901,-1.2222052994528765,-0.6464624599176895,-0.18852756819638913,0.6605810847550533,-0.1842578633629124,-0.6707871644836663,1.216699603361363,-0.6507011614854209
0.8331455327018398,-0.9118581195959387,-0.5327429553241886,-0.9423697743981694,-0.256415763036129,0.6572123912097525,-0.19379456778184626,0.5370584269131901,-1.2222052994528765,-0.6464624599176895,0.03793444632645065,1.4535258261247874,-0.12607763040125033,0.8065593681026512,1.567037984348791,-0.6503918874870847
0.053016854951316,-0.0039100821334142515,-0.5966569951563739,-0.39695352508168696,-0.30286968110999973,0.6572123912097525,-0.19379456778184626,0.5370584269131901,-1.2222052994528765,-0.6464624599176895,-0.11302235747349916,0.3593016630521522,-0.09231315296389461,0.8336465318696135,1.0703032476106862,0.24757879178049086
0.5602066265601653,-0.44624374141002876,-1.171883353646044,-0.42232172272431395,0.022307745407095292,0.6572123912097525,-0.19379456778184626,0.5370584269131901,-1.2222052994528765,-0.6464624599176895,-0.17051387500632662,-0.0029181674442493514,-0.0520630020836641,0.053679931278253205,0.590468737288896,0.640287556406992
0.4920094782313959,-1.7965254381491675,-0.83633464452707,-0.016430560442280636,-0.34932359918387046,0.6572123912097525,-0.19379456778184626,0.5370584269131901,-1.2222052994528765,-0.6464624599176895,0.09447933455764858,0.17750568633659036,0.08052851322596001,0.560764330684178,0.7119637490890088,1.1338090803620526
-0.9279279349466534,-0.842015962868052,-0.3729578557437248,-0.2066920427619838,-0.34932359918387046,0.6572123912097525,-0.19379456778184626,0.5370584269131901,-1.2222052994528765,-0.6464624599176895,0.10942308832697549,-0.009472794816614108,0.05628375227897935,0.49258135078733456,-0.3352458995947596,0.9267583347823868
-0.440737430851176,-1.167946027598189,-1.1878618636040903,-0.09253515337016185,-0.07060009074064617,0.6572123912097525,-0.19379456778184626,0.5370584269131901,-1.2222052994528765,-0.6464624599176895,-0.1646957014727955,-0.18841966209725408,0.14134394069754966,-0.9270610605164323,-0.6748610353669652,1.185579507713942
0.9255087514385325,-1.447314654509735,-0.9481842142333945,0.008937637200346363,-0.34932359918387046,0.6572123912097525,-0.19379456778184626,0.6054407203172415,-1.2222052994528765,-0.6464624599176895,0.3245047081596099,0.03805090112213326,0.13480756339944244,-0.4399717736369441,0.8060111580842575,0.1266573940747394
0.7985834331826239,-1.7034025625119853,-0.8043776246109771,-0.2193761415832973,-0.34932359918387046,0.6572123912097525,-0.19379456778184626,0.6054407203172415,-1.2222052994528765,-0.6464624599176895,0.4989634592206042,-0.11291160113417884,0.06875544832868766,0.9259905615051605,0.8331629648791946,-0.13165779348143994
1.2871771002176333,-0.7488930872308699,-1.1079693138138584,-1.2214199484670674,-0.34932359918387046,0.6572123912097525,-0.19379456778184626,0.6054407203172415,-1.2222052994528765,-0.6464624599176895,0.4144960680561913,-0.17040528890972217,0.14622733100880095,0.7990916128669772,0.05133498805755748,0.946032406928492
1.0370744337728575,-1.261068903235371,-1.171883353646044,-0.18132384511935679,1.0907478611061217,0.6572123912097525,-0.19379456778184626,0.6054407203172415,-1.2222052994528765,-0.6464624599176895,0.48948693557461975,0.094597923861813,0.25750847553231726,1.2875837711691365,0.5596295352404291,1.3578779100175025
0.8647061185695862,-2.1457362217886002,-0.8043776246109771,0.12309452659216831,-0.30286968110999973,0.6572123912097525,-0.19379456778184626,0.6054407203172415,-1.2222052994528765,-0.6464624599176895,0.44606015972200047,0.10954224174171061,0.5837879855656635,1.0375330652929602,0.49128383789133423,1.4611721469393166
-0.9051216118802919,-1.5171568112376215,-0.34100083582763213,0.14846272423479553,-0.34932359918387046,0.6572123912097525,-0.19379456778184626,0.6054407203172415,-1.2222052994528765,-0.6464624599176895,0.8270034465524223,-0.1645868957464218,0.1698100574065174,0.8652005608061192,-0.9317465244322458,1.2699471959224111
-0.9661628481196096,-0.09703295777059631,-0.11730169641498242,-0.6633196003292713,-0.34932359918387046,0.6572123912097525,-0.19379456778184626,0.6054407203172415,-1.4098349872671425,0.06946707239106965,0.019813701032718217,0.3246319806732799,0.22776112014751101,-0.9042594756223225,-0.44349480775136285,1.1229786619349902
0.12235776714265133,-0.30655942795425584,-0.4368718955759101,-0.10521925219147535,0.2081234177025781,0.6572123912097525,-0.19379456778184626,0.6738230137212929,-1.4098349872671425,0.06946707239106965,-0.009424823636842772,0.4990973173637716,0.34184659748463825,-0.9652880301202252,0.9257273718765944,-0.02087541014051121
-0.08386012100134131,-0.5393666170472108,-0.11730169641498242,0.22456731716267653,-0.2099618449622583,0.6572123912097525,-0.19379456778184626,0.6738230137212929,-1.4098349872671425,0.06946707239106965,0.12156362016232801,0.4146267376465379,0.39024947303600654,0.12300643741276444,0.7985255811853499,0.009470234009692833
0.1920730020526512,-0.7721738061401657,-0.2611082860374002,0.05967403248560058,-0.34932359918387046,0.6572123912097525,-0.19379456778184626,0.6738230137212929,-1.4098349872671425,0.06946707239106965,0.2908063757407425,0.4896204359892509,0.24246543843606214,-0.08316860753057127,1.288183517216262,0.39574143668257483
0.014788873680547729,-0.6557702115936883,0.13835446291375939,0.021621736021660086,0.44039300807193166,0.6572123912097525,-0.19379456778184626,0.6738230137212929,-1.4098349872671425,0.06946707239106965,0.5158046746369794,0.4461920208227291,0.09708391029446937,0.19270718849779175,1.0375360698386815,0.866998875560607
0.1606882675985408,-0.05047151995200508,-0.6925280549046524,-0.5364786121161359,0.1152155815548367,0.6572123912097525,-0.19379456778184626,0.6738230137212929,-1.4098349872671425,0.06946707239106965,0.17230444680524054,0.8271496878509418,0.40078085310807193,0.015459892136497282,0.864792296936869,1.1726293420591598
-0.35172523957148366,-0.6324894926843925,-1.1878618636040903,-0.42232172272431395,-0.11705400881451687,0.6572123912097525,-0.19379456778184626,0.6738230137212929,-1.4098349872671425,0.06946707239106965,-0.06691878312960263,0.019929471789830133,0.14302865606836557,0.16132897444056776,-0.9088905239668764,0.9314284085853182
-0.2204656582574197,-0.7721738061401657,-0.83633464452707,-0.6506355015079578,-0.2099618449622583,0.6572123912097525,-0.19379456778184626,0.6738230137212929,-1.4098349872671425,0.06946707239106965,-0.02501668197532961,-0.009310156602469633,0.329839868185505,-0.3509780752591345,-0.9700647220098034,1.6272311557876133
0.7608760742505855,-1.0981038708703026,-1.2038403735621366,-0.029114659263594134,0.9513861068845094,0.6572123912097525,-0.19379456778184626,0.7422053071253445,-1.4098349872671425,0.06946707239106965,-0.08671622285225629,0.12168323186903234,0.13704092837267054,-0.2197457640360941,0.12082694064906968,0.6072098097979823
0.8496700930295376,-0.888577400686643,-0.8842701744012089,0.18651502069873624,0.25457733577644887,0.6572123912097525,-0.19379456778184626,0.7422053071253445,-1.4098349872671425,0.06946707239106965,0.12097556373170429,0.2909323761787462,0.16320841256626675,0.7613920879010388,-0.08584013732188904,0.05887466063224326
0.07877179031026307,-1.5171568112376215,0.07444042308157406,0.4021447006610664,-0.34932359918387046,0.6572123912097525,-0.19379456778184626,0.7422053071253445,-1.4098349872671425,0.06946707239106965,0.5587691036167035,0.5159391685178462,0.6607498856629525,0.8501676591049628,0.19069403131992507,1.199441831309622
-0.09466987522272832,-0.09703295777059631,0.07444042308157406,-0.35890122861774626,-0.34932359918387046,0.6572123912097525,-0.19379456778184626,0.7422053071253445,-1.4098349872671425,0.06946707239106965,0.048064708685314,0.1724259739233681,1.4535314347874555,0.07942951587023521,0.013023737481459652,1.5484854058787219
0.023971090233385575,-0.888577400686643,-0.2770867959954463,-0.07985105454884836,-0.34932359918387046,0.6572123912097525,-0.19379456778184626,0.7422053071253445,-1.4098349872671425,0.06946707239106965,-0.0016937993353517197,-0.06680628643012675,0.35953246886746104,-0.0939761159503291,0.15924093372057202,1.0535865380040916
-1.2053879006688548,-0.516085898137915,-0.053387656582797115,0.46556519476763414,-0.34932359918387046,0.6572123912097525,-0.19379456778184626,0.7422053071253445,-1.4098349872671425,0.06946707239106965,0.23992919831536375,-0.024902603516774934,-0.002612814861275744,0.024640201019977298,-0.35428872751684387,0.575525435442961
-1.0851328965116223,0.2056163880502453,0.2342255226620379,-0.7901605885424068,0.022307745407095292,0.6572123912097525,-0.19379456778184626,0.7422053071253445,-1.4098349872671425,0.06946707239106965,0.22656243250761962,-0.08660447348475554,0.17777390673083054,-1.2044633820008195,-0.22274323274905988,0.6965714170208348
-0.04803167240174936,-0.4229630225007333,-1.2038403735621366,0.3894606018397527,2.670181075617726,0.6572123912097525,-0.19379456778184626,0.8105876005293959,-1.4098349872671425,0.06946707239106965,0.08297234452984525,0.12109515323991325,-0.009166093256464988,-1.0842333616571616,0.760736086982766,-0.3467678770342771
0.29981884143925774,-1.8430868759677586,-0.8842701744012089,0.5543538865168288,-0.34932359918387046,0.6572123912097525,-0.19379456778184626,0.8105876005293959,-1.4098349872671425,0.06946707239106965,0.46299190216146363,0.5589052193583774,-0.18807613232004897,-0.04734760254038874,0.8497235194868314,-0.6851278381484284
-0.022239888510064216,-1.68012184360269,-0.22915126612130757,0.5797220841594558,-0.34932359918387046,0.6572123912097525,-0.19379456778184626,0.8105876005293959,-1.4098349872671425,0.06946707239106965,0.5554995278530717,0.04818154588746348,0.03834782205289259,0.3004306429368152,0.07714602356892844,0.7902712386679575
-0.8696207868687643,-0.7721738061401657,0.5857527417390582,0.6050902818020828,-0.34932359918387046,0.6572123912097525,-0.19379456778184626,0.8105876005293959,-1.4098349872671425,0.06946707239106965,0.5681316625588134,-0.0015788404631580332,-0.11258361131752671,-0.02156117707120766,-0.09667343766564183,0.8173226958134837
-0.9338477794232225,0.9738801120569964,0.9372799608160786,-0.029114659263594134,-0.34932359918387046,-1.5215781281288188,-0.19379456778184626,0.8105876005293959,-1.4098349872671425,0.06946707239106965,0.04338354245877615,0.24005327819484945,-0.1700654665863326,-0.8687660261541249,0.02222595500657811,0.03838425647147929
-1.3624578725594563,0.6945114851454506,-0.14925871633107565,-0.5237945132948224,-0.34932359918387046,-1.5215781281288188,-0.19379456778184626,0.8105876005293959,-1.4098349872671425,0.06946707239106965,0.225176637938314,0.22668600780612758,0.09488320711453428,-0.9329796751041346,-1.2098108615555634,0.5448002111911486
-1.2867049508355302,-0.842015962868052,-0.7724206046948844,-0.1305874498341026,0.7191165165151558,-1.5215781281288188,-0.19379456778184626,0.8105876005293959,-1.4098349872671425,0.06946707239106965,0.2707634112797831,0.0830904994575597,0.10982444937432745,-1.3615007215122252,-1.0892939144359846,0.4767071109093327
0.1344342352813736,-0.6092087737750971,-0.8203561345690237,-0.09253515337016185,0.1152155815548367,-1.5215781281288188,-0.19379456778184626,0.8789698939334475,-1.4098349872671425,0.06946707239106965,0.20193273566629766,0.46312440241718894,-0.16424827087929167,-1.2857635379847039,-0.04993364614911511,-0.9410639108834755
0.42079075021848306,-0.7488930872308699,-0.83633464452707,-0.16863974629804307,-0.024146172666775465,-1.5215781281288188,-0.19379456778184626,0.8789698939334475,-1.4098349872671425,0.06946707239106965,0.25150922165930967,0.5556355201717905,0.32486992169362094,0.13508039658123028,0.2986745658408188,-0.45461671089510064
0.31247795419951724,-0.6557702115936883,-0.5966569951563739,-0.1940079439406703,-0.34932359918387046,-1.5215781281288188,-0.19379456778184626,0.8789698939334475,-1.4098349872671425,0.06946707239106965,0.5450580013996008,0.5682681317269791,0.4992993524898881,0.42137741896054426,-0.024085681840455835,0.9095449964508804
-0.19703546399329322,-0.7488930872308699,-0.005452126708657854,0.6304584794447103,-0.34932359918387046,-1.5215781281288188,-0.19379456778184626,0.8789698939334475,-1.4098349872671425,0.06946707239106965,0.8825130504830637,0.04350020295195463,0.41484615726723617,0.3130871256783455,-0.8733123700214352,0.7828133275160523
-1.0199000484646334,0.18233566914094987,-0.2451297760793536,-0.9170015767555422,-0.34932359918387046,-1.5215781281288188,5.1601033581379605,0.8789698939334475,-1.4098349872671425,0.06946707239106965,0.4784869850168866,0.2253001609245731,0.48982442150795924,-0.19632043755780001,-0.9376792636869549,1.270661549645304
-0.8214805502927015,-1.0049809952331206,-0.8682916644431626,0.3894606018397527,-0.30286968110999973,-1.5215781281288188,-0.19379456778184626,0.8789698939334475,-1.4098349872671425,0.06946707239106965,-0.05419837190213667,0.27088865511751786,0.44640494414026255,-1.0190140661880962,-1.3672229678464833,1.0209404635835673
-1.110301538879464,-0.5626473359565062,-0.7244850748207451,0.5543538865168288,-0.34932359918387046,-1.5215781281288188,-0.19379456778184626,0.8789698939334475,-1.4098349872671425,0.06946707239106965,0.42330091797660657,0.2020553812203414,0.8272842080543907,-0.8206357910470611,-1.2913050388959408,0.8488351298537605
0.12771649237818963,-0.3298401468635513,-0.9961197441075338,-0.029114659263594134,-0.34932359918387046,-1.5215781281288188,-0.19379456778184626,0.9473521873374989,-1.4098349872671425,0.06946707239106965,0.10410366342023485,0.25163373867217415,0.020230122207128994,-1.1093967750644849,0.1329297141034094,-0.9182923833097615
-0.20104137378946607,-1.7034025625119853,0.0265048932074348,0.8968245546922945,-0.34932359918387046,-1.5215781281288188,-0.19379456778184626,0.9473521873374989,-1.2222052994528767,0.7853966046998286,0.23694555821121188,0.5451935995619693,-0.009003488514130015,0.12836404933586124,0.4199099791649765,-0.979240489241288
-0.6756541237662663,-0.516085898137915,0.9852154906902179,0.4909333924102611,-0.34932359918387046,-1.5215781281288188,-0.19379456778184626,0.9473521873374989,-1.2222052994528767,0.7853966046998286,0.3404055349828137,0.8826613872092004,0.12196294082130636,-0.2003255150983487,0.31136125305022777,0.10761937558107601
-0.7813090825479684,0.8341957986012235,1.496527809347702,0.9348768511562352,-0.34932359918387046,-1.5215781281288188,-0.19379456778184626,0.9473521873374989,-1.2222052994528767,0.7853966046998286,0.24334264708728484,0.4786200701952603,0.2911772527569312,-0.6748396609750653,-0.199262002151461,-0.09828388696589271
-0.18299763236966884,0.2288971069595407,-0.8203561345690237,-0.46037401918825466,-0.34932359918387046,-1.5215781281288188,-0.19379456778184626,0.9473521873374989,-1.2222052994528767,0.7853966046998286,0.24473223391965274,-0.0540853950208706,0.5161377375014179,-0.7804726692041736,-1.0239189742941226,0.17722824630704398
-1.3597099205936265,-0.9118581195959387,0.6336882716131975,0.35140830537581197,0.06876166348096599,-1.5215781281288188,-0.19379456778184626,0.9473521873374989,-1.2222052994528767,0.7853966046998286,0.4545632891379626,0.4234319199405314,0.1726952397494405,-0.18228552239133872,-0.8250672729760294,0.00021459943988631763
-1.9707873807608092,0.32201998259672276,0.7135808214034294,0.35140830537581197,-0.34932359918387046,-1.5215781281288188,-0.19379456778184626,0.9473521873374989,-1.2222052994528767,0.7853966046998286,0.08616721375159077,0.10422261603242287,-0.06648778533246233,-1.3587533404525303,-1.114517379875733,0.14589139538478393
-0.4906463969984536,0.01937063677588116,-0.6286140150724672,0.05967403248560058,-0.34932359918387046,-1.5215781281288188,-0.19379456778184626,1.0157344807415505,-1.2222052994528767,0.7853966046998286,-0.16797289536270382,0.23706952546150495,-0.024592726419928372,-1.9697038450268762,0.12619733841642844,-0.36574032506893045
-0.18356568351289496,-0.46952446031932416,-0.9801412341494875,0.300671910090558,0.25457733577644887,0.6572123912097525,-0.19379456778184626,1.0157344807415505,-1.2222052994528767,0.7853966046998286,0.26937448304276246,0.3405334077355288,-0.08628189781489412,-0.48987037084935153,-0.20327663773735258,-0.23468100583934295
0.200756851321183,-0.7023316494122791,-0.8523131544851164,0.5924061829807695,0.9978400249583802,0.6572123912097525,-0.19379456778184626,1.0157344807415505,-1.2222052994528767,0.7853966046998286,0.4111745726504839,0.24346685582077632,0.12137498322189698,-0.18285345551798865,-0.6789232030681783,0.7451634985122997
0.2679058230703187,-0.30655942795425584,-0.9002486843592555,-0.25742843804723803,-0.30286968110999973,0.6572123912097525,-0.19379456778184626,1.0157344807415505,-1.2222052994528767,0.7853966046998286,0.4181380399919476,0.24485649510854687,0.5590949457001615,0.20138923363623554,-0.7848083025669657,0.833822044702419
-0.3480538852655725,-0.46952446031932416,-0.22915126612130757,0.3640924041971257,-0.34932359918387046,0.6572123912097525,-0.19379456778184626,1.0157344807415505,-1.2222052994528767,0.7853966046998286,0.6956657645810849,0.45469547122264625,0.04847638187764796,0.26852425471942054,-0.18519359291299076,0.06409989765480198
-1.3839821585562562,-0.7721738061401657,0.01052638324938819,0.693878973551278,-0.34932359918387046,0.6572123912097525,-0.19379456778184626,1.0157344807415505,-1.2222052994528767,0.7853966046998286,0.2893630455337185,0.08628548928216896,-0.0012737635208006498,-0.3473074837026173,-1.364469030211422,-0.10907714879951358
-1.844308987778151,-0.49280517922861955,0.441946152116641,0.6304584794447103,-0.34932359918387046,0.6572123912097525,-0.19379456778184626,1.0157344807415505,-1.2222052994528767,0.7853966046998286,0.12483585980911806,-0.16786421334686122,0.24030862596201158,-1.3830205356888923,-1.9768775571500952,0.009382806731011028
-0.7100002398064883,0.4849850149617911,1.0171725106063105,0.7065630723725913,-0.30286968110999973,0.6572123912097525,-0.19379456778184626,1.084116774145602,-1.2222052994528767,0.7853966046998286,0.10229584406225885,0.2694996744499559,0.22694410662863257,-1.8432517288101093,-0.49351248706639483,-1.2181005573284247
-0.5814316958928399,0.34530070150601816,-0.3729578557437248,0.7572994676578457,-0.34932359918387046,0.6572123912097525,-0.19379456778184626,1.084116774145602,-1.2222052994528767,0.7853966046998286,0.3222796675092595,0.41130511685796495,0.08337815099942823,-0.7091786413707778,-0.18576288140180816,-1.0980290256275276
-0.18145364236443895,0.41514285823390484,0.01052638324938819,-0.40963762390300046,-0.34932359918387046,0.6572123912097525,-0.19379456778184626,1.084116774145602,-1.2222052994528767,0.7853966046998286,0.3546680054446344,0.41826884706280265,0.46333384096053154,-0.580636808466415,0.199396796002563,-0.06251010165052186
-0.24301477126856377,-0.46952446031932416,-0.8203561345690237,-0.6379514026866443,0.6726625984412853,0.6572123912097525,-0.19379456778184626,1.084116774145602,-1.2222052994528767,0.7853966046998286,0.3018965499800267,0.6958070480239091,0.5558259194350579,-0.180741853160772,0.2666920336031843,0.2848096984072276
-0.7415684872503506,-0.9817002763238251,0.2821610525361772,1.0870860370119977,-0.16350792688838758,0.6572123912097525,-0.19379456778184626,1.084116774145602,-1.2222052994528767,0.7853966046998286,0.12009161051488398,0.28948899148756524,0.5684559311315989,-0.24229019231216467,-0.3506093761597543,-0.036757668154082566
-1.3125375964664905,-0.49280517922861955,-0.8043776246109771,0.14846272423479553,-0.16350792688838758,0.6572123912097525,-0.19379456778184626,1.084116774145602,-1.2222052994528767,0.7853966046998286,-0.0032820563644702138,0.12495559503933616,0.043796002387414025,-0.7407403302916535,-1.3887941386717018,-0.8828457217287908
-1.2649613978271168,-0.3531208657728467,-0.6286140150724672,0.008937637200346363,-0.16350792688838758,0.6572123912097525,-0.19379456778184626,1.084116774145602,-1.2222052994528767,0.7853966046998286,-0.07422625766840601,0.10241472843121793,0.22555854496173727,-1.3115908167038492,-1.8501236652377846,-0.9469747234830359
-0.4026652349613771,-0.0039100821334142515,-0.5327429553241886,0.6304584794447103,-0.34932359918387046,0.6572123912097525,-0.19379456778184626,1.1524990675496534,-1.2222052994528767,0.7853966046998286,0.08223374742493351,0.32240685603004726,0.2711376568001044,-1.26402450235067,-0.713344132821507,-1.3749308883511782
-0.4313797277216613,0.08921279350376782,-0.11730169641498242,1.1505065311185654,-0.34932359918387046,0.6572123912097525,-0.19379456778184626,1.1524990675496534,-1.2222052994528767,0.7853966046998286,0.26625784926064544,0.354796416590211,0.20231854915680136,-0.4019074875106611,-0.5844955371504014,-1.2992935424797556
-0.4187512612658479,-0.7721738061401657,1.208914630102867,1.4422408040087769,-0.34932359918387046,0.6572123912097525,-0.19379456778184626,1.1524990675496534,-1.2222052994528767,0.7853966046998286,0.26460299906616064,0.3020229690601344,0.25188670311897676,-0.43061601463534416,-0.1836462397436361,0.11967741871296553
-0.3340332009789628,0.34530070150601816,2.1516467176276035,1.4549249028300906,-0.30286968110999973,0.6572123912097525,-0.19379456778184626,1.1524990675496534,-1.2222052994528767,0.7853966046998286,0.17528353533181062,0.12021116665481338,0.5453861478280358,-0.4179901718312771,-0.2453414628967573,0.4055970409523335
-0.7945949852016588,1.229968020059247,0.20226850274594524,-0.5872150074013901,-0.34932359918387046,0.6572123912097525,-0.19379456778184626,1.1524990675496534,-1.2222052994528767,0.7853966046998286,0.0428639234067652,-0.003167157447264608,0.8827844828096698,-0.33328971231069215,-0.7449811431439661,0.2974494972226793
-1.7017609861541239,-0.44624374141002876,-0.7724206046948844,0.326040107733185,0.533300844219673,0.6572123912097525,-0.19379456778184626,1.1524990675496534,-1.2222052994528767,0.7853966046998286,-0.04471467462457006,-0.07411403681820443,0.47882631964775696,-0.7937558116191746,-1.317193953950109,-0.21128655890501935
-1.2543052399649421,-0.28327870904496005,-0.5327429553241886,-0.5745309085800766,-0.07060009074064617,0.6572123912097525,-0.19379456778184626,1.1524990675496534,-1.2222052994528767,0.7853966046998286,-0.2432400170766944,0.08235187447140466,-0.05376951195031717,-1.7007333425249442,-1.2695141234453,-1.032895703009429
-0.538927095803252,-0.6557702115936883,0.20226850274594524,1.4802931004727176,-0.024146172666775465,0.6572123912097525,-0.19379456778184626,1.2208813609537048,-1.2222052994528767,0.7853966046998286,0.08433091219633385,0.2663829230182785,0.42364952740788125,-1.2533705583794126,-0.4053396818925013,-0.8347789324700774
-0.5934505197922381,-0.4229630225007333,1.624355889012073,1.5690817922219125,-0.34932359918387046,0.6572123912097525,-0.19379456778184626,1.2208813609537048,-1.2222052994528767,0.7853966046998286,0.20849492666094482,0.2647280103549855,0.10450591847230434,-0.5381410390031459,-0.43411672139958074,-1.123159268324019
-0.1929817605556532,0.5315464527803823,0.7615163512775687,1.5944499898645395,-0.34932359918387046,0.6572123912097525,-0.19379456778184626,1.2208813609537048,-1.2222052994528767,0.7853966046998286,0.4075667554410572,0.17540517490731367,0.23732548730084937,-0.5926531353715483,-0.42146074724929344,0.11296992503641554
0.12640709253680163,0.624669328417564,2.135668207669558,1.3788203099022092,-0.34932359918387046,0.6572123912097525,-0.19379456778184626,1.2208813609537048,-1.2222052994528767,0.7853966046998286,0.4084789613177836,0.04298056428488547,0.34076807615760507,-0.1922675763052456,-0.33655815160912894,-0.2152863569047201
0.7654576967661045,1.9749510251567028,2.231539267417835,1.0363496417267437,-0.34932359918387046,0.6572123912097525,-0.19379456778184626,1.2208813609537048,-0.7095914593360166,1.3094933969888636,0.09844815978599743,-0.04460133974397087,0.24372150105550716,0.1270549215313981,-0.798123144961858,-0.6891749925907544
-1.0371345815121276,0.9971608309662923,-0.22915126612130757,-1.5765747154638463,0.6262086803674145,0.6572123912097525,-0.19379456778184626,1.2208813609537048,-0.7095914593360166,1.3094933969888636,0.10347474405790139,-0.24313417631343404,0.24511085434812116,0.7659727585526118,-1.707265161393217,-0.7946687541320793
-1.689449198177649,0.29873926368742737,0.058461913123527456,-0.8662651814702881,2.530819321396114,0.6572123912097525,-0.19379456778184626,1.2208813609537048,-0.7095914593360166,1.3094933969888636,0.10713538462208597,0.08444911840851091,0.4549066444848599,-1.0362450186414711,-1.2588347540288354,-0.19727014473065338
-0.9296525192459693,-0.46952446031932416,-0.6605710349885598,-0.43500582154562767,-0.07060009074064617,0.6572123912097525,-0.19379456778184626,1.2892636543577563,-0.7095914593360166,1.3094933969888636,-0.03316895937624912,0.2086178199306137,0.08657248327813831,-1.6884241124080588,-0.5418983522994654,-1.372187128921872
-1.693098662266091,-0.888577400686643,-0.11730169641498242,1.6198181875071664,2.019826222583536,0.6572123912097525,5.1601033581379605,1.2892636543577563,-0.7095914593360166,1.3094933969888636,0.0179013435183961,0.40769716345733376,-0.16752491399033775,-0.9287852865213643,-0.5965405408030512,-1.982332271274808
-1.1411455849621714,-0.2367172712263692,0.6017312516971048,0.6685107759086506,-0.34932359918387046,0.6572123912097525,-0.19379456778184626,1.2892636543577563,-0.7095914593360166,1.3094933969888636,-0.07832563016412622,0.4086094037688472,0.2697489619921513,-1.692072818294952,-0.1951994688185965,-0.5044495311831986
-0.356654186870784,-0.0039100821334142515,-0.42089338561786405,-0.8028446873637203,-0.34932359918387046,0.6572123912097525,-0.19379456778184626,1.2892636543577563,-0.7095914593360166,1.3094933969888636,-0.13951686547064285,0.09856689890902924,0.4115252200858883,-1.140234413082076,0.12488508640206225,-0.1978373292011011
-0.4425995586835692,-0.28327870904496005,-0.8523131544851164,0.18651502069873624,1.2301096153277338,0.6572123912097525,-0.19379456778184626,1.2892636543577563,-0.7095914593360166,1.3094933969888636,-0.09799201699023315,0.10359367292906249,0.4184875171180117,-0.355905998535349,0.7653276893222638,0.18589884667032722
-0.8096248085134241,-0.9118581195959387,-0.9801412341494875,-0.6125832050440171,1.1372017791799924,0.6572123912097525,-0.19379456778184626,1.2892636543577563,-0.7095914593360166,1.3094933969888636,0.033007924544303194,0.10725445167847616,0.6959685992412102,-0.4418335145993276,-1.04119104810487,0.25294536957025654
-1.347740714520485,-0.16687511449848255,-0.3569793457856782,-0.14327154865541608,-0.30286968110999973,0.6572123912097525,-0.19379456778184626,1.2892636543577563,-0.7095914593360166,1.3094933969888636,-0.04783952516556421,-0.03305518865736469,0.2897341651219966,-0.8087825123806035,-1.694926555520581,-0.36207457212985894
-0.9676605038312057,-0.3531208657728467,1.4805492993896558,1.6198181875071664,-0.34932359918387046,0.6572123912097525,-0.19379456778184626,1.357645947761808,-0.7095914593360166,1.3094933969888636,0.0754152672883858,0.018017042086076535,0.12523463052186493,-1.3467866210652049,-0.9334748652714525,-1.3964223348528537
-1.1468312041118651,-0.0039100821334142515,-0.46882891549200334,-0.2447443392259245,-0.2099618449622583,0.6572123912097525,-0.19379456778184626,1.357645947761808,-0.7095914593360166,1.3094933969888636,-0.07821497799180913,-0.07821356406081044,0.10269840294398339,-0.9667853746834301,-1.6985839689782907,-1.856046845741584
-0.5433850385900877,-0.5626473359565062,-0.48480742545004935,-0.3335330309751192,0.022307745407095292,0.6572123912097525,-0.19379456778184626,1.357645947761808,-0.7095914593360166,1.3094933969888636,-0.1500557088626896,-0.1394071092703945,0.32264525499287466,-1.145918851004844,-1.1454286113604808,-0.723468706934102
-0.7436520711160995,0.13577423132235864,0.33009658241031586,0.6431425782660236,-0.16350792688838758,0.6572123912097525,-0.19379456778184626,1.357645947761808,-0.7095914593360166,1.3094933969888636,-0.09325140195048075,-0.09788069327178715,0.3550281496092038,-0.5425980556213594,-0.35922841119311144,-0.5950963194026734
-0.6615035575226961,0.34530070150601816,-0.2930653059534929,-0.282796635689865,-0.34932359918387046,0.6572123912097525,-0.19379456778184626,1.357645947761808,-0.7095914593360166,1.3094933969888636,-0.01763319430556236,0.03312419336910748,0.30226556313531655,-0.7428234812783615,-0.4453609917249878,-0.19572851038322586
-1.6325999385829615,-0.5393666170472108,-0.500785935408096,1.1758747287611924,-0.34932359918387046,0.6572123912097525,-0.19379456778184626,1.357645947761808,-0.7095914593360166,1.3094933969888636,-0.03570999858268221,-0.04772630824469919,0.12049117856593801,-0.6606920346100597,-0.8131857066737375,-0.25719571578193007
-1.698535462610591,-0.16687511449848255,-0.6605710349885598,1.2012429264038198,-0.34932359918387046,0.6572123912097525,-0.19379456778184626,1.357645947761808,-0.7095914593360166,1.3094933969888636,-0.07290864765976306,0.07553313694459339,-0.00286175362082407,-1.63158666364248,-1.3524737524640271,-0.7549887908612665
-0.7933195151973335,-0.7023316494122791,1.049129530522403,1.936920658040005,-0.34932359918387046,0.6572123912097525,-0.19379456778184626,1.4260282411658594,-0.7095914593360166,1.3094933969888636,-0.07882088853984283,-0.07810290771149331,-0.07379403174664222,-1.6975084891063634,-0.9715656399588126,-1.3250867753729194
-0.5827633507886559,-0.027190801042709663,-0.2770867959954463,1.6832386816137341,-0.34932359918387046,0.6572123912097525,-0.19379456778184626,1.4260282411658594,-0.7095914593360166,1.3094933969888636,-0.03406697452913435,-0.149946350492401,0.08263967802622389,-0.7924806066026144,-1.1511266150918664,-1.2775831635010457
-0.020749894374579584,-0.49280517922861955,2.2954533072500216,1.9622888556826323,-0.34932359918387046,0.6572123912097525,-0.19379456778184626,1.4260282411658594,-0.7095914593360166,1.3094933969888636,0.03970555586935627,-0.09313989927893522,0.2666328520044957,-0.5819681867016637,-0.5463660055074826,-0.4166026015635031
0.823911509301001,0.5781078905989732,3.286120924648897,0.5289856888742018,-0.34932359918387046,0.6572123912097525,-0.19379456778184626,1.4260282411658594,-0.7095914593360166,1.3094933969888636,0.05348701894245526,-0.017518837128319763,0.2649782799310309,-0.020071492492368666,-0.7470692655329466,-0.44527328476628836
-0.8005348957108999,0.4849850149617911,-0.053387656582797115,1.7339750768989886,-0.34932359918387046,0.6572123912097525,-0.19379456778184626,1.4260282411658594,-0.7095914593360166,1.3094933969888636,-0.029993286542338727,-0.03559632378528438,0.17567382759797803,0.8244144269013656,-0.6647418136479205,-0.4326640854983699
-1.661812798627539,-0.3298401468635513,0.5537957218229655,1.2646634205103875,-0.34932359918387046,0.6572123912097525,-0.19379456778184626,1.4260282411658594,-0.7095914593360166,1.3094933969888636,-0.08643760475375076,-0.0727963770712062,0.043276470664746367,-0.799694488070691,-1.6379534652082468,-0.3480752791309016
-1.695926148688713,0.08921279350376782,0.5378172118649189,2.0257093497892003,-0.34932359918387046,0.6572123912097525,-0.19379456778184626,1.4260282411658594,-0.7095914593360166,1.3094933969888636,-0.2055333027755578,-0.07870884113199603,-0.044287408542436534,-1.6607934545121865,-1.704032611920094,-0.8079343865507671
-0.4466477895668431,-0.027190801042709663,1.129022080312635,0.4275128983036934,-0.34932359918387046,0.6572123912097525,-0.19379456778184626,1.4944105345699108,-0.7095914593360166,1.3094933969888636,-0.12195226301918735,-0.03395323770935239,-0.24277938599819163,-1.6948997172876021,-0.7968448966915166,-1.7137163288882484
-0.9041635500292243,-0.027190801042709663,-0.6286140150724672,0.9602450487988622,0.1152155815548367,0.6572123912097525,-0.19379456778184626,1.4944105345699108,-0.7095914593360166,1.3094933969888636,-0.04382689802742638,0.03982207752251194,0.08473649033937322,-0.44588090443447714,-0.5858300926958051,-1.2669432636854427
-0.8466262079322021,-0.6790509305029837,0.7135808214034294,2.0764457450744542,-0.34932359918387046,0.6572123912097525,-0.19379456778184626,1.4944105345699108,-0.7095914593360166,1.3094933969888636,-0.2241670245326847,0.053604060830962724,0.20887963728228326,-0.9033016128152683,-0.022592442156226997,-0.5526565683681303
-0.5315398770825833,-0.027190801042709663,0.12237595295571332,2.0383934486105133,-0.34932359918387046,0.6572123912097525,-0.19379456778184626,1.4944105345699108,-0.7095914593360166,1.3094933969888636,-0.13499722940689815,-0.02987939594523344,0.4079180092212567,-0.8457762245012808,0.8239088276588857,-0.6070968062427655
-0.3809326270616992,0.08921279350376782,-0.10132318645693639,0.9221927523349215,-0.34932359918387046,0.6572123912097525,-0.19379456778184626,1.4944105345699108,-0.7095914593360166,1.3094933969888636,-0.0499161150219326,-0.08632584486871761,0.40883006178886205,-0.53075535502855,-0.8040759939576574,-0.20723904018237035
-1.5367616478236303,-0.28327870904496005,-0.3090438159115395,1.5310294957579715,1.508833123770958,0.6572123912097525,-0.19379456778184626,1.4944105345699108,-0.7095914593360166,1.3094933969888636,0.021785050936152996,-0.2054260386245428,0.09885136532557592,-0.38017939471144035,-1.6672299575577942,0.11166252293979423
-1.4437705446826377,0.15905495023165406,-0.5646999752402813,-0.6125832050440171,-0.34932359918387046,0.6572123912097525,-0.19379456778184626,1.4944105345699108,-0.009347931404889999,1.5013261370085875,-0.19589161931745336,-0.12184184377416017,0.1038771048087798,-1.535768283954679,-1.7014176143144206,0.7497381308693399
-0.6867032110319409,-0.3996823035914375,-0.7724206046948844,0.4528810959463204,0.44039300807193166,0.6572123912097525,-0.19379456778184626,1.5627928279739622,-0.009347931404889999,1.5013261370085875,-0.33241235797757596,-0.043713529634219137,0.10753713015045616,-1.4427965003621843,-0.4494180405830084,-1.050103941416345
-0.7972750774933409,-0.12031367667989173,0.2981395624942232,0.5797220841594558,-0.256415763036129,0.6572123912097525,-0.19379456778184626,1.5627928279739622,-0.009347931404889999,1.5013261370085875,-0.36355739495824346,-0.22406046378454805,-0.032743633715134814,-0.685886452716006,-0.9079303752375028,-1.7014233249449016
-0.9208333154661099,0.13577423132235864,0.4259676421585944,0.719247171193905,-0.34932359918387046,0.6572123912097525,-0.19379456778184626,1.5627928279739622,-0.009347931404889999,1.5013261370085875,-0.4390426058200495,-0.13488730259526804,0.018318086091580126,-0.7964353471030412,-0.8502677036214302,-0.942785863993181
-0.8850074207252203,0.18233566914094987,0.5697742317810116,0.7319312700152183,-0.34932359918387046,0.6572123912097525,-0.19379456778184626,1.5627928279739622,-0.009347931404889999,1.5013261370085875,-0.2846771849754984,-0.04980297649009265,-0.07789271528473743,-0.919967914992434,-0.5344950425232207,-1.7050672210642992
-1.0938915373565035,0.41514285823390484,0.07444042308157406,0.4528810959463204,-0.34932359918387046,0.6572123912097525,-0.19379456778184626,1.5627928279739622,-0.009347931404889999,1.5013261370085875,-0.2357593663105425,0.02190089610959539,-0.13907366653724557,-0.884149463330372,-0.38355973539155147,-1.153956255800411
-1.7938447397811776,-0.0737522388613009,0.10639744299766672,1.9876570533252593,-0.34932359918387046,0.6572123912097525,-0.19379456778184626,1.5627928279739622,-0.009347931404889999,1.5013261370085875,-0.26969128209345544,-0.19578399120329748,-0.09755579689591842,-1.0929901828334845,-1.5419064166848324,-0.37066175229807247
-1.6376131632195028,0.5315464527803823,1.1609791002287282,2.051077547431827,-0.34932359918387046,0.6572123912097525,-0.19379456778184626,1.5627928279739622,-0.009347931404889999,1.5013261370085875,-0.22590192623701877,-0.3323098833739093,0.03342212824252619,-1.7927979651116726,-1.4487127576069847,-0.45647599768840513
0.5757373710149348,1.1135644255127697,2.822744135865552,1.7720273733629293,-0.34932359918387046,0.6572123912097525,-0.19379456778184626,1.6311751213780137,-0.009347931404889999,1.5013261370085875,-0.2520766580278279,-0.36345609604609697,-0.04741173390802655,-1.6365988467467323,-0.689996357778446,-0.8229412789365338
-0.764105560641885,0.6479500473268598,-0.500785935408096,0.9602450487988622,-0.34932359918387046,0.6572123912097525,-0.19379456778184626,1.6311751213780137,-0.009347931404889999,1.5013261370085875,-0.10698132474221808,-0.4389441563931151,0.07582234383186265,0.5762918485187595,-0.8008090751088475,-1.360236184206368
-0.7997315247299167,0.43842357714320024,-0.3569793457856782,0.9095086535136082,-0.34932359918387046,0.6572123912097525,-0.19379456778184626,1.6311751213780137,-0.009347931404889999,1.5013261370085875,-0.21665183044361494,-0.28457290842058836,-0.07778208170908554,-0.763272721449429,-0.9246364512443371,-0.9807358599870811
-0.8333921121265158,0.43842357714320024,-0.3090438159115395,1.02366554290543,-0.34932359918387046,0.6572123912097525,-0.19379456778184626,1.6311751213780137,-0.009347931404889999,1.5013261370085875,-0.14501819654493556,-0.23565324316079223,-0.1496107387273532,-0.7988912839956172,-0.8887325194931552,-1.1596332004295018
-0.944919486580281,-0.027190801042709663,0.0904189330396201,1.2900316181530145,-0.34932359918387046,0.6572123912097525,-0.19379456778184626,1.6311751213780137,-0.009347931404889999,1.5013261370085875,-0.26765394733900644,-0.26958643983689123,-0.09281597858368522,-0.8325448781710508,-1.098071633608168,-0.5571077096940285
-1.3704197094885862,0.6013886095082686,-0.037409146624750506,-0.5364786121161359,-0.34932359918387046,0.6572123912097525,-0.19379456778184626,1.6311751213780137,-0.009347931404889999,1.5013261370085875,-0.1390180111187017,-0.22579543097954838,-0.01721047964986819,-0.9440490820370195,-1.7995494945419137,-0.757069195813568
-1.553989978642842,0.8341957986012235,0.2182470127039913,0.22456731716267653,-0.34932359918387046,0.6572123912097525,-0.19379456778184626,1.6311751213780137,-0.009347931404889999,1.5013261370085875,-0.08375147072577968,-0.2519711508382229,-0.035284245863929566,-1.3694609043143526,-1.6429776097971127,-0.6750460157950866
-0.4101082737365837,0.34530070150601816,0.3620536023264091,0.8968245546922945,-0.34932359918387046,0.6572123912097525,-0.19379456778184626,1.6995574147820651,-0.009347931404889999,1.5013261370085875,-0.19682188358498898,-0.10687034036043437,-0.0724766431810282,-1.5529930354683275,0.5751941092163769,-1.6446607999802763
0.2903060826026962,0.25217782586883614,0.9532584707741252,1.886184262754751,-0.34932359918387046,0.6572123912097525,-0.19379456778184626,1.6995574147820651,-0.009347931404889999,1.5013261370085875,-0.02399653507048782,-0.21654498600501523,-0.07838789042526752,-0.40934897994279035,-0.7675673074470026,-1.7104957265097984
1.9679592150230416,1.0204415498755877,3.1582928449845262,1.860816065112124,-0.34932359918387046,0.6572123912097525,-0.19379456778184626,1.6995574147820651,-0.009347931404889999,1.5013261370085875,0.048308211245414734,-0.14490864801399572,-0.033641497943851136,0.2909198604420701,-0.8032708730505395,-0.8066608625246264
0.36703421351469806,1.323090895696429,0.47390317203273363,1.860816065112124,-0.34932359918387046,0.6572123912097525,-0.19379456778184626,1.6995574147820651,-0.009347931404889999,1.5013261370085875,0.14529237022821131,-0.2675490281752549,0.04011863393574767,1.9682244487548608,-0.8370047809217314,-0.5964259425992978
2.227906277098977,0.5082657338710865,3.701562183558103,2.127182140359708,-0.34932359918387046,-1.5215781281288188,-0.19379456778184626,1.6995574147820651,-0.009347931404889999,1.5013261370085875,-0.03656468399095899,-0.13890823608724018,0.05389778083873095,0.3676320505511752,-0.9487750875599146,-0.03526994729517282
-1.414693403986344,1.2532487389685423,-0.021430636666704465,1.7339750768989886,-0.34932359918387046,-1.5215781281288188,-0.19379456778184626,1.6995574147820651,-0.009347931404889999,1.5013261370085875,1.2738777192867525,-0.08363960944208707,-0.0295684945980349,2.228117505020529,-1.3752021474813538,0.808102760715806
-2.179892223751534,0.3685814204153136,-0.11730169641498242,2.139866239181022,-0.34932359918387046,-1.5215781281288188,-0.19379456778184626,1.6995574147820651,-0.009347931404889999,1.5013261370085875,-0.24253962277172622,-0.19671429058730483,-0.08600332654210732,-1.4137254006441229,-1.5591722747574228,-0.813865234568354
-1.328186912932529,0.13577423132235864,-0.053387656582797115,1.8481319662908102,-0.34932359918387046,-1.5215781281288188,-0.19379456778184626,1.7679397081861168,-0.009347931404889999,1.5013261370085875,-0.3207927719996176,-0.02388241810248889,-0.2050790088445961,-2.1787652450319936,-0.412798933312157,-1.6738290901108903
-1.3025822904001692,0.6013886095082686,0.6656452915292902,2.127182140359708,-0.34932359918387046,-1.5215781281288188,-0.19379456778184626,1.7679397081861168,-0.009347931404889999,1.5013261370085875,-0.22532878467999856,0.04842505763952296,-0.12151201606607522,-1.3272368819155398,0.2891410860351201,-1.7078903936050758
-1.5839580511899796,0.5781078905989732,1.208914630102867,2.2032867332875896,-0.34932359918387046,-1.5215781281288188,5.1601033581379605,1.7679397081861168,-0.009347931404889999,1.5013261370085875,-0.14806202836483176,0.14541287766961178,-0.04339978114872741,-1.3016375789216097,1.9704485315077591,-0.4605180522061367
-1.7439186262968887,1.1601258633313605,0.0265048932074348,1.4676090016514038,-0.34932359918387046,-1.5215781281288188,5.1601033581379605,1.7679397081861168,-0.009347931404889999,1.5013261370085875,-0.2630048902309678,-0.03645104145701255,-0.22370959894079195,-1.5829548819399435,0.36603634840287486,-0.917335783168852
-0.9313873189801076,0.4849850149617911,0.5697742317810116,2.1525503380023356,-0.34932359918387046,-1.5215781281288188,-0.19379456778184626,1.7679397081861168,-0.009347931404889999,1.5013261370085875,-0.2706396487846394,1.2740408296065981,-0.13455479006237248,-1.7428822241247324,2.2309618178665884,-0.8598862255059124
-0.4742013711275424,1.2066873011499513,1.288807179893099,0.7572994676578457,-0.34932359918387046,-1.5215781281288188,-0.19379456778184626,1.7679397081861168,-0.009347931404889999,1.5013261370085875,-0.15727978788939187,-0.24243375556933705,-0.049487974764049876,-0.9305197258387911,-1.4195722802335693,-0.5452806202899905
-0.12601265342669474,1.229968020059247,2.055775657879326,2.190602634466276,-0.34932359918387046,-1.5215781281288188,-0.19379456778184626,1.7679397081861168,-0.009347931404889999,1.5013261370085875,-0.10258419811387941,-0.3206898587691254,0.02220114079728378,-0.47342876154695207,-2.1864378784171525,-0.3949031509946313
1.4877779585600013,1.9051088684288162,3.2701424146908504,0.5289856888742018,-0.34932359918387046,-1.5215781281288188,-0.19379456778184626,-1.7195572554205087,-0.009347931404889999,1.5013261370085875,0.08340403633032488,-0.22522226778705315,-0.19543894580799348,-0.12531238247411192,-1.3328773582143438,-1.5489687292201861
-1.7957353248962695,0.8807572364198147,0.13835446291375939,1.860816065112124,0.2081234177025781,-1.5215781281288188,-0.19379456778184626,-1.7195572554205087,-0.009347931404889999,1.5013261370085875,1.6705336519735339,-0.14795259473525685,-0.33193674022385256,1.4881429532878594,-1.3072169629453492,-1.456119502138574
-2.2578038857545044,0.0659320745944724,0.7295593313614754,2.1525503380023356,-0.34932359918387046,-1.5215781281288188,5.1601033581379605,-1.7195572554205087,0.6908955965262368,1.3094933969888642,-0.23254795144687143,-0.2628997955703298,-0.36307654283981405,-1.7946881574445563,-1.5892056246354607,-0.7002072223194383
-1.2428033900346895,0.29873926368742737,0.745537841319522,2.1525503380023356,-0.34932359918387046,-1.5215781281288188,-0.19379456778184626,-1.7195572554205087,0.6908955965262368,1.3094933969888642,-0.19693580648113687,-0.2705348423278939,-0.43854906734251237,-2.256660720345251,-1.7495146305390399,-0.8106103898390901
-0.08013878403221336,0.5082657338710865,2.599044996452903,2.0383934486105133,-0.34932359918387046,-1.5215781281288188,-0.19379456778184626,-1.7195572554205087,0.6908955965262368,1.3094933969888642,-0.05492073868846714,-0.157170702220287,-0.28420958979387695,-1.2418710980384868,-0.9352134437970401,-0.9339801156282687
-1.2969871508160038,1.6490209604265662,1.033151020564357,1.0363496417267437,-0.34932359918387046,-1.5215781281288188,-0.19379456778184626,-1.7195572554205087,0.6908955965262368,1.3094933969888642,-0.08626265548118203,-0.10247304774531285,-0.23529999246138167,-0.07944804369508325,-0.47703164015982136,-0.8982088802751909
-1.7767046995057405,0.27545854477813153,-0.5806784851983279,-1.2087358496457539,0.16166949962870744,-1.5215781281288188,-0.19379456778184626,-1.7195572554205087,0.6908955965262368,1.3094933969888642,-0.37139726477711793,0.0835222075539387,-0.26922620550512333,-1.2960436017666113,-0.12808448762452143,-1.1067743034580275
-0.7126657386198626,0.08921279350376782,-0.3729578557437248,-1.5131542213572786,1.5552870418448286,-1.5215781281288188,-0.19379456778184626,-1.6511749620164573,0.6908955965262368,1.3094933969888642,-0.4412959695567675,1.6707117356265868,-0.22544420907031573,-1.775661485798824,1.4892213302072252,-1.8056595907945214
-0.7795790256942842,0.25217782586883614,-0.037409146624750506,-0.8789492802916016,-0.07060009074064617,-1.5215781281288188,-0.19379456778184626,-1.6511749620164573,0.6908955965262368,1.3094933969888642,-0.15741743105881342,-0.2324417070696773,-0.25161454182662185,-0.7118435864082331,-1.8014441977847215,-1.6496663759651486
-0.7283511739447219,1.229968020059247,0.5537957218229655,1.5563976934005987,-0.34932359918387046,-1.5215781281288188,-0.19379456778184626,-1.6511749620164573,0.6908955965262368,1.3094933969888642,-0.13210639827003431,-0.19682821778391907,-0.10654359386738131,-0.7787429717818345,-2.2645192498778655,0.5603072604670455
0.5359522656084664,1.4860559280614971,1.8480550284247224,1.9242365592186916,-0.34932359918387046,-1.5215781281288188,-0.19379456778184626,-1.6511749620164573,0.6908955965262368,1.3094933969888642,-0.17870068173347237,-0.05480778907576734,-0.21619566788655895,-0.7275257629748001,-1.2473078504331299,-0.777491479553031
0.18339499017543198,1.9982317440659987,2.0078401280051863,-0.5745309085800766,-0.34932359918387046,-1.5215781281288188,-0.19379456778184626,-1.6511749620164573,0.6908955965262368,1.3094933969888642,0.07802198420549435,-0.08615088899200272,-0.14457407303491215,0.5365150087446735,-0.08211069442788577,-0.8130630892864449
-2.052856724734382,0.46170429605249563,-0.16523722628912169,0.4528810959463204,3.2740820105780455,-1.5215781281288188,-0.19379456778184626,-1.6511749620164573,0.6908955965262368,1.3094933969888642,-0.08588090688807232,-0.37129626181159275,-0.26718921315364336,0.18403097953790187,-1.3016096358647242,-0.8466723208937807
-2.0593515522563726,0.624669328417564,-0.06936616654084372,0.9221927523349215,-0.34932359918387046,-1.5215781281288188,-0.19379456778184626,-1.6511749620164573,0.6908955965262368,1.3094933969888642,-0.4114882428436048,-0.4411976051918813,-0.1385748960248457,-2.0517561385233867,-1.782372119330139,-0.958029538592049
-0.026746354612283207,0.27545854477813153,1.895990558298862,1.7086068792563616,-0.34932359918387046,-1.5215781281288188,-0.19379456778184626,-1.5827926686124059,0.6908955965262368,1.3094933969888642,-0.2373028077789282,-0.15730835058558962,-0.08331764395701494,-2.0582496166997832,-0.7160154377022478,-1.3828805779456623
1.2610303299660552,1.2066873011499513,2.1516467176276035,1.6198181875071664,-0.34932359918387046,-1.5215781281288188,-0.19379456778184626,-1.5827926686124059,0.6908955965262368,1.3094933969888642,0.0015534277183165458,-0.13199636233264989,-0.1963690537314396,-0.026066706923748177,-0.7830744772529129,-1.5661707748615283
1.2687371458617143,1.8585474306102254,2.6310020163689947,0.7826676653004727,-0.34932359918387046,-1.5215781281288188,-0.19379456778184626,-1.5827926686124059,0.6908955965262368,1.3094933969888642,0.09225663221337702,-0.178592404679983,-0.02357275096522668,1.2614424330909482,-0.7317350395004566,-0.4240342845318037
-0.7552746820793707,0.9738801120569964,-0.11730169641498242,0.5036174912315748,4.20316037205546,-1.5215781281288188,-0.19379456778184626,-1.5827926686124059,0.6908955965262368,1.3094933969888642,-0.09926707005757719,0.07813995226245123,0.0487198435136937,1.2691476478419983,0.5353223427313075,0.27531145313908256
-0.8692110749652058,0.6712307662361552,0.7135808214034294,1.23929522286776,-0.34932359918387046,-1.5215781281288188,-0.19379456778184626,-1.5827926686124059,0.6908955965262368,1.3094933969888642,-0.3305094197907898,-0.08576912598829578,0.14568770293456854,-0.7544436775633613,0.181997116743776,1.9504049985947014
-1.0269545358798247,0.5548271716896778,1.4485922794735626,1.5944499898645395,-0.34932359918387046,-1.5215781281288188,-0.19379456778184626,-1.5827926686124059,0.6908955965262368,1.3094933969888642,-0.28402359968956703,-0.4113887532692172,-0.03613878763021489,-0.8683563993710641,-2.0591256669657123,0.351922520326817
-0.9557956411279823,1.3929330524243155,0.825430391109754,1.1758747287611924,-0.34932359918387046,-1.5215781281288188,-0.19379456778184626,-1.5827926686124059,0.6908955965262368,1.3094933969888642,-0.18830900859550373,-0.237196742892427,1.2740833772361815,-1.0260670879844578,-2.065634641710706,2.209955460742588
-0.27209264163877167,1.7654245549730436,0.2342255226620379,-0.7394241932571526,-0.256415763036129,-1.5215781281288188,-0.19379456778184626,-1.5144103752083544,0.6908955965262368,1.3094933969888642,-0.12506630586444809,0.0016685091698256259,-0.2420791094044091,-0.9549229769879619,-0.028601964058759144,-1.427086724289915
-0.5758807015805639,0.7643536418733372,0.5058601919488263,1.7466591757203018,9.870538377067687,-1.5215781281288188,-0.19379456778184626,-1.5144103752083544,0.6908955965262368,1.3094933969888642,-0.23935076743121655,0.09237513761292768,-0.32031910708193606,-0.2713620215525455,1.2619797933060526,-2.1911180840559874
-0.053510428996387964,0.6013886095082686,1.8160980085086296,-0.282796635689865,-0.34932359918387046,-1.5215781281288188,-0.19379456778184626,-1.5144103752083544,0.6908955965262368,1.3094933969888642,-0.1767818768409837,-0.09915579447100786,-0.22487116383785402,-0.5750869674118185,1.2697033964131887,-1.3407122157553628
-0.5666404759514482,0.32201998259672276,0.3620536023264091,-0.15595564747672958,4.946423061237391,-1.5215781281288188,-0.19379456778184626,-1.5144103752083544,0.6908955965262368,1.3094933969888642,-0.24090359969060246,-0.33040687335326113,-0.14761739329574813,-0.05282522088523608,-0.7587171932068798,-1.3151466580671023
-0.78105187249275,0.04265135568517658,0.6017312516971048,0.7572994676578457,-0.07060009074064617,-1.5215781281288188,-0.19379456778184626,-1.5144103752083544,0.6908955965262368,1.3094933969888642,-0.5986562782976113,-0.2839192984625182,-0.2625409373855163,-0.5658486615038496,-0.8729017656714418,-1.5960931252707773
-1.2823739713099935,0.34530070150601816,1.129022080312635,1.9496047568613186,-0.34932359918387046,-1.5215781281288188,-0.19379456778184626,-1.5144103752083544,0.6908955965262368,1.3094933969888642,-0.20793416816312205,-0.18820109424597972,-0.270174412809849,-0.7802155125861332,-1.030988827999842,-1.755809649331018
-1.3708597028596434,0.9971608309662923,0.5218387019068729,1.188558827582506,-0.34932359918387046,-1.5215781281288188,5.1601033581379605,-1.5144103752083544,0.6908955965262368,1.3094933969888642,-0.20295193898198813,-0.12495600417117622,-0.15683360364522927,-1.2814334582502886,-0.9596749328651116,-0.9445180169520712
-1.2321300848355035,0.29873926368742737,0.441946152116641,1.4549249028300906,-0.34932359918387046,-1.5215781281288188,5.1601033581379605,-1.446028081804303,0.6908955965262368,1.3094933969888642,-0.193174852900699,-0.23924477985298112,-0.102147206238468,-1.3699008062737266,-0.27448267153348366,-0.4880295954057282
-0.2794608888376385,0.4849850149617911,0.8094518811517074,1.5056612981153445,-0.34932359918387046,-1.5215781281288188,-0.19379456778184626,-1.446028081804303,0.6908955965262368,1.3094933969888642,-0.170009070935709,-0.17667352735468125,0.08380977024798487,-1.2312000102926963,-0.5789324515001864,-0.14037210748406992
0.7145271871371088,0.8574765175105189,1.784140988592537,1.886184262754751,-0.34932359918387046,-1.5215781281288188,-0.19379456778184626,-1.446028081804303,0.6908955965262368,1.3094933969888642,-0.07301074950616233,-0.24079767073010833,1.6706726462739268,-0.2787287379468052,-0.055424336731386324,1.470956352264827
2.538972834348031,1.1368451444220646,3.046443275278201,1.860816065112124,-0.34932359918387046,0.6572123912097525,-0.19379456778184626,-1.446028081804303,0.6908955965262368,1.3094933969888642,0.011617701217840412,-0.5985638541144852,-0.23208911732147555,0.7150528300912502,-0.5696720985417256,-1.8075472914533912
3.694582952935313,2.324161808796135,3.6056911238098244,0.46556519476763414,-0.34932359918387046,0.6572123912097525,-0.19379456778184626,-1.446028081804303,0.6908955965262368,1.3094933969888642,7.378901158742308,-0.20782699464218332,-0.1964829574812308,2.5391194360286216,-0.7845505322492926,-2.2689108766272446
0.863628755033326,2.789776186982045,1.4326137695155168,-1.6273111107491007,-0.16350792688838758,0.6572123912097525,-0.19379456778184626,-1.446028081804303,1.2035094366430976,0.7853966046998287,20.837315762877743,-0.2028445773872769,-0.0544917573326752,3.6944894685756604,-1.2869646255043066,-1.2554589620699061
-1.6353041101138537,0.624669328417564,0.7615163512775687,0.8080358629430997,3.088266338282563,0.6572123912097525,-0.19379456778184626,-1.446028081804303,1.2035094366430976,0.7853966046998287,0.07747100950043828,-0.19306712223154407,-0.08582840667224241,0.8641234210996274,-1.3756430992588229,-0.0945682276219028
-1.095648227308101,0.391862139324609,-0.42089338561786405,1.02366554290543,-0.34932359918387046,0.6572123912097525,-0.19379456778184626,-1.3776457884002515,1.2035094366430976,0.7853966046998287,-0.47667540408667075,-0.16990046578329593,-0.3709150950574956,-1.6342902733629272,-1.2366112963288234,-1.309560054959321
-0.9475860799045275,-0.05047151995200508,-0.10132318645693639,1.7720273733629293,-0.34932359918387046,0.6572123912097525,-0.19379456778184626,-1.3776457884002515,1.2035094366430976,0.7853966046998287,-0.4684772649597686,-0.07289848277183994,-0.44080205236953024,-1.0947465078205256,-0.28186696846360354,-1.788545700992514
-0.8049804340411718,-0.16687511449848255,-0.037409146624750506,1.5817658910432262,-0.34932359918387046,0.6572123912097525,-0.19379456778184626,-1.3776457884002515,1.2035094366430976,0.7853966046998287,-0.39297765111113897,0.011733162584808162,-0.1569712236817662,-0.9467151213579547,0.7142862413696657,-0.7261301390093137
0.040056386863948655,0.5082657338710865,0.825430391109754,1.3153998157956415,-0.34932359918387046,0.6572123912097525,-0.19379456778184626,-1.3776457884002515,1.2035094366430976,0.7853966046998287,-0.2640751977089155,7.3792947271056795,-0.1316644447706365,-0.8041391028094529,2.542705949375971,-0.7929413368174544
0.05212446375263893,1.1601258633313605,0.457924662074687,0.4782492935889474,-0.34932359918387046,0.6572123912097525,-0.19379456778184626,-1.3776457884002515,1.2035094366430976,0.7853966046998287,-0.25912523932373877,20.838217371861983,-0.17825089740462283,0.040722155818280474,3.7008332516754923,-0.7417916431442162
-0.8869954173080391,1.3696523335150197,1.4485922794735626,1.6325022863284802,-0.34932359918387046,0.6572123912097525,-0.19379456778184626,-1.3776457884002515,1.2035094366430976,0.7853966046998287,-0.23955596260892753,0.07758895675869489,0.07842862265326313,0.0527877254800549,0.8637125866558875,0.5205828549962317
-1.179400199330849,1.8818281495195213,1.2568501599770063,0.6685107759086506,-0.34932359918387046,0.6572123912097525,-0.19379456778184626,-1.3776457884002515,1.2035094366430976,0.7853966046998287,-0.36736599844907064,-0.4765783752572405,-0.08544672223739212,-0.8861370468930728,-1.6406635270445484,0.16856347442899466
0.21561593093672138,1.6257402415172704,1.1769576101867743,0.04698993366428709,-0.2099618449622583,0.6572123912097525,-0.19379456778184626,-1.3092634949961999,1.2035094366430976,0.7853966046998287,-0.42085998760727067,-0.4683799266594375,-0.410999335267137,-1.17848107978853,-1.0998321500331258,-2.0642764024621503
0.517344851088937,1.8585474306102254,0.8893444309419393,0.5670379853381425,-0.34932359918387046,0.6572123912097525,-0.19379456778184626,-1.3092634949961999,1.2035094366430976,0.7853966046998287,-0.19779410413535975,-0.3928774627818985,-0.2368431745325622,0.2162452261746281,-0.9514474893356231,-2.0707613208583853
0.33550901683186257,1.7654245549730436,1.1769576101867743,0.3387242065544987,-0.34932359918387046,0.6572123912097525,-0.19379456778184626,-1.3092634949961999,1.2035094366430976,0.7853966046998287,-0.1178773764366747,-0.2639701434512292,0.001972917790356773,0.5179114600449386,-0.8085312156893614,-0.04125725876358539
1.3948948471585045,1.8352667117009296,1.8160980085086296,1.5310294957579715,-0.34932359918387046,0.6572123912097525,-0.19379456778184626,-1.3092634949961999,1.2035094366430976,0.7853966046998287,-0.17923219495103318,-0.2590199982104677,0.09266087832688139,0.3361134034472312,0.03834628910006553,1.2445546713898796
1.4473179047816767,2.0447931818845895,2.135668207669558,-0.5111104144735089,-0.34932359918387046,0.6572123912097525,-0.19379456778184626,-1.3092634949961999,1.2035094366430976,0.7853966046998287,0.017307264805349817,-0.23944998277658852,-0.09883063567253042,1.3952791389988257,0.05044065302630737,1.252249729035204
-0.8551677707872152,1.7188631171544522,-0.16523722628912169,-1.5512065178212193,0.9049321888106389,0.6572123912097525,-0.19379456778184626,-1.3092634949961999,1.2035094366430976,0.7853966046998287,0.020999005815891824,-0.36726484330759396,-0.3300341218527882,1.4476913053671363,-0.8907248463881942,-0.7686740742176212
-1.394861231799619,1.2532487389685423,0.9692369807321712,1.163190629939879,0.30103125385031954,0.6572123912097525,-0.19379456778184626,-1.3092634949961999,1.2035094366430976,0.7853966046998287,-0.16069198442578617,-0.4207608518061297,-0.2835561143522125,-0.8543160127871979,-1.1837665530474795,-0.8824366349206273
0.24307976260580744,0.8574765175105189,0.8414089010678006,1.4929771992940308,-0.34932359918387046,0.6572123912097525,-0.19379456778184626,-1.2408812015921484,1.2035094366430976,0.7853966046998287,-0.22680425354606865,-0.19768654783795173,-0.1878576094512009,-1.3938973487291169,0.2142882420993094,-1.0399394274285743
-0.06146606369724406,1.4162137713336114,0.2342255226620379,-0.9296856755768558,-0.34932359918387046,0.6572123912097525,-0.19379456778184626,-1.2408812015921484,1.2035094366430976,0.7853966046998287,-0.09638053932828099,-0.1177668033690785,-0.12462553555231819,0.24370335204165403,0.5166743969980045,-0.9688890994453394
-0.7767584711738632,0.41514285823390484,-0.10132318645693639,-0.2193761415832973,8.476920834851565,0.6572123912097525,-0.19379456778184626,-1.2408812015921484,1.2035094366430976,0.7853966046998287,-0.1231715244793874,-0.1791239379615939,-0.2388907899962169,-0.060779202747645866,0.3344424826158677,-0.28622922219124325
-0.5704847629753348,0.624669328417564,-0.2611082860374002,0.07235813130691408,0.39393908999806104,0.6572123912097525,-0.19379456778184626,-1.2408812015921484,1.2035094366430976,0.7853966046998287,-0.19296891369908065,0.017422940947200233,-0.17633241499448066,-0.7759230032512341,1.3961358980996346,-0.5895537942145617
-0.8078542547574272,0.46170429605249563,-0.11730169641498242,0.3133560089118717,0.30103125385031954,0.6572123912097525,-0.19379456778184626,-1.2408812015921484,1.2035094366430976,0.7853966046998287,-0.140208174050559,0.021114821316979587,-0.24044336128014218,-0.5696921498503672,1.448673145158043,-0.0679804993337195
-1.6854356268053614,-0.027190801042709663,0.12237595295571332,1.3661362110808954,-0.34932359918387046,0.6572123912097525,-0.19379456778184626,-1.2408812015921484,1.2035094366430976,0.7853966046998287,-0.21419621897672864,-0.16058302756341658,-0.5981359144811177,-0.807012326469465,-0.8588278719581277,-0.5803276663513156
-1.0135777888236561,0.41514285823390484,2.1836037375436965,0.8841404558709812,-0.34932359918387046,0.6572123912097525,-0.19379456778184626,-1.2408812015921484,1.2035094366430976,0.7853966046998287,-0.2631661313862646,-0.22669779235047993,-0.2074794707327181,-1.684411374883141,-1.3996969090301485,-0.7944119365009513
0.1896099877508276,1.229968020059247,0.5378172118649189,-1.1706835531818132,-0.34932359918387046,0.6572123912097525,-0.19379456778184626,-1.172498908188097,1.2035094366430976,0.7853966046998287,-0.19391124244490499,-0.09626915477829309,-0.2024980788857829,-1.0126931200405351,0.24181189628867386,-1.2949691707079456
0.25815336635250935,1.6024595226079745,1.8001194985505835,-0.5111104144735089,0.4868469261458025,0.6572123912097525,-0.19379456778184626,-1.172498908188097,1.2035094366430976,0.7853966046998287,-0.14880336564932697,-0.12306115126016395,-0.19272263598232472,0.1902446859043214,-0.06339730062810825,-1.3833199000210414
-0.8500242993567535,1.0902837066034738,-0.1812157362471683,0.5924061829807695,0.5797547622935438,0.6572123912097525,-0.19379456778184626,-1.172498908188097,1.2035094366430976,0.7853966046998287,-0.12348296331829323,-0.1928611752559432,-0.16956074735519078,0.2587738241423297,-0.7802477789182556,-1.2448019410788977
-0.8278221462924358,-0.12031367667989173,-0.10132318645693639,-0.44768992036694116,-0.30286968110999973,0.6572123912097525,-0.19379456778184626,-1.172498908188097,1.2035094366430976,0.7853966046998287,-0.24162163212053084,-0.14009844394646317,-0.07257872786776567,-0.8491736099487024,-0.5735247593038879,-0.2935862276923367
-0.7306609567242786,0.3685814204153136,-0.037409146624750506,0.3767765030184394,-0.34932359918387046,0.6572123912097525,-0.19379456778184626,-1.172498908188097,1.2035094366430976,0.7853966046998287,-0.21507719127335745,-0.21408928184144727,0.012035499846135356,-0.8269760695361159,-0.8114112962458366,0.6988853256632872
-1.4330472568202368,0.7410729229640415,0.33009658241031586,1.0363496417267437,-0.34932359918387046,0.6572123912097525,-0.19379456778184626,-1.172498908188097,1.2035094366430976,0.7853966046998287,-0.2016287389596619,-0.26306104281230613,7.378080781010975,-0.7298350658809181,-1.6909042416699058,2.5205474253063542
-1.3577299504238773,0.391862139324609,1.8800120483408156,0.7826676653004727,-0.34932359918387046,0.6572123912097525,-0.19379456778184626,-1.172498908188097,1.3911391244573632,0.06946707239107,-0.19413121009783169,-0.19380353957366028,20.834233507902642,-1.4320754403374252,-1.0175829433225407,3.6743944353352096
-0.99677412822327,0.624669328417564,-0.3090438159115395,0.8207199617644134,0.34748517192419026,0.6572123912097525,-0.19379456778184626,-1.1041166147840455,1.3911391244573632,0.06946707239107,-0.25165338549488825,-0.14869396000443416,0.07787774054731206,-1.356773781635356,0.1882256520084119,0.8477594100456407
-0.8226436505140285,0.7410729229640415,-0.13328020637302904,0.16114682305610903,-0.34932359918387046,0.6572123912097525,-0.19379456778184626,-1.1041166147840455,1.3911391244573632,0.06946707239107,-0.18316016715834063,-0.1233726018555497,-0.4761755408842293,-0.9958929505175205,0.25691833379931195,-1.647360845770235
-0.18350366123007794,0.4849850149617911,0.5058601919488263,-0.955053873219483,-0.34932359918387046,0.6572123912097525,-0.19379456778184626,-1.1041166147840455,1.3911391244573632,0.06946707239107,-0.2056339787738217,-0.24151573026498568,-0.46797877957075307,-0.821798649626227,-0.8536731968679706,-1.1085283132365822
-0.020858615787988435,0.9040379553291101,-0.005452126708657854,-1.3102086402162623,12.332596034982835,0.6572123912097525,-0.19379456778184626,-1.1041166147840455,1.3911391244573632,0.06946707239107,-0.1389760962913465,-0.21497028739382915,-0.39249185450185714,-0.18279144612073228,-0.8314226824253894,-0.960692063508243
-0.6346829334101298,1.0204415498755877,-0.21317275616326095,-0.2447443392259245,1.2765635334016046,0.6572123912097525,-0.19379456778184626,-1.1041166147840455,1.3911391244573632,0.06946707239107,-0.15031087711496877,-0.2015213274155784,-0.26361106498312903,-0.020180191318147647,-0.7340498535163257,-0.8183039903631057
-1.6906338237794867,0.9040379553291101,-0.053387656582797115,0.3133560089118717,-0.30286968110999973,0.6572123912097525,-0.19379456778184626,-1.1041166147840455,1.3911391244573632,0.06946707239107,-0.17547304698331326,-0.1940235155301284,-0.2586619385085865,-0.6338769826687096,-1.4379661119657665,0.02544356210522992
-2.0042104592979046,0.5548271716896778,0.33009658241031586,0.6177743806233965,-0.34932359918387046,0.6572123912097525,-0.19379456778184626,-1.1041166147840455,1.3911391244573632,0.06946707239107,-0.37156322373539574,-0.2515478623272021,-0.2390959506879712,-1.6896084918956877,-1.36248474721282,0.03749322678957553
-1.8518246291079543,0.18233566914094987,0.10639744299766672,0.6431425782660236,-0.34932359918387046,0.6572123912097525,5.1601033581379605,-1.035734321379994,1.3911391244573632,0.06946707239107,-0.4486086969012955,-0.18305205844561132,-0.36688450624086694,-2.003119979686924,-1.00074268049785,-0.9001938437816002
-0.5748339843487605,-0.28327870904496005,0.3141180724522698,0.9221927523349215,-0.34932359918387046,0.6572123912097525,-0.19379456778184626,-1.035734321379994,1.3911391244573632,0.06946707239107,-0.41715444431325466,-0.20552671842321693,-0.42036950497632297,-1.8507658087131493,-0.8262329066962293,-1.1921525052959294
-0.0868572566093167,0.25217782586883614,1.4645707894316093,0.1357786254134818,-0.34932359918387046,0.6572123912097525,-0.19379456778184626,-1.035734321379994,1.3911391244573632,0.06946707239107,-0.21875974803441678,-0.13886631967764548,-0.19734111088637313,-0.5740404676428007,-0.1857007240202432,0.20073525586266738
0.01840805630149877,1.1834065822406563,1.4645707894316093,0.6177743806233965,-0.34932359918387046,0.6572123912097525,-0.19379456778184626,-1.035734321379994,1.3911391244573632,0.06946707239107,-0.2468951368907841,-0.15020152837700618,-0.11743781432598295,-0.08616512046277686,-0.022701400389793965,0.5020038297156523
-0.36080092373265277,1.7654245549730436,1.033151020564357,-0.9296856755768558,-0.34932359918387046,0.6572123912097525,-0.19379456778184626,-1.035734321379994,1.3911391244573632,0.06946707239107,-0.28686929766701014,-0.17536464809009678,-0.17878232129385732,0.01907832284708478,-0.6378627680685616,0.3204454214783493
-1.751531679094406,0.3685814204153136,-0.3889363657017714,-0.2954807345111785,-0.2099618449622583,0.6572123912097525,-0.19379456778184626,-1.035734321379994,1.3911391244573632,0.06946707239107,-0.27924737640713904,-0.37146222703464205,0.017724107221878064,-0.3600518738837911,-1.696113761508504,1.3782149521602558
-1.6312270571109166,0.27545854477813153,-0.2451297760793536,-0.5618468097587631,-0.34932359918387046,0.6572123912097525,-0.19379456778184626,-1.035734321379994,1.3911391244573632,0.06946707239107,-0.36304693898952484,-0.4485106085839714,0.02141522778304121,-1.7504936952575767,-2.010373438813049,1.4305580281875008
-0.6883511795701308,-0.516085898137915,0.9852154906902179,0.7572994676578457,-0.34932359918387046,0.6572123912097525,-0.19379456778184626,-0.9673520279759426,1.3911391244573632,0.06946707239107,-0.34382749785250893,-0.41705516863185504,-0.160245226713654,-1.6302140673961103,-1.8576556773570418,-0.8684147565413439
-0.34778536526466375,0.01937063677588116,1.2568501599770063,0.6685107759086506,-0.34932359918387046,0.6572123912097525,-0.19379456778184626,-0.9673520279759426,1.3911391244573632,0.06946707239107,-0.22934993889034083,-0.2186529831674303,-0.22634638473047775,-0.6875340788772693,-0.5778834542783371,-1.4072848099487665
0.08074920662131191,1.4394944902429063,1.2728286699350528,-0.7013718967932121,-0.34932359918387046,0.6572123912097525,-0.19379456778184626,-0.9673520279759426,1.3911391244573632,0.06946707239107,-0.185273850130363,-0.24678943410435045,-0.09594459006561766,-0.34703901948860644,-0.08884380137818315,0.22815718610160485
0.5287481950405926,1.6723016793358612,1.6083773790540266,-0.815528786185034,-0.34932359918387046,0.6572123912097525,-0.19379456778184626,-0.9673520279759426,1.3911391244573632,0.06946707239107,-0.194117229255553,-0.2867651038619875,-0.12273107261211322,0.08140652135929105,0.0166508035117012,-0.07592399616263835
-0.6182448394414193,1.067002987694179,0.3780321122844551,-0.25742843804723803,-0.34932359918387046,0.6572123912097525,-0.19379456778184626,-0.9673520279759426,1.3911391244573632,0.06946707239107,-0.22254996668821275,-0.2791428948828179,-0.1925167313917068,0.5293124348725696,-0.36338418059832656,-0.7901250856029101
-1.1690224120674453,0.717792204054746,-0.3090438159115395,-0.48574221683088165,-0.34932359918387046,0.6572123912097525,-0.19379456778184626,-0.9673520279759426,1.3911391244573632,0.06946707239107,-0.27438834503459325,-0.36294562080821663,-0.13976485893296087,-0.61744230382836,-1.7571442663105155,-0.5841660881657826
-1.6469332881423684,0.13577423132235864,-0.3250223258695855,0.07235813130691408,-0.34932359918387046,0.6572123912097525,-0.19379456778184626,-0.9673520279759426,1.3911391244573632,0.06946707239107,-0.22334268925448236,-0.34372545415804817,-0.21374046911996908,-1.1681054485826152,-1.6365775932856819,-0.8211734265055168
-0.5190573454098835,0.27545854477813153,-0.516764445366142,-0.5998991062227036,-0.256415763036129,0.6572123912097525,-0.19379456778184626,-0.8989697345718911,1.3911391244573632,0.06946707239107,-0.321255249169521,-0.22924357379162544,-0.2627021514419527,-1.645917035348817,-0.691647915969838,-1.6974158770583143
-0.37103569490861615,-0.7023316494122791,-0.3889363657017714,0.14846272423479553,-0.34932359918387046,-1.5215781281288188,-0.19379456778184626,-0.8989697345718911,1.3911391244573632,0.06946707239107,-0.24484012659257812,-0.18516582120688382,-0.19345890176583513,-0.5182754166886302,-0.3503402712607368,-1.0265830892082572
-0.5014816898068809,-0.16687511449848255,-0.4528504055339567,-0.8916333791129152,-0.34932359918387046,-1.5215781281288188,-0.19379456778184626,-0.8989697345718911,1.3911391244573632,0.06946707239107,-0.20817623834264684,-0.194009534160088,-0.14835860598800993,-0.37028451871485246,0.07912774714594044,0.17476898981377986
-0.7247476793129531,0.5082657338710865,-0.08534467649888977,0.1104104277708548,-0.34932359918387046,-1.5215781281288188,-0.19379456778184626,-0.8989697345718911,1.3911391244573632,0.06946707239107,-0.25184465346196716,-0.22244334489788833,-0.12304245910930992,-0.5007034125503305,0.5281025800465132,0.24320779212671823
-0.588281509774736,0.4849850149617911,1.1609791002287282,0.4021447006610664,-0.34932359918387046,-1.5215781281288188,-0.19379456778184626,-0.8989697345718911,1.3911391244573632,0.06946707239107,-0.23811617210029948,-0.27428368008708387,-0.24116127303454812,-0.7239230169941059,-0.6213888681634606,-0.8632791324794309
-1.612344555525237,0.7643536418733372,1.1450005902706817,0.2879878112692442,-0.34932359918387046,-1.5215781281288188,-0.19379456778184626,-0.8989697345718911,1.3911391244573632,0.06946707239107,-0.20916131850517744,-0.22323609738857897,-0.21462129335672242,-0.5874851992518317,-1.1733661605847545,-0.8411108531286206
-1.7561275302512749,1.1601258633313605,0.9692369807321712,-0.6506355015079578,-0.34932359918387046,-1.5215781281288188,-0.19379456778184626,-0.8989697345718911,1.3911391244573632,0.06946707239107,-0.21949522141305497,-0.3211523533970426,-0.20117510124596658,-1.6113354887814766,-1.6523180360882985,-0.7440979018997779
-0.899905902732195,1.0204415498755877,0.2182470127039913,-0.16863974629804307,0.8584782707367681,-1.5215781281288188,-0.19379456778184626,-0.8305874411678396,1.3911391244573632,0.06946707239107,-0.2623842860067845,-0.2447343462317244,-0.1936788324500814,-1.7550885915944001,-0.5219853210354537,-1.4454125747426494
-0.8009362163644339,0.15905495023165406,0.17031148282985203,0.2879878112692442,-0.34932359918387046,-1.5215781281288188,-0.19379456778184626,-0.8305874411678396,1.3911391244573632,0.06946707239107,-0.14675300676377492,-0.20806907395959603,-0.25119134043062796,-0.89904485007408,-0.37364124545179267,-1.3702101795826742
-0.6588132497961915,-0.12031367667989173,0.441946152116641,0.07235813130691408,-0.34932359918387046,-1.5215781281288188,-0.19379456778184626,-0.8305874411678396,1.2035094366430978,-0.6464624599176886,-0.1453254335924182,-0.2517391375144403,-0.18270963334978652,-0.8000957253470677,-0.5043713816260841,-1.009805065868519
-0.2712805145708091,0.2056163880502453,0.058461913123527456,-1.3228927390375755,4.992876979311262,-1.5215781281288188,-0.19379456778184626,-0.8305874411678396,1.2035094366430978,-0.6464624599176886,-0.10508476857165674,-0.23801013791742323,-0.20517966792283215,-0.6580022858136982,-0.7281236956314335,-0.8359402581552338
-1.1474798842227576,0.5082657338710865,0.457924662074687,-0.3335330309751192,3.3205359286519163,-1.5215781281288188,-0.19379456778184626,-0.8305874411678396,1.2035094366430978,-0.6464624599176886,-0.11599258472794854,-0.20905419130783923,-0.13853298824187105,-0.2705500632096302,-0.5913602714969577,-0.19777540154536968
-1.325550601075775,0.29873926368742737,-0.5966569951563739,-1.0818948614326185,7.826565981817376,-1.5215781281288188,-0.19379456778184626,-0.8305874411678396,1.2035094366430978,-0.6464624599176886,-0.21435959093348875,-0.21938848430939448,-0.14986586409499253,-1.1465673963479313,-1.6176539612835465,-0.03537850283286686
-1.088853868643789,-0.46952446031932416,-0.5487214652822352,-1.284840442573635,0.6726625984412853,-1.5215781281288188,-0.19379456778184626,-0.8305874411678396,1.2035094366430978,-0.6464624599176886,-0.29260037972947855,-0.262279167919007,-0.17502380510421037,-1.3246011177709114,-1.7617501282846053,-0.6482663117741279
-0.1419895934807975,-0.1901558334077784,-0.6126355051144206,-0.39695352508168696,1.0907478611061217,-1.5215781281288188,-0.19379456778184626,-0.7622051477637881,1.2035094366430978,-0.6464624599176886,-0.4038907302567654,-0.14664352372004785,-0.3710810261240192,-1.0879535607314856,-0.9036634538087778,-1.7026061431694037
-0.11791838068189239,0.08921279350376782,-0.6286140150724672,-0.6506355015079578,-0.024146172666775465,-1.5215781281288188,-0.19379456778184626,-0.7622051477637881,1.2035094366430978,-0.6464624599176886,-0.09144833281022606,-0.1452158966593452,-0.4481135507066264,-0.14128600320778723,-0.8044781887795603,-2.0157043563887154
-0.8476247666855856,0.04265135568517658,-0.2770867959954463,-0.4984263156521954,-0.07060009074064617,-1.5215781281288188,-0.19379456778184626,-0.7622051477637881,1.2035094366430978,-0.6464624599176886,-0.16405149702765254,-0.10497371259692523,-0.41666458445135507,-0.11721979137077382,-0.66204564581455,-1.8635510204951278
-0.834234520661976,-0.6092087737750971,0.13835446291375939,0.14846272423479553,-0.34932359918387046,-1.5215781281288188,-0.19379456778184626,-0.7622051477637881,1.2035094366430978,-0.6464624599176886,-0.24415417515972893,-0.11588194051150025,-0.2183032312119461,-0.8467745757971376,-0.2736687754666218,-0.5885086739539858
-1.837995119387208,0.27545854477813153,0.26618254257813057,-0.6506355015079578,-0.30286968110999973,-1.5215781281288188,5.1601033581379605,-0.7622051477637881,1.2035094366430978,-0.6464624599176886,-0.25171344368583926,-0.21425265996532236,-0.24643389151761336,-0.8333871116902782,-1.1517767081767223,-0.10127644985911233
-2.037499642671506,0.34530070150601816,-0.7404635847787917,-0.42232172272431395,0.2081234177025781,-1.5215781281288188,5.1601033581379605,-0.7622051477637881,1.2035094366430978,-0.6464624599176886,-0.2921463912699723,-0.2924964022666162,-0.2864013340697946,-1.8369391721692419,-1.3302353038661046,0.0038282602920756683
-1.3324142787620628,-0.12031367667989173,-0.8043776246109771,-0.8789492802916016,0.2081234177025781,-1.5215781281288188,5.1601033581379605,-0.7622051477637881,1.2035094366430978,-0.6464624599176886,-0.4332233922789639,-0.4037909538844804,-0.27878069378177334,-2.036402247001129,-1.093022991698328,-0.37480216250432175
-1.4589535995166636,0.15905495023165406,-0.3250223258695855,-0.041798758084907635,-0.34932359918387046,-1.5215781281288188,5.1601033581379605,-0.6938228543597367,1.2035094366430978,-0.6464624599176886,-0.23460242429971057,-0.09133676207476718,-0.36256617266045277,-1.331463369480418,-0.1440962291160889,-1.7634110869320887
-0.8880618357355629,0.13577423132235864,0.4898816819907797,-0.44768992036694116,-0.2099618449622583,-1.5215781281288188,-0.19379456778184626,-0.6938228543597367,1.2035094366430978,-0.6464624599176886,-0.15320056411768537,-0.16394266698325655,-0.34334996162280773,-1.4579764008109592,-0.11997258369841672,-1.6432900131066035
-1.1290359166602963,0.950599393147701,0.5058601919488263,-0.35890122861774626,-0.34932359918387046,-1.5215781281288188,-0.19379456778184626,-0.6938228543597367,1.2035094366430978,-0.6464624599176886,-0.27382266222143475,-0.24404836890494924,-0.22889164223626232,-0.8872032437647505,-0.8512684374646552,-0.7018526765602999
-0.9845163361165455,0.9040379553291101,0.18628999278789862,-0.42232172272431395,-0.30286968110999973,-1.5215781281288188,-0.19379456778184626,-0.6938228543597367,1.2035094366430978,-0.6464624599176886,-0.3739611254273601,-0.25160792278528504,-0.18482296108744023,-1.1281272606480224,-0.8378490244160678,-0.3618064618085679
-0.9541951013942994,-0.027190801042709663,-0.3090438159115395,-0.5745309085800766,-0.34932359918387046,-1.5215781281288188,-0.19379456778184626,-0.6938228543597367,1.2035094366430978,-0.6464624599176886,-0.3579828687796883,-0.2920423966695358,-0.19366485395748134,-0.983637705052368,-1.843796043794303,0.06607429703170883
-0.9582042947230962,0.32201998259672276,-0.6286140150724672,-0.8535810826489745,-0.34932359918387046,-1.5215781281288188,-0.19379456778184626,-0.6938228543597367,1.2035094366430978,-0.6464624599176886,-0.35050059765796454,-0.43312472318300105,-0.22209281286580013,-0.9533227697775416,-2.043735133658153,0.5133897756426692
-1.4070055596124835,-0.0737522388613009,-0.14925871633107565,-0.42232172272431395,-0.34932359918387046,-1.5215781281288188,-0.19379456778184626,-0.6938228543597367,1.2035094366430978,-0.6464624599176886,-0.259927161657682,-0.23449625747664848,-0.27392247903828915,-0.9573311301685374,-1.3371139322155965,-0.6318532973228899
-0.7918349936162224,0.11249351241306323,0.07444042308157406,-0.8282128850063475,0.44039300807193166,-1.5215781281288188,-0.19379456778184626,-0.6254405609556851,1.2035094366430978,-0.6464624599176886,-0.3129785756535529,-0.1530913244622873,-0.22288540220381176,-1.4060391534734056,-1.4639288846145018,-1.1817905513704718
-0.6277287761583178,-0.7023316494122791,-0.11730169641498242,-0.6125832050440171,-0.34932359918387046,-1.5215781281288188,-0.19379456778184626,-0.6254405609556851,1.2035094366430978,-0.6464624599176886,-0.3898986187567053,-0.27371797592000996,-0.32078150652599896,-0.7909963934411878,-0.8917935877194836,-1.6589722812201932
-0.4753451349901126,0.29873926368742737,-0.34100083582763213,-0.7394241932571526,-0.34932359918387046,-1.5215781281288188,-0.19379456778184626,-0.6254405609556851,1.2035094366430978,-0.6464624599176886,-0.3333196191783904,-0.3738602192448064,-0.24437922659300193,-0.6269242701914378,-1.1332925654254231,-0.5328171331532192
-0.5215429796030794,-0.44624374141002876,-0.10132318645693639,-0.6252673038653308,-0.34932359918387046,-1.5215781281288188,-0.19379456778184626,-0.6254405609556851,1.2035094366430978,-0.6464624599176886,-0.2963688878225235,-0.35788135943519717,-0.20772150022891978,-0.4745722877846241,-0.988458188110345,-0.3850213185412658
-0.981791004042103,0.8341957986012235,0.3141180724522698,-0.2447443392259245,-0.256415763036129,-1.5215781281288188,-0.19379456778184626,-0.6254405609556851,1.2035094366430978,-0.6464624599176886,-0.4289342552898524,-0.3503988058658168,-0.25138257625241534,-0.520760534474033,-0.9580709067890338,-0.5152682926397656
-1.691046819215668,-0.2367172712263692,0.2182470127039913,-0.5364786121161359,-0.34932359918387046,-1.5215781281288188,5.1601033581379605,-0.6254405609556851,1.2035094366430978,-0.6464624599176886,-0.38208056513198924,-0.2598219508161132,-0.23765640215653608,-0.9809129391846205,-0.9620888330598361,-0.7381936463461227
-1.710907448685098,0.9040379553291101,-0.42089338561786405,-1.0184743673260506,2.9024506659870797,-1.5215781281288188,-0.19379456778184626,-0.6254405609556851,1.2035094366430978,-0.6464624599176886,-0.4507150933507455,-0.3128753674455853,-0.20870641483477312,-1.6900214015291946,-1.4118676899725549,-0.6019356825579062
-0.47783916043333513,-0.7954545250494611,-0.3569793457856782,-0.2701125368685515,-0.2099618449622583,-1.5215781281288188,-0.19379456778184626,-0.5570582675516337,1.2035094366430978,-0.6464624599176886,-0.4818039616090812,-0.3897983141973178,-0.21903858098386336,-1.7098779048147073,-0.7953571414821391,-1.6244363204588301
-0.576182421744632,-1.0282617141424162,-0.22915126612130757,-0.5364786121161359,-0.34932359918387046,-1.5215781281288188,-0.19379456778184626,-0.5570582675516337,1.2035094366430978,-0.6464624599176886,-0.33335373584254385,-0.33321717882285457,-0.2619204374626652,-0.4770657950767131,-0.6308934630683134,-1.7679999262219122
0.09393404943769974,-0.0737522388613009,-0.08534467649888977,-1.398997331965457,0.44039300807193166,-1.5215781281288188,-0.19379456778184626,-0.5570582675516337,1.2035094366430978,-0.6464624599176886,-0.4360250281907844,-0.29626505261677305,-0.14630859169431668,-0.5753886248914237,-0.4781778954022429,-0.9130846317429364
0.09725333607937642,-0.6092087737750971,-0.7724206046948844,-1.1706835531818132,5.1322387335328745,-1.5215781281288188,-0.19379456778184626,-0.5570582675516337,1.2035094366430978,-0.6464624599176886,-0.3391963204663833,-0.42883542428359905,-0.14488125844685626,0.09458862493287364,-0.5244763695096473,-0.814265942928981
0.5267062025880254,-0.9118581195959387,-1.171883353646044,-1.2087358496457539,1.508833123770958,-1.5215781281288188,-0.19379456778184626,-0.5570582675516337,0.6908955965262368,-1.1705592522067243,-0.3533161309931544,-0.3819799654495181,-0.10464735643995354,0.09790722196966246,-0.985726919637979,-0.6723598126575788
-0.6096259311513609,-0.7488930872308699,-0.9801412341494875,-1.0692107626113045,-0.024146172666775465,-1.5215781281288188,-0.19379456778184626,-0.5570582675516337,0.6908955965262368,-1.1705592522067243,-0.4012836042546265,-0.4506170845476131,-0.11555333938320586,0.5272708666581379,-1.696527656543407,-0.2854183341814725
-0.7552958426229233,-0.3996823035914375,-0.8523131544851164,-0.8028446873637203,0.06876166348096599,-1.5215781281288188,-0.19379456778184626,-0.5570582675516337,0.6908955965262368,-1.1705592522067243,-0.4107935545914035,-0.48170712637716034,-0.2139038136197573,-0.6088251861764495,-1.7164315470160172,-1.1602808908524043
0.5014146101654198,-0.49280517922861955,-0.8842701744012089,-0.9677379720407965,-0.30286968110999973,-1.5215781281288188,-0.19379456778184626,-0.4886759741475822,0.6908955965262368,-1.1705592522067243,-0.30699247167361177,-0.33325129677487525,-0.2921314529427284,-0.7544648337106639,-0.480677353404529,-1.338079926106378
-0.08620383361797232,-0.8187352439587566,-0.13328020637302904,-0.38426942626037347,-0.256415763036129,-1.5215781281288188,-0.19379456778184626,-0.4886759741475822,0.6908955965262368,-1.1705592522067243,-0.1806053746136223,-0.43592646485355246,-0.4034030995499242,0.5019845287397795,-0.579234828879928,-1.101744320691186
-0.4966326418013252,-0.30655942795425584,-0.037409146624750506,-0.6252673038653308,-0.34932359918387046,-1.5215781281288188,-0.19379456778184626,-0.4886759741475822,0.6908955965262368,-1.1705592522067243,-0.3296609332413226,-0.33909410194997625,-0.09101321247474418,-0.08551183322460396,0.09234130957204095,-0.1563246716009134
-0.7572367752381911,0.8341957986012235,0.12237595295571332,-1.0692107626113045,-0.34932359918387046,-1.5215781281288188,-0.19379456778184626,-0.4886759741475822,0.6908955965262368,-1.1705592522067243,-0.45510184614176,-0.3532144454843502,-0.16360417470183236,-0.49585537196822665,0.09566782638082702,-0.13229018413057267
-0.8833755050131751,0.25217782586883614,-0.11730169641498242,-0.4984263156521954,-0.34932359918387046,-1.5215781281288188,-0.19379456778184626,-0.4886759741475822,0.6908955965262368,-1.1705592522067243,-0.4690329172951557,-0.4011837294661497,-0.24369339044400914,-0.7564053630836802,0.5260561396663453,-0.8608832607632172
-0.89270073765345,0.25217782586883614,-1.01209825406558,-1.1706835531818132,-0.2099618449622583,-1.5215781281288188,-0.19379456778184626,-0.4886759741475822,0.6908955965262368,-1.1705592522067243,-0.35114480447442625,-0.41069403879328437,-0.25125138852794915,-0.8825178866601672,-0.612751185915632,-0.8475134441707661
-0.9095609479822817,-1.0049809952331206,-0.9322057042753482,-0.7140559956145256,1.2765635334016046,-1.5215781281288188,-0.19379456778184626,-0.4886759741475822,0.6908955965262368,-1.1705592522067243,-0.4139510968176261,-0.30688903749668184,-0.2916775407824146,-0.8918411819184973,-0.7587383998429464,-1.8497426103879582
0.18464017871225968,-0.8652966817773476,-0.516764445366142,-0.9043174779342287,-0.2099618449622583,-1.5215781281288188,-0.19379456778184626,-0.4202936807435307,0.6908955965262368,-1.1705592522067243,-0.30723751617103884,-0.18049716946023273,-0.4327308318027049,-0.9086978894213581,0.5007094563584327,-2.0489427506223077
0.05452837446730393,-0.28327870904496005,-0.8842701744012089,-0.7774764897210933,-0.30286968110999973,-1.5215781281288188,-0.19379456778184626,-0.4202936807435307,0.6908955965262368,-1.1705592522067243,-0.29655077345904396,-0.32955835477434275,-0.23414324489104543,0.18527590937814986,-0.08818895508179447,-1.3449331319140658
0.5198666041409505,-0.2599979901356646,-0.9322057042753482,-0.7267400944358391,-0.024146172666775465,-1.5215781281288188,-0.19379456778184626,-0.4202936807435307,0.6908955965262368,-1.1705592522067243,-0.36078760859830866,-0.4550040029338093,-0.15275506544486925,0.055191136765547974,-0.49951177128253643,-1.4712793922620369
0.6760131736914643,-1.1446653086888936,-0.9002486843592555,-0.6125832050440171,0.30103125385031954,-1.5215781281288188,-0.19379456778184626,-0.4202936807435307,0.6908955965262368,-1.1705592522067243,-0.2539947242641006,-0.46893559997010037,-0.2733568912961416,0.520432689185215,-0.7606835602543257,-0.9012586351798808
0.6634160832140239,-1.633560405784099,-0.8043776246109771,-0.48574221683088165,-0.34932359918387046,-1.5215781281288188,-0.19379456778184626,-0.4202936807435307,0.6908955965262368,-1.1705592522067243,-0.21830984471598766,-0.3510430370003903,-0.37347852481463245,0.6765468181997919,-0.8870970490946426,-1.1418650631586909
-0.7004582940133056,-1.633560405784099,-0.3729578557437248,-0.4984263156521954,-0.34932359918387046,-1.5215781281288188,-0.19379456778184626,-0.4202936807435307,0.6908955965262368,-1.1705592522067243,-0.19574648578835657,-0.413851700213317,-0.35750295353935924,0.6639523448555201,-0.8964425942290168,-0.9975659754136953
-0.7476291587926093,-1.493876092328326,-0.2930653059534929,-0.5111104144735089,-0.34932359918387046,-1.5215781281288188,-0.19379456778184626,-0.4202936807435307,0.6908955965262368,-1.1705592522067243,-0.23043110937852043,-0.30713409124427415,-0.35002193991930114,-0.6996386779832047,-0.9133395299604233,-0.9672910016470958
0.004096961796515621,-1.400753216691144,-0.14925871633107565,-0.5237945132948224,-0.34932359918387046,-1.5215781281288188,-0.19379456778184626,-0.35191138733947924,0.6908955965262368,-1.1705592522067243,-0.22564105747640525,-0.2964469451192799,-0.2594637260681204,-0.7467997426872429,0.18324501758664286,-0.9712940781697512
-0.016820965176491936,-0.7954545250494611,-0.42089338561786405,-1.2341040472883809,-0.34932359918387046,-1.5215781281288188,-0.19379456778184626,-0.35191138733947924,0.6908955965262368,-1.1705592522067243,-0.24597135080775429,-0.3606862051297175,-0.3125062240222735,0.004770201571529084,0.052849800009502124,-1.419410609221634
-0.015798327183902724,-0.28327870904496005,-0.7244850748207451,-0.8662651814702881,3.2740820105780455,-1.5215781281288188,-0.19379456778184626,-0.35191138733947924,0.6908955965262368,-1.1705592522067243,-0.2468580081444666,-0.2538892894794252,-0.38941333962243224,-0.016143379556650475,0.5192016430061689,-0.8051786058706415
0.550401268483485,-0.49280517922861955,-1.0600337839397194,-1.0184743673260506,2.530819321396114,-1.5215781281288188,-0.19379456778184626,-0.35191138733947924,0.6908955965262368,-1.1705592522067243,-0.2797830033173756,-0.21820306286563665,-0.33284384894656877,-0.015120954024217412,0.6756883355750541,-0.641322764445135
0.7626334938761015,-0.5626473359565062,-1.0760122938977656,-0.8662651814702881,2.2985497310267604,-1.5215781281288188,-0.19379456778184626,-0.35191138733947924,0.6908955965262368,-1.1705592522067243,-0.14239214606829226,-0.19563885219556668,-0.2958993276845987,0.5509610097388414,0.6630638057472122,-0.48917161423351335
-0.3492348624978325,-0.49280517922861955,-1.0919908038558122,-1.1199471578965592,-0.34932359918387046,-1.5215781281288188,-0.19379456778184626,-0.35191138733947924,0.6908955965262368,-1.1705592522067243,-0.054043878049201445,-0.23032478509282367,-0.42844241566383,0.7631491424104035,-0.7037814024833057,-0.5352989750268009
-0.7618289780254811,-0.14359439558918713,-1.0440552739816729,-0.8535810826489745,0.34748517192419026,-1.5215781281288188,-0.19379456778184626,-0.35191138733947924,0.6908955965262368,-1.1705592522067243,-0.2756023024362654,-0.22553455237142078,-0.3815965999323886,-0.34848821557864273,-0.7510550162179922,-0.9948448013647213
0.4022019423837943,-1.400753216691144,-0.6925280549046524,-0.5872150074013901,-0.34932359918387046,-1.5215781281288188,-0.19379456778184626,-0.28352909393542775,0.6908955965262368,-1.1705592522067243,-0.2802694029839461,-0.24586561314939337,-0.45021959314631105,-0.7609966118088991,0.0023085361626828164,-1.7030185085005207
0.49386795769421343,-1.4240339356004394,-0.2930653059534929,-0.6633196003292713,-0.34932359918387046,-1.5215781281288188,-0.19379456778184626,-0.28352909393542775,0.6908955965262368,-1.1705592522067243,-0.22848062888324155,-0.24675230395646286,-0.48130323647989026,0.40279247307998184,-0.018654954849807746,-1.722848836707241
0.304223153193303,-1.3076303410539618,-0.516764445366142,-0.8662651814702881,-0.34932359918387046,0.6572123912097525,-0.19379456778184626,-0.28352909393542775,0.6908955965262368,-1.1705592522067243,-0.22907099015821328,-0.27967854201239206,-0.3328779598769334,0.4944394441381166,-0.01763008931727486,-0.49166183455463364
0.29493330973793486,0.13577423132235864,-0.4368718955759101,-1.005790268504737,-0.34932359918387046,0.6572123912097525,-0.19379456778184626,-0.28352909393542775,0.6908955965262368,-1.1705592522067243,-0.20058596149754954,-0.14228249840678217,-0.43553199685991884,0.3048340396644584,0.5498028188464008,-0.5898550540456896
0.00376459532800036,-1.0049809952331206,-0.516764445366142,-0.6379514026866443,-0.34932359918387046,0.6572123912097525,-0.19379456778184626,-0.28352909393542775,0.6908955965262368,-1.1705592522067243,-0.08683868573516954,-0.053930895335959225,-0.33871956257165314,0.2955461262386857,0.7624973346710392,0.07923902379958066
-1.2979970195150745,-0.7954545250494611,-0.516764445366142,-0.6760036991505848,-0.34932359918387046,0.6572123912097525,-0.19379456778184626,-0.28352909393542775,0.6908955965262368,-1.1705592522067243,-0.20287476246003516,-0.27549768331433727,-0.35283700006422547,0.004437904154459507,-0.3517929258311144,0.08255324622228617
-1.2649559252727507,0.2056163880502453,-0.40491487565981743,-0.840896983827661,-0.34932359918387046,0.6572123912097525,-0.19379456778184626,-0.28352909393542775,0.6908955965262368,-1.1705592522067243,-0.4193364405248459,-0.28016496004002484,-0.40079641171224595,-1.2970532606584353,-0.7652857659118516,0.511350898647739
0.8770102449699508,-0.516085898137915,-1.4594965328908789,-1.5258383201785923,0.8120243526628974,0.6572123912097525,-0.19379456778184626,-0.21514680053137628,-0.009347931404889483,-1.3623919922264476,-0.35418184206338815,-0.22837423096901194,-0.4103047637671383,-1.2640190309332653,0.4012806806461385,-0.6232475388579549
0.9259461909508852,-0.7256123683215745,-0.7564420947368381,-1.2341040472883809,2.345003649100631,0.6572123912097525,-0.19379456778184626,-0.21514680053137628,-0.009347931404889483,-1.3623919922264476,-0.3171917589904564,-0.2289646145294844,-0.3065211260919132,0.8775021309386399,0.4931463655483983,-0.7686952024766388
0.7866853703162465,-0.2367172712263692,-0.9961197441075338,-0.9296856755768558,-0.2099618449622583,0.6572123912097525,-0.19379456778184626,-0.21514680053137628,-0.009347931404889483,-1.3623919922264476,-0.27789457321476124,-0.2004785105897427,-0.18015527017414987,0.9264279101364117,0.3030884711953636,0.48609789348076504
0.9705777905041983,-0.516085898137915,-1.0440552739816729,-0.6760036991505848,-0.34932359918387046,0.6572123912097525,-0.19379456778184626,-0.21514680053137628,-0.009347931404889483,-1.3623919922264476,-0.2331057044864853,-0.0867269409905104,-0.3291857779035064,0.78719602190592,0.29377839233165226,-0.1006240237919466
1.2658359623736282,-1.726683281421281,-0.9162271943173019,-0.6633196003292713,-0.34932359918387046,0.6572123912097525,-0.19379456778184626,-0.21514680053137628,-0.009347931404889483,-1.3623919922264476,-0.18557471553471616,-0.20276739795199356,-0.4546056086813705,0.9710502371644725,0.0019754457238184,-0.5104266428024168
0.46753293157241876,-1.2843496221446664,-1.1239478237719047,-1.0184743673260506,-0.34932359918387046,0.6572123912097525,-0.19379456778184626,-0.21514680053137628,-0.009347931404889483,-1.3623919922264476,-0.11220725028779484,-0.4192372472114475,-0.4685343385208931,1.2662470670949617,-1.3026217042892905,-0.7706331738207561
-0.036198185676893535,-0.842015962868052,-1.3636254731426005,-1.0565266637899913,-0.34932359918387046,0.6572123912097525,-0.19379456778184626,-0.21514680053137628,-0.009347931404889483,-1.3623919922264476,-0.1901989601313949,-0.3540801892342422,-0.3506660384676807,0.4681098893011779,-1.2695086389704562,-0.8965794543687576
0.348235259592344,-1.633560405784099,-1.2357973934782296,-0.7394241932571526,-0.34932359918387046,0.6572123912097525,5.1601033581379605,-0.14676450712732478,-0.009347931404889483,-1.3623919922264476,-0.18438516720035364,-0.31708870982561094,-0.41346177532365597,-0.03551657430471049,0.8771232245447258,-0.9058904595483925
1.5725055046077894,-2.2155783785164864,-0.8043776246109771,-0.6760036991505848,-0.30286968110999973,0.6572123912097525,-0.19379456778184626,-0.14676450712732478,-0.009347931404889483,-1.3623919922264476,-0.09007826800205856,-0.27779004062358015,-0.30676612940614084,0.3488370022422589,0.9261657642324691,-0.9227249463389394
1.2970171178053083,-1.773244719239872,-0.5806784851983279,-0.7394241932571526,-0.34932359918387046,0.6572123912097525,-0.19379456778184626,-0.14676450712732478,-0.009347931404889483,-1.3623919922264476,0.44225330866187135,-0.2329994811638662,-0.2960811827526611,1.5728528965986146,0.78660160161093,0.1698067631879208
1.5632495909894861,-1.633560405784099,-0.5487214652822352,-0.7013718967932121,-0.34932359918387046,0.6572123912097525,-0.19379456778184626,-0.14676450712732478,-0.009347931404889483,-1.3623919922264476,0.33877965998476584,-0.1854666979685812,-0.36030722198171744,1.2974217444247134,0.9708945816394855,0.03989346986972733
1.0700002395365373,-1.7034025625119853,-0.8043776246109771,-0.6886877979718986,-0.34932359918387046,0.6572123912097525,-0.19379456778184626,-0.14676450712732478,-0.009347931404889483,-1.3623919922264476,0.17664222848014824,-0.11209646317905829,-0.25353228570468966,1.5635989059607471,1.2667958934824939,0.5045217353416899
-0.19161544614885623,-1.354191778872553,-0.6286140150724672,-1.424365529608084,-0.34932359918387046,0.6572123912097525,-0.19379456778184626,-0.14676450712732478,-0.009347931404889483,-1.3623919922264476,-0.20205406402409715,-0.19009111712550084,-0.21785340350614357,1.0704520304914698,0.46675397570353744,0.6604300728546717
-0.9097203817328214,-0.2599979901356646,-0.8203561345690237,-0.840896983827661,0.9978400249583802,0.6572123912097525,-0.19379456778184626,-0.14676450712732478,-0.009347931404889483,-1.3623919922264476,-0.3454255001556049,-0.18427710473005335,-0.1952938366706424,-0.19090154575977034,-0.038074383377854265,0.6478522016949535
0.08763076131852854,0.01937063677588116,-0.3090438159115395,-0.840896983827661,-0.34932359918387046,0.6572123912097525,-0.19379456778184626,-0.0783822137232733,-0.009347931404889483,-1.3623919922264476,-0.3955126212208552,-0.08996664554813238,-0.2299726310184241,-0.9088572900484272,0.34719644605002564,-0.7139413192397291
0.3249364066330103,0.34530070150601816,-0.3889363657017714,-1.005790268504737,-0.34932359918387046,0.6572123912097525,-0.19379456778184626,-0.0783822137232733,-0.009347931404889483,-1.3623919922264476,-0.38691723031036923,0.44238502605808255,-0.22518338415239325,0.08828664636565313,1.5741334322704543,-0.7610402156673689
1.0178362161533656,-0.30655942795425584,-0.9162271943173019,-0.7774764897210933,-0.256415763036129,0.6572123912097525,-0.19379456778184626,-0.0783822137232733,-0.009347931404889483,-1.3623919922264476,-0.3242072988613921,0.3389074713624552,-0.24551026068992235,0.32554298978168794,1.298044968617644,-0.01046099984784235
0.7600887560957438,-1.6102796868748035,-0.5487214652822352,-0.7013718967932121,-0.34932359918387046,0.6572123912097525,-0.19379456778184626,-0.0783822137232733,-0.009347931404889483,-1.3623919922264476,-0.07598615242363824,0.1767639193448507,-0.24639676901130766,1.0182988445469945,1.56485735715077,-0.03134701244464511
0.009408258227546968,-1.1912267465074844,-0.40491487565981743,-0.7647923908997798,-0.34932359918387046,0.6572123912097525,-0.19379456778184626,-0.0783822137232733,-0.009347931404889483,-1.3623919922264476,-0.31725297612160214,-0.20194666853557566,-0.27931623067231925,0.7606049333170202,1.0705335955541406,-0.030325934685709023
-0.757095218498579,0.29873926368742737,-0.5487214652822352,-0.7774764897210933,-0.024146172666775465,0.6572123912097525,-0.19379456778184626,-0.0783822137232733,-0.009347931404889483,-1.3623919922264476,-0.3525136252442702,-0.34532351678400575,-0.14194846390325555,0.010080394543782966,-0.19383017826585267,0.535009813100077
0.11002591313350218,-1.074823151961007,-1.3316684532265077,-1.2341040472883809,-0.34932359918387046,0.6572123912097525,-0.19379456778184626,-0.0783822137232733,-0.009347931404889483,-1.3623919922264476,-0.32551562506659887,-0.3954125285839995,-0.053615044062262696,-0.7562638357534655,-0.913499310994215,0.7469182368515127
1.1932312187581895,-0.7954545250494611,-1.171883353646044,-1.1579994543604997,-0.34932359918387046,0.6572123912097525,-0.19379456778184626,-0.009999920319221818,-0.009347931404889483,-1.3623919922264476,-0.3031352904786094,-0.38681681320678674,-0.27513623241722135,0.1106771454320627,0.08602429144658828,-0.3632537475510824
0.8671625658061662,-0.5859280548658017,-0.9481842142333945,-0.7901605885424068,0.16166949962870744,0.6572123912097525,-0.19379456778184626,-0.009999920319221818,-0.009347931404889483,-1.3623919922264476,-0.235257137262232,-0.32410451452560246,-0.27980254859253484,1.193657407620028,0.3238468428486858,-0.7752183703072999
0.9544432408843432,-0.3298401468635513,-0.8682916644431626,-0.840896983827661,-0.256415763036129,0.6572123912097525,-0.19379456778184626,-0.009999920319221818,-0.009347931404889483,-1.3623919922264476,-0.21169103517322693,-0.07587399800756357,-0.22802247832902553,0.8676564976986993,1.0182559469716799,0.38703659396846907
0.8351659997738995,-0.30655942795425584,-0.7085065648626988,-1.2214199484670674,-0.34932359918387046,0.6572123912097525,-0.19379456778184626,-0.009999920319221818,-0.009347931404889483,-1.3623919922264476,-0.1527124075148492,-0.31714992926763735,-0.22861274038542118,0.9549190396095283,0.7599470538685241,0.47856275489936073
1.2296510680663046,-0.842015962868052,-1.0440552739816729,-0.7394241932571526,-0.07060009074064617,-1.5215781281288188,-0.19379456778184626,-0.009999920319221818,-0.009347931404889483,-1.3623919922264476,-0.28090276726128544,-0.35241190944174045,-0.2001324990373801,0.8356665791755851,0.0076314018147274,0.289207290524933
0.5047915410464215,-1.2377881843260754,-1.1559048436879977,-0.8535810826489745,-0.34932359918387046,-1.5215781281288188,-0.19379456778184626,-0.009999920319221818,-0.009347931404889483,-1.3623919922264476,-0.16174427139641298,-0.32541289011871094,-0.08640434011618492,1.2300696904511226,-0.7605416951716889,0.279931620537103
0.4239589943596467,-2.285420535244373,-1.2517759034362759,-0.6760036991505848,-0.30286968110999973,-1.5215781281288188,-0.19379456778184626,-0.009999920319221818,-0.009347931404889483,-1.3623919922264476,-0.21690256154855467,-0.30303171069725376,-0.20242091533443782,0.5053607580399019,0.10846822503534105,-0.0107928592265046
1.562340782127718,-2.169016940697895,-0.7883991146529307,-0.6760036991505848,-0.34932359918387046,-1.5215781281288188,-0.19379456778184626,0.058382373084829665,-0.009347931404889483,-1.3623919922264476,-0.21007436105768237,-0.23515099515387738,-0.41884621394757,0.4245450048769501,1.1940330000939436,-1.3105683829067853
1.2860041493984429,-1.9827711894235314,-0.8203561345690237,-0.8789492802916016,-0.34932359918387046,-1.5215781281288188,-0.19379456778184626,0.058382373084829665,-0.009347931404889483,-1.3623919922264476,-0.259441531757417,-0.21158400346996173,-0.3537025656394491,1.5626902859103415,0.8672540948785652,-1.2775776992961283
0.48116324031423424,-0.3996823035914375,-0.46882891549200334,-0.7013718967932121,-0.34932359918387046,-1.5215781281288188,-0.19379456778184626,0.058382373084829665,-0.7095914593360158,-1.1705592522067245,-0.33768512844287224,-0.15260314943206643,-0.3167186992740277,1.2864110640386377,0.9547248872724061,0.861120483910225
0.828341359642095,-0.30655942795425584,-0.83633464452707,-0.9296856755768558,-0.07060009074064617,-1.5215781281288188,-0.19379456778184626,0.058382373084829665,-0.7095914593360158,-1.1705592522067245,-0.3323851714335326,-0.2807983482261818,-0.2774281179471376,0.4817373662515436,0.8351878329916425,0.9099817685639644
1.6775037568655307,-0.888577400686643,-1.6033031225132963,-1.3355768378588893,-0.34932359918387046,-1.5215781281288188,-0.19379456778184626,0.058382373084829665,-0.7095914593360158,-1.1705592522067245,-0.30029834929075977,-0.16163535425674044,-0.23264677662278926,0.8288433569102384,1.230532180181537,0.7709334174644789
0.3925479916445809,-1.167946027598189,-0.9322057042753482,-1.1326312567178725,1.4623792056970872,-1.5215781281288188,-0.19379456778184626,0.058382373084829665,-0.7095914593360158,-1.1705592522067245,-0.2534369263563846,-0.21679572657478346,-0.18512377592709975,1.6778293347391102,0.5040937429689096,0.9545452739098256
-0.11038048429767086,-0.6092087737750971,-1.2517759034362759,-1.031158466147364,0.7191165165151558,-1.5215781281288188,-0.19379456778184626,0.058382373084829665,-0.7095914593360158,-1.1705592522067245,-0.20376572042313362,-0.20996726832671472,-0.11176864112213283,0.3931405280161847,0.4230851244680634,1.2493529718682057
1.1846137698159698,-0.7954545250494611,-1.1559048436879977,-1.1199471578965592,-0.11705400881451687,-1.5215781281288188,-0.19379456778184626,0.12676466648888116,-0.7095914593360158,-1.1705592522067245,-0.1979582716005035,-0.2593363025838438,-0.1897472433539609,-0.10968346103695764,1.5639465686949956,0.45226790799475614
1.477153541513148,-0.6092087737750971,-1.3636254731426005,-1.2467881461096946,-0.024146172666775465,-1.5215781281288188,-0.19379456778184626,0.12676466648888116,-0.7095914593360158,-1.1705592522067245,-0.006009637160071858,-0.3375828528805979,-0.18393442751318753,1.1850417490127665,1.2870080114413387,-0.05069466921697505
1.3576760049128982,-1.5404375301469169,-0.7404635847787917,-0.6633196003292713,-0.34932359918387046,-1.5215781281288188,-0.19379456778184626,0.12676466648888116,-0.7095914593360158,-1.1705592522067245,0.08835701874809788,-0.33228269580360326,-0.08964337792537784,1.4775207435375484,0.48041397438195504,0.3331522478741185
1.1124366151150238,-1.354191778872553,-0.500785935408096,-0.7774764897210933,-0.34932359918387046,-1.5215781281288188,-0.19379456778184626,0.12676466648888116,-0.7095914593360158,-1.1705592522067245,0.02775152952074447,-0.30019466241793724,0.442598732875387,1.35806802922658,0.8283483272293755,1.5555546299208207
1.023056303344961,-1.1912267465074844,-0.5487214652822352,-0.8535810826489745,-0.34932359918387046,-1.5215781281288188,-0.19379456778184626,0.12676466648888116,-0.7095914593360158,-1.1705592522067245,-0.045998833362771475,-0.2533314705154404,0.3391424744108849,1.112879589617754,1.6793603947879499,1.2804865543675283
0.7346687410640144,-0.9817002763238251,-1.427539512974786,-1.4370496284293977,-0.34932359918387046,-1.5215781281288188,-0.19379456778184626,0.12676466648888116,-0.7095914593360158,-1.1705592522067245,-0.06869449309659506,-0.2036583895477932,0.17703229239868304,1.0235178472291662,0.3916057013894617,1.5463128380034734
-0.0863530519336949,-0.5859280548658017,-0.9801412341494875,-0.8028446873637203,1.2301096153277338,-1.5215781281288188,-0.19379456778184626,0.12676466648888116,-0.7095914593360158,-1.1705592522067245,0.03950721290641833,-0.19785072150024005,-0.20160035482849906,0.7351901994702282,-0.11241826804813156,1.0538160346106338
0.7368913278106676,-0.6557702115936883,-0.83633464452707,-0.9170015767555422,0.44039300807193166,-1.5215781281288188,-0.19379456778184626,0.19514695989293263,-0.7095914593360158,-1.1705592522067245,-0.1146012709077697,-0.005894841206096442,-0.34494769535897724,-0.08566102053918352,1.1853967803727479,-0.2058748103546069
0.9958909083073104,-0.888577400686643,-0.9801412341494875,-0.8916333791129152,-0.34932359918387046,0.6572123912097525,-0.19379456778184626,0.19514695989293263,-0.7095914593360158,-1.1705592522067245,-0.11914827337829637,0.08847537694145047,-0.39502639857393274,0.7374123244590252,1.4785737707448532,-0.9228841368422062
1.114671971155203,-1.2377881843260754,-0.9002486843592555,-0.6633196003292713,-0.30286968110999973,0.6572123912097525,-0.19379456778184626,0.19514695989293263,-0.7095914593360158,-1.1705592522067245,-0.1192308862768354,0.027867599922311696,-0.38643245224066286,0.9963580959912899,1.3588359846847973,0.07294535257545942
1.6883481705979102,-1.7034025625119853,-1.4115610030167398,-0.7521082920784663,-0.34932359918387046,0.6572123912097525,-0.19379456778184626,0.19514695989293263,-0.7095914593360158,-1.1705592522067245,-0.06236610877604506,-0.0458855469577782,-0.3237330600840968,1.1151144812471674,1.1130624072853523,0.3098889418578181
1.6847337308574029,-1.959490470514236,-1.2038403735621366,-0.9170015767555422,-0.34932359918387046,0.6572123912097525,-0.19379456778184626,0.19514695989293263,-0.7095914593360158,-1.1705592522067245,0.07556172264136654,-0.06858206342825328,-0.07555363072662784,1.6886714954691062,1.023487404709659,1.0017315976161492
0.38551502960989414,-1.7499640003305763,-1.2517759034362759,-0.8028446873637203,-0.34932359918387046,0.6572123912097525,-0.19379456778184626,0.19514695989293263,-0.7095914593360158,-1.1705592522067245,-0.022366576493941286,0.03962372707234129,-0.3167799061167673,1.685057806653596,0.7344716682176096,0.7443773815648155
-0.4345337432214708,-0.7721738061401657,-0.8043776246109771,-0.8916333791129152,-0.34932359918387046,0.6572123912097525,-0.19379456778184626,0.19514695989293263,-0.7095914593360158,-1.1705592522067245,-0.25326689823519516,-0.11449057417072685,-0.35203462918780176,0.38610902712828005,-0.08833849842921059,-0.005157806835120755
0.9393758393659257,-0.9118581195959387,-1.0440552739816729,-0.815528786185034,-0.2099618449622583,0.6572123912097525,-0.19379456778184626,0.2635292532969841,-0.7095914593360158,-1.1705592522067245,-0.3472517647758958,-0.11903774828568757,-0.3250411664065493,-0.4337693748664951,0.7366990962676295,-0.7704918330535513
1.4641350643494984,-1.0049809952331206,-1.1878618636040903,-0.8282128850063475,-0.256415763036129,0.6572123912097525,-0.19379456778184626,0.2635292532969841,-0.7095914593360158,-1.1705592522067245,-0.14280967481715368,-0.11912036430277434,-0.3026645931508565,0.9398547684485811,0.9962628372151172,0.09530633621970044
1.3605213683464505,-0.7954545250494611,-1.1239478237719047,-0.7901605885424068,-0.34932359918387046,0.6572123912097525,-0.19379456778184626,0.2635292532969841,-0.7095914593360158,-1.1705592522067245,0.1402201419525845,-0.06225344021802764,-0.23479784781977797,1.4645049710530824,1.1153026324433464,1.1768590009457298
1.6385461016792542,-0.7954545250494611,-1.3316684532265077,-0.9043174779342287,0.16166949962870744,0.6572123912097525,-0.19379456778184626,0.2635292532969841,-0.7095914593360158,-1.1705592522067245,0.13059141743080077,0.0756795978261056,-0.21123570634809727,1.3609128015160876,1.6902284301390544,0.8512878293011195
1.0071107392692193,-1.261068903235371,-1.0919908038558122,-0.5237945132948224,-0.34932359918387046,0.6572123912097525,-0.19379456778184626,0.2635292532969841,-0.7095914593360158,-1.1705592522067245,0.20715604774014665,-0.022252397996765885,-0.15226699088366608,1.6388797732766776,1.6866061173203373,0.938435340691353
0.6126869635857173,-1.68012184360269,-1.2997114333104152,-0.6379514026866443,-0.34932359918387046,0.6572123912097525,-0.19379456778184626,0.2635292532969841,-0.7095914593360158,-1.1705592522067245,-0.11666268725956626,-0.253161435975873,-0.28043580642403426,1.0075755959552746,0.38455741995145915,0.8193400802690713
0.21846859110942415,-1.5171568112376215,-1.2038403735621366,-0.9423697743981694,-0.34932359918387046,0.6572123912097525,-0.19379456778184626,0.2635292532969841,-0.7095914593360158,-1.1705592522067245,-0.0355772221829338,-0.3471498503438144,-0.16129733683254732,0.613233764554674,-0.4372776070680714,1.2132232846725306
0.91580153450349,-0.9584195574145294,-1.0919908038558122,-0.9296856755768558,-0.34932359918387046,0.6572123912097525,-0.19379456778184626,0.33191154670103556,-0.7095914593360158,-1.1705592522067245,-0.0520490568137373,-0.14270004291690305,-0.21644635685258432,0.21909729368733766,0.9396246654999273,0.4894696721952691
0.926678418725102,-0.44624374141002876,-0.7564420947368381,-0.840896983827661,-0.256415763036129,0.6572123912097525,-0.19379456778184626,0.33191154670103556,-0.7095914593360158,-1.1705592522067245,-0.13162878368116718,0.1403404579228438,-0.20961930393754172,0.9162853613119569,1.4655269363540147,0.408760451319311
0.7681450857969359,-0.6790509305029837,-0.6445925250305132,-0.7140559956145256,-0.34932359918387046,0.6572123912097525,-0.19379456778184626,0.33191154670103556,-0.7095914593360158,-1.1705592522067245,-0.13499644037294678,0.13071136992710508,-0.2589781777848403,0.9271599857852153,1.3616875459720854,1.5454054157068249
0.9166997630934839,-0.8187352439587566,-0.9801412341494875,-0.42232172272431395,-0.34932359918387046,0.6572123912097525,-0.19379456778184626,0.33191154670103556,-0.7095914593360158,-1.1705592522067245,-0.07029615909520436,0.2072788904685818,-0.3372086245253712,0.7686595892596793,1.6403178808993095,1.269490388391292
0.8818293763449648,-1.8896483137863493,-0.516764445366142,-0.42232172272431395,-0.34932359918387046,0.6572123912097525,-0.19379456778184626,0.33191154670103556,-0.7095914593360158,-1.1705592522067245,-0.10313497657160757,-0.11655206833876507,-0.331909558248893,0.9171834032887134,1.0075071075405253,0.46587742104292873
-0.6151039580720875,-1.354191778872553,-0.6286140150724672,-0.44768992036694116,-0.34932359918387046,0.6572123912097525,-0.19379456778184626,0.33191154670103556,-1.2222052994528765,-0.6464624599176895,-0.027957623667039033,-0.035463542373370224,-0.2998281287511653,0.8823202611055901,0.6122241864688845,0.8125258524564661
-0.735887975818067,-0.5859280548658017,-0.34100083582763213,-0.37158532743906,-0.34932359918387046,0.6572123912097525,-0.19379456778184626,0.33191154670103556,-1.2222052994528765,-0.6464624599176895,-0.21985647535064878,-0.05193599879814716,-0.2529745815428146,-0.6143020749989797,0.2171471160197181,1.6603926868720325
0.5771616944980215,-0.935138838505234,-0.6925280549046524,-0.5618468097587631,-0.34932359918387046,0.6572123912097525,-0.19379456778184626,0.40029384010508706,-1.2222052994528765,-0.6464624599176895,-0.20207401959077576,-0.13151872971434767,-0.2033117235594281,-0.7350609990251321,0.9159990103981049,0.3773973722134495
1.4609274178168996,-1.493876092328326,-1.5713461025972035,-0.5872150074013901,-0.07060009074064617,-1.5215781281288188,-0.19379456778184626,0.40029384010508706,-1.2222052994528765,-0.6464624599176895,-0.22158681048039605,-0.1348865135315315,-0.19750525076084857,0.5777158760887353,0.92689958696661,-0.12476378827703516
1.4728320477485153,-1.5869989679655079,-1.4435180229328324,-0.6379514026866443,0.9978400249583802,-1.5215781281288188,-0.19379456778184626,0.40029384010508706,-1.2222052994528765,-0.6464624599176895,-0.21014424781875018,-0.07018378988802478,-0.005588876007830529,1.4612979909313624,0.7680209321023728,1.168254699602114
1.5187927483389378,-1.400753216691144,-1.2038403735621366,-0.48574221683088165,-0.16350792688838758,-1.5215781281288188,-0.19379456778184626,0.40029384010508706,-1.2222052994528765,-0.6464624599176895,-0.16229516791347898,-0.10302384699433316,0.08876192024689213,1.4732001475933043,0.9168991955358482,1.460348144837743
1.754290261690776,-1.9129290326956452,-1.2198188835201833,-1.1199471578965592,-0.34932359918387046,-1.5215781281288188,-0.19379456778184626,0.40029384010508706,-1.2222052994528765,-0.6464624599176895,-0.055778699380101764,-0.027843656225858018,0.028166616630620155,1.519151299528489,0.8819528530924533,1.3410528945154785
0.08017422357588619,-1.5869989679655079,-0.8682916644431626,-0.9423697743981694,1.2301096153277338,-1.5215781281288188,-0.19379456778184626,0.40029384010508706,-1.2222052994528765,-0.6464624599176895,-0.12680198562055697,-0.21974975188393442,-0.04557135145956892,1.7545998866338723,-0.6182411452345943,1.0961876652238696
-0.6460928444270269,-0.6092087737750971,-0.7244850748207451,-0.5618468097587631,-0.30286968110999973,-1.5215781281288188,-0.19379456778184626,0.40029384010508706,-1.2222052994528765,-0.6464624599176895,-0.17713422675862972,-0.20196662485555536,-0.06826319686623777,0.08083165777059244,-0.7392882582557698,1.0069437205469136
0.4333717878697831,-1.354191778872553,-0.8842701744012089,-0.2447443392259245,-0.34932359918387046,-1.5215781281288188,-0.19379456778184626,0.46867613350913856,-1.2222052994528765,-0.6464624599176895,-0.23810911149666525,-0.22148015233196466,0.039920324307154635,-0.6452845231972287,0.5766215352024746,0.7189961497224481
0.7384831114573626,-1.68012184360269,-0.7244850748207451,-0.5491627109374494,-0.34932359918387046,-1.5215781281288188,-0.19379456778184626,0.46867613350913856,-1.2222052994528765,-0.6464624599176895,-0.17788322371339785,-0.21003715772593234,-0.11416225939302568,0.43395584281376204,1.4623123028320528,-0.10077301444603375
0.5782529218386746,-0.49280517922861955,-0.7085065648626988,-0.5872150074013901,-0.16350792688838758,-1.5215781281288188,-0.19379456778184626,0.46867613350913856,-1.2222052994528765,-0.6464624599176895,-0.26246035642210314,-0.16218627156955517,-0.11870849767536837,0.7390037774015955,1.4742428637762843,0.7212153454796562
0.13819606915281102,-0.027190801042709663,-0.3569793457856782,-0.46037401918825466,-0.07060009074064617,-1.5215781281288188,-0.19379456778184626,0.46867613350913856,-1.2222052994528765,-0.6464624599176895,-0.13816678075975167,-0.05566578215449177,-0.1187910966896394,0.5788068767193181,1.5203036773071081,0.9798197716161409
0.3370796399349985,-0.1901558334077784,-0.3569793457856782,-0.9677379720407965,-0.16350792688838758,-1.5215781281288188,-0.19379456778184626,0.46867613350913856,-1.2222052994528765,-0.6464624599176895,-0.18627306010293598,-0.12669174944732198,-0.06193587612032903,0.13884144890551464,1.756314158220711,1.0984196107925566
-0.4571638500372359,-0.9584195574145294,-0.8682916644431626,-0.2066920427619838,0.30103125385031954,-1.5215781281288188,-0.19379456778184626,0.46867613350913856,-1.2222052994528765,-0.6464624599176895,-0.052666647411401264,-0.17702589057315626,0.07596877457094646,0.3376837002424926,0.07855151165565163,1.671220555336804
-0.6556668958724935,-0.1901558334077784,-0.8523131544851164,-0.5998991062227036,-0.256415763036129,-1.5215781281288188,-0.19379456778184626,0.46867613350913856,-1.2222052994528765,-0.6464624599176895,-0.18478701862939922,-0.23800307704725884,-0.021943066326311062,-0.45639478012016044,-0.6492975324868852,1.6676116301288695
0.10945640264244048,-0.46952446031932416,-0.6445925250305132,-0.5364786121161359,-0.34932359918387046,-1.5215781281288188,-0.19379456778184626,0.5370584269131901,-1.2222052994528765,-0.6464624599176895,-0.1397208617109666,-0.17777491580175075,-0.25280458199725975,-0.6548565855669131,0.43251842119994327,0.3703751403336437
-0.050978095672597055,-0.3531208657728467,-0.500785935408096,-0.43500582154562767,-0.30286968110999973,-1.5215781281288188,-0.19379456778184626,0.5370584269131901,-1.2222052994528765,-0.6464624599176895,-0.12229442049348241,-0.26235524120590176,-0.3467736530496255,0.11010775326076687,0.738294347183955,-0.4484224882004785
0.7197687997092053,-0.4229630225007333,-1.2198188835201833,-0.8535810826489745,-0.07060009074064617,-1.5215781281288188,-0.19379456778184626,0.5370584269131901,-1.2222052994528765,-0.6464624599176895,-0.24953171771370208,-0.13805697359526312,-0.14236592248049545,-0.05029341367130741,0.5777151394863925,0.9233909274318156
0.25322295970537767,-0.44624374141002876,-0.7404635847787917,-0.6379514026866443,0.533300844219673,-1.5215781281288188,-0.19379456778184626,0.5370584269131901,-1.2222052994528765,-0.6464624599176895,-0.11152278282554814,-0.18616506889855447,0.14061632711876326,0.7202933536818755,0.13669974211125757,1.447349529899368
0.4149321983508169,-0.7023316494122791,-0.9961197441075338,-0.3081648333324922,-0.256415763036129,-1.5215781281288188,-0.19379456778184626,0.5370584269131901,-1.2222052994528765,-0.6464624599176895,-0.17259805470651898,-0.052553612709189394,0.13098922084054854,0.25384444182147353,0.33601652689612005,1.34389391679232
0.5188618431592869,-1.3309110599632574,-1.4754750428489254,-1.37362913432283,0.6726625984412853,-1.5215781281288188,-0.19379456778184626,0.5370584269131901,-1.2222052994528765,-0.6464624599176895,-0.21533922589400192,-0.1846789713285565,0.20754098337905605,0.41552008424777914,-0.4599570074434607,1.6214944691847624
-0.21127213175889573,-1.0981038708703026,-1.4115610030167398,-0.7647923908997798,5.5967779142715814,-1.5215781281288188,-0.19379456778184626,0.5370584269131901,-1.2222052994528765,-0.6464624599176895,-0.1577141278926674,-0.13961111321135608,-0.1162233292945996,0.5194281369496341,-0.6588924384108399,0.9910224845382587
1.091905415317238,-1.21450746541678,-1.2677544133943222,-0.2320602404046108,0.30103125385031954,-1.5215781281288188,-0.19379456778184626,0.6054407203172415,-1.2222052994528765,-0.6464624599176895,-0.17393705498574183,-0.12218401416453047,-0.035151491779136214,-0.21055414755664784,0.10789747401989401,0.5972004792298765
1.343866561224829,-1.8430868759677586,-1.171883353646044,-0.43500582154562767,-0.34932359918387046,-1.5215781281288188,-0.19379456778184626,0.6054407203172415,-1.2222052994528765,-0.6464624599176895,0.4402769111296819,-0.2494261144553479,-0.051620558084768425,1.0923526553195357,-0.052886487405187615,0.2035835637460609
0.6787290200050144,-1.261068903235371,-0.9322057042753482,-0.2320602404046108,-0.34932359918387046,-1.5215781281288188,-0.19379456778184626,0.6054407203172415,-1.2222052994528765,-0.6464624599176895,0.0457166382532032,-0.11141196987890388,-0.1311869104516675,1.3442614545464917,0.7195392713753584,0.8998525897679994
-0.07122143911071821,-0.6324894926843925,0.058461913123527456,-0.1940079439406703,-0.34932359918387046,-1.5215781281288188,-0.19379456778184626,0.6054407203172415,-1.2222052994528765,-0.6464624599176895,0.10612866892341795,-0.17248954728544805,-0.13455400116102942,0.6792621002773798,0.251977187596419,0.9107128791819409
-0.08839394987539315,-0.7023316494122791,-0.4368718955759101,0.05967403248560058,-0.024146172666775465,-1.5215781281288188,-0.19379456778184626,0.6054407203172415,-1.2222052994528765,-0.6464624599176895,-0.23778730679459145,-0.2152323319059976,-0.06986459368218471,-0.07053255141402216,0.4140386660285214,0.7524214197642137
-1.448666291818782,-0.5393666170472108,-0.16523722628912169,0.12309452659216831,-0.34932359918387046,-1.5215781281288188,-0.19379456778184626,0.6054407203172415,-1.2222052994528765,-0.6464624599176895,-0.11544488378544879,-0.15760505861942872,-0.10269789213007328,-0.08770149447013846,0.5181946934247889,0.9007494479351413
-1.5398543707145378,0.11249351241306323,-0.08534467649888977,-0.7140559956145256,-0.34932359918387046,-1.5215781281288188,-0.19379456778184626,0.6054407203172415,-1.2222052994528765,-0.6464624599176895,-0.4686185608760884,-0.1738285981104858,-0.02753317384472127,-1.4476912303728076,-0.21352968064260125,0.8659322627606854
0.1156458616307916,-1.074823151961007,-1.2517759034362759,-0.14327154865541608,-0.11705400881451687,-1.5215781281288188,-0.19379456778184626,0.6738230137212929,-1.2222052994528765,-0.6464624599176895,-0.5133878505126862,0.4404085539190201,-0.21939977420761497,-1.5388603643108938,1.092486485828512,-0.6287172079805005
-0.027385913799226273,-1.1446653086888936,-0.7404635847787917,0.16114682305610903,-0.34932359918387046,-1.5215781281288188,-0.19379456778184626,0.6738230137212929,-1.4098349872671425,0.06946707239106965,-0.13874918546536416,0.045833386818228974,-0.20162030704136197,0.11629592634596098,1.344996460863154,-0.7493169461567671
-0.4723053134580781,-0.6790509305029837,0.26618254257813057,-0.3208489321538057,-0.34932359918387046,-1.5215781281288188,-0.19379456778184626,0.6738230137212929,-1.4098349872671425,0.06946707239106965,-0.1865668840311138,0.10624769797737742,-0.22112981853002947,-0.026706133237821554,0.6784100976243662,0.5617294108669421
-0.7802430289574017,0.32201998259672276,-0.06936616654084372,-0.14327154865541608,-0.34932359918387046,-1.5215781281288188,-0.19379456778184626,0.6738230137212929,-1.4098349872671425,0.06946707239106965,-0.342974582008658,-0.237681260197405,-0.20968917895314926,-0.47153309779665703,-0.0731739254852335,1.444146777256986
-0.37613611557806176,-0.5859280548658017,-0.48480742545004935,-0.2447443392259245,-0.34932359918387046,-1.5215781281288188,-0.19379456778184626,0.6738230137212929,-1.4098349872671425,0.06946707239106965,-0.39027053833970204,-0.11533421889388125,-0.1618481407636489,-0.7794068370936555,-0.090383841914414,1.4560332443544592
-1.057041180438232,-0.4229630225007333,-0.5966569951563739,0.04698993366428709,-0.30286968110999973,-1.5215781281288188,-0.19379456778184626,0.6738230137212929,-1.4098349872671425,0.06946707239106965,-0.30276782686917114,-0.46852122790952555,-0.0553495738318606,-0.37538387973642684,-1.453619168802531,1.5019238229346477
-1.762553403588253,-1.074823151961007,-0.1812157362471683,0.2879878112692442,-0.30286968110999973,-1.5215781281288188,-0.19379456778184626,0.6738230137212929,-1.4098349872671425,0.06946707239106965,-0.20595908653439207,-0.5132922075384718,-0.12636092360285417,-1.0561474818331837,-1.5450058762350702,1.7370620389122238
-1.4770276224039554,-0.6324894926843925,0.4099891322005478,0.3133560089118717,-0.34932359918387046,-1.5215781281288188,-0.19379456778184626,0.7422053071253445,-1.4098349872671425,0.06946707239106965,-0.3830262467903737,-0.13863940028602445,-0.17668470569473116,-1.761513129911496,0.11410041506858923,0.06550019123502993
-0.5545089174321053,1.1834065822406563,-0.06936616654084372,-1.2467881461096946,-0.34932359918387046,-1.5215781281288188,-0.19379456778184626,0.7422053071253445,-1.4098349872671425,0.06946707239106965,-0.4410512877553671,-0.18645890391826833,-0.23764934273953633,-1.4760466686942781,-0.02924291635220283,-0.6596588147470478
-0.5749850268492703,-0.7954545250494611,-0.7564420947368381,0.021621736021660086,-0.11705400881451687,-1.5215781281288188,-0.19379456778184626,0.7422053071253445,-1.4098349872671425,0.06946707239106965,-0.3114652409723665,-0.34287250611754494,-0.17743357676994975,-0.5537196234001729,-0.4751314524421632,0.4181588837776277
-0.780179182489792,-1.4240339356004394,0.17031148282985203,0.3640924041971257,-0.34932359918387046,-1.5215781281288188,-0.19379456778184626,0.7422053071253445,-1.4098349872671425,0.06946707239106965,-0.30297474063028823,-0.39017024781987725,-0.2619964950932729,-0.5741914787631804,-0.7837399268673317,0.7228047005500298
-0.9761174245120157,-0.2599979901356646,-0.14925871633107565,-0.15595564747672958,-0.34932359918387046,-1.5215781281288188,-0.19379456778184626,0.7422053071253445,-1.4098349872671425,0.06946707239106965,-0.3476784088837049,-0.30266423321646097,-0.13772380872721712,-0.7793430038905936,-0.37875277600650853,0.5628189733275178
-0.6111673672978851,0.41514285823390484,-0.6925280549046524,-1.3482609366802027,0.022307745407095292,-1.5215781281288188,-0.19379456778184626,0.7422053071253445,-1.4098349872671425,0.06946707239106965,-0.4145236168756311,-0.20585183845625424,-0.1858220031286212,-0.9752405383801446,-1.0611410081661679,0.1234335131733443
-1.736228957738241,0.08921279350376782,-0.500785935408096,0.23725141598399024,2.391457567174502,-1.5215781281288188,-0.19379456778184626,0.7422053071253445,-1.4098349872671425,0.06946707239106965,-0.32395371040993665,-0.38292568280636424,-0.052238044887582845,-0.6103663020788925,-1.7681899986465668,0.32201364828969903
-0.9357255952448021,-0.09703295777059631,-0.5966569951563739,0.44019699712500715,-0.34932359918387046,-1.5215781281288188,-0.19379456778184626,0.8105876005293959,-1.4098349872671425,0.06946707239106965,-0.36922057638887573,-0.4409529141540071,-0.1843362114054073,-1.735194153148215,-1.482042276866335,-0.47101806837584537
-0.5116274407651514,-0.9584195574145294,-0.7244850748207451,0.46556519476763414,-0.34932359918387046,-1.5215781281288188,-0.19379456778184626,0.8105876005293959,-1.4098349872671425,0.06946707239106965,-0.2660939479846419,-0.31136197563764856,-0.13927762849311104,-0.9348571007964157,-0.5575141147072893,-0.6692182591102721
-0.6722323179394599,-1.0282617141424162,0.3940106222425017,0.35140830537581197,-0.34932359918387046,-1.5215781281288188,-0.19379456778184626,0.8105876005293959,-1.4098349872671425,0.06946707239106965,-0.24738756279463328,-0.30287115478834914,-0.12185411603595928,-0.5108470556582684,-0.5780348257840331,0.09473769462793682
-0.3193824432663056,0.0659320745944724,-0.7724206046948844,-0.6633196003292713,-0.16350792688838758,-1.5215781281288188,-0.19379456778184626,0.8105876005293959,-1.4098349872671425,0.06946707239106965,-0.31858370180899287,-0.3475765105569779,-0.2490700292257708,-0.6714185660522205,-0.7836759413274816,-0.06545202957817202
-0.5607396029966862,-0.7256123683215745,-0.2611082860374002,-0.1305874498341026,-0.34932359918387046,-1.5215781281288188,-0.19379456778184626,0.8105876005293959,-1.4098349872671425,0.06946707239106965,-0.32065574253341045,-0.4144242418833361,-0.11108428869434023,-0.3186419983948564,-0.980040981751251,0.7041189411333877
-1.9435957174622054,-0.05047151995200508,0.9532584707741252,0.3133560089118717,-0.34932359918387046,-1.5215781281288188,-0.19379456778184626,0.8105876005293959,-1.4098349872671425,0.06946707239106965,-0.2738341772771309,-0.32385091650145675,-0.17214929601059914,-0.5599490144964889,-0.6142959796633914,0.23828490777626454
-2.4173562083056823,1.2998101767871337,0.26618254257813057,0.26261961362661723,-0.34932359918387046,-1.5215781281288188,-0.19379456778184626,0.8105876005293959,-1.4098349872671425,0.06946707239106965,-0.4001970813137992,-0.36911949125571397,-0.21488328393873657,-1.9425178309854605,-1.7418082121197456,0.39974742744785036
-1.3894849943901058,1.1834065822406563,-0.08534467649888977,-0.2066920427619838,-0.34932359918387046,-1.5215781281288188,-0.19379456778184626,0.8789698939334475,-1.4098349872671425,0.06946707239106965,-0.4094538762139539,-0.265988969932599,-0.15726787065151382,-2.4161798947916164,-0.9395611698218025,0.5035185073188135
-1.2273011028626273,0.18233566914094987,-0.22915126612130757,0.27530371244793095,-0.34932359918387046,-1.5215781281288188,-0.19379456778184626,0.8789698939334475,-1.4098349872671425,0.06946707239106965,-0.324033972611988,-0.24728187859674586,-0.17348807125185503,-1.3885222282703211,-0.5145392323554191,-0.22550150585805948
-0.5551397205320688,-0.21343655231707379,-0.83633464452707,-0.2954807345111785,-0.30286968110999973,-1.5215781281288188,-0.19379456778184626,0.8789698939334475,-1.4098349872671425,0.06946707239106965,-0.38753912462786694,-0.31848070518848604,0.44062266750480306,-1.226372031574414,-0.6754939437639792,1.0756877897745782
-0.18130807241829627,-0.7721738061401657,-0.8523131544851164,-0.09253515337016185,0.022307745407095292,-1.5215781281288188,-0.19379456778184626,0.8789698939334475,-1.4098349872671425,0.06946707239106965,-0.32435306732097025,-0.32055282413020386,0.04612870607203912,-0.5543502954464048,-0.32187548118811704,1.3272645198263409
0.46218879981519373,-1.0049809952331206,-1.3476469631845542,-0.9423697743981694,0.39393908999806104,-1.5215781281288188,-0.19379456778184626,0.8789698939334475,-1.4098349872671425,0.06946707239106965,-0.19039678528296303,-0.273729491410387,0.10653058364462374,-0.18059631345779817,-0.5637583721331468,0.663141775615131
-0.972329322379625,-1.2377881843260754,-1.1079693138138584,0.04698993366428709,1.8340105502880533,-1.5215781281288188,-0.19379456778184626,0.8789698939334475,-1.4098349872671425,0.06946707239106965,-0.1778163114214464,-0.4000971655102544,-0.2373275921213018,0.4627668678244978,-1.9496266641763067,-0.08566448784880212
-1.3365442331238728,-0.6324894926843925,-1.1079693138138584,0.795351764121786,0.34748517192419026,-1.5215781281288188,-0.19379456778184626,0.8789698939334475,-1.4098349872671425,0.06946707239106965,-0.33020224459099945,-0.40935430984442245,-0.11500573048960894,-0.9714532232523209,-2.4244191139580726,-0.10281079859998472
-0.39178798590280906,-1.167946027598189,-1.0760122938977656,0.46556519476763414,-0.34932359918387046,-1.5215781281288188,-0.19379456778184626,0.9473521873374989,-1.4098349872671425,0.06946707239106965,-0.14357288908326854,-0.3239311817333196,-0.4681200517402923,-1.3355924658154827,-1.3943089609432862,-1.4610077798578824
-0.579655669582479,-1.68012184360269,0.10639744299766672,0.4782492935889474,-0.34932359918387046,-1.5215781281288188,-0.19379456778184626,0.9473521873374989,-1.4098349872671425,0.06946707239106965,-0.1296490738239349,-0.3874387310001235,-0.5128818172635062,-0.3910324982762441,-1.2317717957263736,-1.5520567335593
-0.4670122588749346,-0.1901558334077784,-0.14925871633107565,-0.2066920427619838,-0.2099618449622583,-1.5215781281288188,-0.19379456778184626,0.9473521873374989,-1.4098349872671425,0.06946707239106965,-0.26405001532797173,-0.3242502884877826,-0.1383061155514677,-0.5788611511378736,-0.5581462918409891,0.10091771038977161
-0.9762093634253722,-0.49280517922861955,-0.13328020637302904,0.8334040605857267,0.06876166348096599,-1.5215781281288188,-0.19379456778184626,0.9473521873374989,-1.2222052994528767,0.7853966046998286,-0.2950276982993728,-0.19028894974475488,-0.1861157776755252,-0.46624114288242025,-0.1835003527127851,-0.0418958421782866
-1.4910639946797504,0.29873926368742737,0.9053229408999859,0.9348768511562352,-0.34932359918387046,-1.5215781281288188,-0.19379456778184626,0.9473521873374989,-1.2222052994528767,0.7853966046998286,-0.3209760464427356,-0.17770800098393255,-0.3424971891235478,-0.9753324581925523,0.4613982032024326,-0.4861364305419347
-2.024368795724867,1.3696523335150197,1.4485922794735626,0.6558266770873373,-0.34932359918387046,-1.5215781281288188,-0.19379456778184626,0.9473521873374989,-1.2222052994528767,0.7853966046998286,-0.6315560311666929,-0.33009968655793864,-0.38978519669907397,-1.4900801248161,-0.9762446282641564,-0.7936043270141258
-1.8926962189746246,0.46170429605249563,1.4645707894316093,-0.7901605885424068,-0.34932359918387046,-1.5215781281288188,-0.19379456778184626,0.9473521873374989,-1.2222052994528767,0.7853966046998286,-0.6003494338662121,-0.14346328599353247,-0.30229719129888377,-2.0232741280792776,-1.341252882564621,-0.3901139575244928
-0.46775506692092567,-0.5626473359565062,-1.2198188835201833,-0.9296856755768558,2.6237271575438554,-1.5215781281288188,-0.19379456778184626,1.0157344807415505,-1.2222052994528767,0.7853966046998286,-0.39452922137469104,-0.1295389451252057,-0.20550472104443746,-1.8916289072227335,-0.3944387396923418,-1.0699801689443706
0.18877122758494408,-0.6092087737750971,-1.2357973934782296,-1.1199471578965592,-0.11705400881451687,-1.5215781281288188,-0.19379456778184626,1.0157344807415505,-1.2222052994528767,0.7853966046998286,-0.3048866325575703,-0.2639449601196778,-0.38254212265557264,-0.466983796604873,-0.5827156422476588,-1.7744159956361887
